Question,Correct_Answer,Wrong_Answer_1,Wrong_Answer_2,Wrong_Answer_3,Key_Learning_Point,Reference_Link
[NY-REG-100] An auto insured residing in New York City is involved in an accident. What is the minimum mandatory split bodily injury liability limit per person required by NY State?,"$25,000","$15,000","$50,000","$10,000","New York vehicle law mandates absolute minimum split limits of 25/50/10. $25,000 is the minimum limit for bodily injury per person.",https://www.dfs.ny.gov/
"[NY-REG-101] A pedestrian is struck by an auto driver in Buffalo. Under New York No-Fault Insurance laws, what is the standard maximum basic Personal Injury Protection (PIP) benefit limit package?","$50,000","$25,000","$100,000","$10,000","New York's Comprehensive Motor Vehicle Insurance Reparations Act establishes a basic PIP limit of $50,000 per person.",https://www.dfs.ny.gov/
[NY-REG-102] An agent in Rochester is preparing for their Property and Casualty license. How many hours of pre-licensing classroom education are legally required by the NYS Department of Financial Services (DFS)?,90 hours,40 hours,60 hours,120 hours,NYS DFS regulations require a minimum of 90 hours of approved pre-licensing education for a Property & Casualty agent license.,https://www.dfs.ny.gov/
[NY-REG-103] A consumer in Yonkers files a formal complaint with the NYS DFS. Within how many days must an authorized insurer provide a substantive response to an inquiry from the Superintendent?,15 business days,10 business days,30 calendar days,45 calendar days,"According to NY Regulation 64, insurers must respond to department inquiries within 15 business days from receipt.",https://www.dfs.ny.gov/
"[NY-REG-104] Under NY insurance law, an auto liability policy must provide a minimum property damage liability coverage limit of how much per accident for an incident occurring near Syracuse?","$10,000","$5,000","$25,000","$50,000","The third component of the mandatory NY 25/50/10 split is $10,000 for property damage liability per accident.",https://www.dfs.ny.gov/
[NY-REG-105] An auto insured residing in Albany is involved in an accident. What is the minimum mandatory split bodily injury liability limit per person required by NY State?,"$25,000","$15,000","$50,000","$10,000","New York vehicle law mandates absolute minimum split limits of 25/50/10. $25,000 is the minimum limit for bodily injury per person.",https://www.dfs.ny.gov/
"[NY-REG-106] A pedestrian is struck by an auto driver in Long Island. Under New York No-Fault Insurance laws, what is the standard maximum basic Personal Injury Protection (PIP) benefit limit package?","$50,000","$25,000","$100,000","$10,000","New York's Comprehensive Motor Vehicle Insurance Reparations Act establishes a basic PIP limit of $50,000 per person.",https://www.dfs.ny.gov/
[NY-REG-107] An agent in Westchester is preparing for their Property and Casualty license. How many hours of pre-licensing classroom education are legally required by the NYS Department of Financial Services (DFS)?,90 hours,40 hours,60 hours,120 hours,NYS DFS regulations require a minimum of 90 hours of approved pre-licensing education for a Property & Casualty agent license.,https://www.dfs.ny.gov/
[NY-REG-108] A consumer in New York City files a formal complaint with the NYS DFS. Within how many days must an authorized insurer provide a substantive response to an inquiry from the Superintendent?,15 business days,10 business days,30 calendar days,45 calendar days,"According to NY Regulation 64, insurers must respond to department inquiries within 15 business days from receipt.",https://www.dfs.ny.gov/
"[NY-REG-109] Under NY insurance law, an auto liability policy must provide a minimum property damage liability coverage limit of how much per accident for an incident occurring near Buffalo?","$10,000","$5,000","$25,000","$50,000","The third component of the mandatory NY 25/50/10 split is $10,000 for property damage liability per accident.",https://www.dfs.ny.gov/
[NY-REG-110] An auto insured residing in Rochester is involved in an accident. What is the minimum mandatory split bodily injury liability limit per person required by NY State?,"$25,000","$15,000","$50,000","$10,000","New York vehicle law mandates absolute minimum split limits of 25/50/10. $25,000 is the minimum limit for bodily injury per person.",https://www.dfs.ny.gov/
"[NY-REG-111] A pedestrian is struck by an auto driver in Yonkers. Under New York No-Fault Insurance laws, what is the standard maximum basic Personal Injury Protection (PIP) benefit limit package?","$50,000","$25,000","$100,000","$10,000","New York's Comprehensive Motor Vehicle Insurance Reparations Act establishes a basic PIP limit of $50,000 per person.",https://www.dfs.ny.gov/
[NY-REG-112] An agent in Syracuse is preparing for their Property and Casualty license. How many hours of pre-licensing classroom education are legally required by the NYS Department of Financial Services (DFS)?,90 hours,40 hours,60 hours,120 hours,NYS DFS regulations require a minimum of 90 hours of approved pre-licensing education for a Property & Casualty agent license.,https://www.dfs.ny.gov/
[NY-REG-113] A consumer in Albany files a formal complaint with the NYS DFS. Within how many days must an authorized insurer provide a substantive response to an inquiry from the Superintendent?,15 business days,10 business days,30 calendar days,45 calendar days,"According to NY Regulation 64, insurers must respond to department inquiries within 15 business days from receipt.",https://www.dfs.ny.gov/
"[NY-REG-114] Under NY insurance law, an auto liability policy must provide a minimum property damage liability coverage limit of how much per accident for an incident occurring near Long Island?","$10,000","$5,000","$25,000","$50,000","The third component of the mandatory NY 25/50/10 split is $10,000 for property damage liability per accident.",https://www.dfs.ny.gov/
[NY-REG-115] An auto insured residing in Westchester is involved in an accident. What is the minimum mandatory split bodily injury liability limit per person required by NY State?,"$25,000","$15,000","$50,000","$10,000","New York vehicle law mandates absolute minimum split limits of 25/50/10. $25,000 is the minimum limit for bodily injury per person.",https://www.dfs.ny.gov/
"[NY-REG-116] A pedestrian is struck by an auto driver in New York City. Under New York No-Fault Insurance laws, what is the standard maximum basic Personal Injury Protection (PIP) benefit limit package?","$50,000","$25,000","$100,000","$10,000","New York's Comprehensive Motor Vehicle Insurance Reparations Act establishes a basic PIP limit of $50,000 per person.",https://www.dfs.ny.gov/
[NY-REG-117] An agent in Buffalo is preparing for their Property and Casualty license. How many hours of pre-licensing classroom education are legally required by the NYS Department of Financial Services (DFS)?,90 hours,40 hours,60 hours,120 hours,NYS DFS regulations require a minimum of 90 hours of approved pre-licensing education for a Property & Casualty agent license.,https://www.dfs.ny.gov/
[NY-REG-118] A consumer in Rochester files a formal complaint with the NYS DFS. Within how many days must an authorized insurer provide a substantive response to an inquiry from the Superintendent?,15 business days,10 business days,30 calendar days,45 calendar days,"According to NY Regulation 64, insurers must respond to department inquiries within 15 business days from receipt.",https://www.dfs.ny.gov/
"[NY-REG-119] Under NY insurance law, an auto liability policy must provide a minimum property damage liability coverage limit of how much per accident for an incident occurring near Yonkers?","$10,000","$5,000","$25,000","$50,000","The third component of the mandatory NY 25/50/10 split is $10,000 for property damage liability per accident.",https://www.dfs.ny.gov/
[NY-REG-120] An auto insured residing in Syracuse is involved in an accident. What is the minimum mandatory split bodily injury liability limit per person required by NY State?,"$25,000","$15,000","$50,000","$10,000","New York vehicle law mandates absolute minimum split limits of 25/50/10. $25,000 is the minimum limit for bodily injury per person.",https://www.dfs.ny.gov/
"[NY-REG-121] A pedestrian is struck by an auto driver in Albany. Under New York No-Fault Insurance laws, what is the standard maximum basic Personal Injury Protection (PIP) benefit limit package?","$50,000","$25,000","$100,000","$10,000","New York's Comprehensive Motor Vehicle Insurance Reparations Act establishes a basic PIP limit of $50,000 per person.",https://www.dfs.ny.gov/
[NY-REG-122] An agent in Long Island is preparing for their Property and Casualty license. How many hours of pre-licensing classroom education are legally required by the NYS Department of Financial Services (DFS)?,90 hours,40 hours,60 hours,120 hours,NYS DFS regulations require a minimum of 90 hours of approved pre-licensing education for a Property & Casualty agent license.,https://www.dfs.ny.gov/
[NY-REG-123] A consumer in Westchester files a formal complaint with the NYS DFS. Within how many days must an authorized insurer provide a substantive response to an inquiry from the Superintendent?,15 business days,10 business days,30 calendar days,45 calendar days,"According to NY Regulation 64, insurers must respond to department inquiries within 15 business days from receipt.",https://www.dfs.ny.gov/
"[NY-REG-124] Under NY insurance law, an auto liability policy must provide a minimum property damage liability coverage limit of how much per accident for an incident occurring near New York City?","$10,000","$5,000","$25,000","$50,000","The third component of the mandatory NY 25/50/10 split is $10,000 for property damage liability per accident.",https://www.dfs.ny.gov/
[NY-REG-125] An auto insured residing in Buffalo is involved in an accident. What is the minimum mandatory split bodily injury liability limit per person required by NY State?,"$25,000","$15,000","$50,000","$10,000","New York vehicle law mandates absolute minimum split limits of 25/50/10. $25,000 is the minimum limit for bodily injury per person.",https://www.dfs.ny.gov/
"[NY-REG-126] A pedestrian is struck by an auto driver in Rochester. Under New York No-Fault Insurance laws, what is the standard maximum basic Personal Injury Protection (PIP) benefit limit package?","$50,000","$25,000","$100,000","$10,000","New York's Comprehensive Motor Vehicle Insurance Reparations Act establishes a basic PIP limit of $50,000 per person.",https://www.dfs.ny.gov/
[NY-REG-127] An agent in Yonkers is preparing for their Property and Casualty license. How many hours of pre-licensing classroom education are legally required by the NYS Department of Financial Services (DFS)?,90 hours,40 hours,60 hours,120 hours,NYS DFS regulations require a minimum of 90 hours of approved pre-licensing education for a Property & Casualty agent license.,https://www.dfs.ny.gov/
[NY-REG-128] A consumer in Syracuse files a formal complaint with the NYS DFS. Within how many days must an authorized insurer provide a substantive response to an inquiry from the Superintendent?,15 business days,10 business days,30 calendar days,45 calendar days,"According to NY Regulation 64, insurers must respond to department inquiries within 15 business days from receipt.",https://www.dfs.ny.gov/
"[NY-REG-129] Under NY insurance law, an auto liability policy must provide a minimum property damage liability coverage limit of how much per accident for an incident occurring near Albany?","$10,000","$5,000","$25,000","$50,000","The third component of the mandatory NY 25/50/10 split is $10,000 for property damage liability per accident.",https://www.dfs.ny.gov/
[NY-REG-130] An auto insured residing in Long Island is involved in an accident. What is the minimum mandatory split bodily injury liability limit per person required by NY State?,"$25,000","$15,000","$50,000","$10,000","New York vehicle law mandates absolute minimum split limits of 25/50/10. $25,000 is the minimum limit for bodily injury per person.",https://www.dfs.ny.gov/
"[NY-REG-131] A pedestrian is struck by an auto driver in Westchester. Under New York No-Fault Insurance laws, what is the standard maximum basic Personal Injury Protection (PIP) benefit limit package?","$50,000","$25,000","$100,000","$10,000","New York's Comprehensive Motor Vehicle Insurance Reparations Act establishes a basic PIP limit of $50,000 per person.",https://www.dfs.ny.gov/
[NY-REG-132] An agent in New York City is preparing for their Property and Casualty license. How many hours of pre-licensing classroom education are legally required by the NYS Department of Financial Services (DFS)?,90 hours,40 hours,60 hours,120 hours,NYS DFS regulations require a minimum of 90 hours of approved pre-licensing education for a Property & Casualty agent license.,https://www.dfs.ny.gov/
[NY-REG-133] A consumer in Buffalo files a formal complaint with the NYS DFS. Within how many days must an authorized insurer provide a substantive response to an inquiry from the Superintendent?,15 business days,10 business days,30 calendar days,45 calendar days,"According to NY Regulation 64, insurers must respond to department inquiries within 15 business days from receipt.",https://www.dfs.ny.gov/
"[NY-REG-134] Under NY insurance law, an auto liability policy must provide a minimum property damage liability coverage limit of how much per accident for an incident occurring near Rochester?","$10,000","$5,000","$25,000","$50,000","The third component of the mandatory NY 25/50/10 split is $10,000 for property damage liability per accident.",https://www.dfs.ny.gov/
[NY-REG-135] An auto insured residing in Yonkers is involved in an accident. What is the minimum mandatory split bodily injury liability limit per person required by NY State?,"$25,000","$15,000","$50,000","$10,000","New York vehicle law mandates absolute minimum split limits of 25/50/10. $25,000 is the minimum limit for bodily injury per person.",https://www.dfs.ny.gov/
"[NY-REG-136] A pedestrian is struck by an auto driver in Syracuse. Under New York No-Fault Insurance laws, what is the standard maximum basic Personal Injury Protection (PIP) benefit limit package?","$50,000","$25,000","$100,000","$10,000","New York's Comprehensive Motor Vehicle Insurance Reparations Act establishes a basic PIP limit of $50,000 per person.",https://www.dfs.ny.gov/
[NY-REG-137] An agent in Albany is preparing for their Property and Casualty license. How many hours of pre-licensing classroom education are legally required by the NYS Department of Financial Services (DFS)?,90 hours,40 hours,60 hours,120 hours,NYS DFS regulations require a minimum of 90 hours of approved pre-licensing education for a Property & Casualty agent license.,https://www.dfs.ny.gov/
[NY-REG-138] A consumer in Long Island files a formal complaint with the NYS DFS. Within how many days must an authorized insurer provide a substantive response to an inquiry from the Superintendent?,15 business days,10 business days,30 calendar days,45 calendar days,"According to NY Regulation 64, insurers must respond to department inquiries within 15 business days from receipt.",https://www.dfs.ny.gov/
"[NY-REG-139] Under NY insurance law, an auto liability policy must provide a minimum property damage liability coverage limit of how much per accident for an incident occurring near Westchester?","$10,000","$5,000","$25,000","$50,000","The third component of the mandatory NY 25/50/10 split is $10,000 for property damage liability per accident.",https://www.dfs.ny.gov/
[NY-REG-140] An auto insured residing in New York City is involved in an accident. What is the minimum mandatory split bodily injury liability limit per person required by NY State?,"$25,000","$15,000","$50,000","$10,000","New York vehicle law mandates absolute minimum split limits of 25/50/10. $25,000 is the minimum limit for bodily injury per person.",https://www.dfs.ny.gov/
"[NY-REG-141] A pedestrian is struck by an auto driver in Buffalo. Under New York No-Fault Insurance laws, what is the standard maximum basic Personal Injury Protection (PIP) benefit limit package?","$50,000","$25,000","$100,000","$10,000","New York's Comprehensive Motor Vehicle Insurance Reparations Act establishes a basic PIP limit of $50,000 per person.",https://www.dfs.ny.gov/
[NY-REG-142] An agent in Rochester is preparing for their Property and Casualty license. How many hours of pre-licensing classroom education are legally required by the NYS Department of Financial Services (DFS)?,90 hours,40 hours,60 hours,120 hours,NYS DFS regulations require a minimum of 90 hours of approved pre-licensing education for a Property & Casualty agent license.,https://www.dfs.ny.gov/
[NY-REG-143] A consumer in Yonkers files a formal complaint with the NYS DFS. Within how many days must an authorized insurer provide a substantive response to an inquiry from the Superintendent?,15 business days,10 business days,30 calendar days,45 calendar days,"According to NY Regulation 64, insurers must respond to department inquiries within 15 business days from receipt.",https://www.dfs.ny.gov/
"[NY-REG-144] Under NY insurance law, an auto liability policy must provide a minimum property damage liability coverage limit of how much per accident for an incident occurring near Syracuse?","$10,000","$5,000","$25,000","$50,000","The third component of the mandatory NY 25/50/10 split is $10,000 for property damage liability per accident.",https://www.dfs.ny.gov/
[NY-REG-145] An auto insured residing in Albany is involved in an accident. What is the minimum mandatory split bodily injury liability limit per person required by NY State?,"$25,000","$15,000","$50,000","$10,000","New York vehicle law mandates absolute minimum split limits of 25/50/10. $25,000 is the minimum limit for bodily injury per person.",https://www.dfs.ny.gov/
"[NY-REG-146] A pedestrian is struck by an auto driver in Long Island. Under New York No-Fault Insurance laws, what is the standard maximum basic Personal Injury Protection (PIP) benefit limit package?","$50,000","$25,000","$100,000","$10,000","New York's Comprehensive Motor Vehicle Insurance Reparations Act establishes a basic PIP limit of $50,000 per person.",https://www.dfs.ny.gov/
[NY-REG-147] An agent in Westchester is preparing for their Property and Casualty license. How many hours of pre-licensing classroom education are legally required by the NYS Department of Financial Services (DFS)?,90 hours,40 hours,60 hours,120 hours,NYS DFS regulations require a minimum of 90 hours of approved pre-licensing education for a Property & Casualty agent license.,https://www.dfs.ny.gov/
[NY-REG-148] A consumer in New York City files a formal complaint with the NYS DFS. Within how many days must an authorized insurer provide a substantive response to an inquiry from the Superintendent?,15 business days,10 business days,30 calendar days,45 calendar days,"According to NY Regulation 64, insurers must respond to department inquiries within 15 business days from receipt.",https://www.dfs.ny.gov/
"[NY-REG-149] Under NY insurance law, an auto liability policy must provide a minimum property damage liability coverage limit of how much per accident for an incident occurring near Buffalo?","$10,000","$5,000","$25,000","$50,000","The third component of the mandatory NY 25/50/10 split is $10,000 for property damage liability per accident.",https://www.dfs.ny.gov/
[NY-REG-150] An auto insured residing in Rochester is involved in an accident. What is the minimum mandatory split bodily injury liability limit per person required by NY State?,"$25,000","$15,000","$50,000","$10,000","New York vehicle law mandates absolute minimum split limits of 25/50/10. $25,000 is the minimum limit for bodily injury per person.",https://www.dfs.ny.gov/
"[NY-REG-151] A pedestrian is struck by an auto driver in Yonkers. Under New York No-Fault Insurance laws, what is the standard maximum basic Personal Injury Protection (PIP) benefit limit package?","$50,000","$25,000","$100,000","$10,000","New York's Comprehensive Motor Vehicle Insurance Reparations Act establishes a basic PIP limit of $50,000 per person.",https://www.dfs.ny.gov/
[NY-REG-152] An agent in Syracuse is preparing for their Property and Casualty license. How many hours of pre-licensing classroom education are legally required by the NYS Department of Financial Services (DFS)?,90 hours,40 hours,60 hours,120 hours,NYS DFS regulations require a minimum of 90 hours of approved pre-licensing education for a Property & Casualty agent license.,https://www.dfs.ny.gov/
[NY-REG-153] A consumer in Albany files a formal complaint with the NYS DFS. Within how many days must an authorized insurer provide a substantive response to an inquiry from the Superintendent?,15 business days,10 business days,30 calendar days,45 calendar days,"According to NY Regulation 64, insurers must respond to department inquiries within 15 business days from receipt.",https://www.dfs.ny.gov/
"[NY-REG-154] Under NY insurance law, an auto liability policy must provide a minimum property damage liability coverage limit of how much per accident for an incident occurring near Long Island?","$10,000","$5,000","$25,000","$50,000","The third component of the mandatory NY 25/50/10 split is $10,000 for property damage liability per accident.",https://www.dfs.ny.gov/
[NY-REG-155] An auto insured residing in Westchester is involved in an accident. What is the minimum mandatory split bodily injury liability limit per person required by NY State?,"$25,000","$15,000","$50,000","$10,000","New York vehicle law mandates absolute minimum split limits of 25/50/10. $25,000 is the minimum limit for bodily injury per person.",https://www.dfs.ny.gov/
"[NY-REG-156] A pedestrian is struck by an auto driver in New York City. Under New York No-Fault Insurance laws, what is the standard maximum basic Personal Injury Protection (PIP) benefit limit package?","$50,000","$25,000","$100,000","$10,000","New York's Comprehensive Motor Vehicle Insurance Reparations Act establishes a basic PIP limit of $50,000 per person.",https://www.dfs.ny.gov/
[NY-REG-157] An agent in Buffalo is preparing for their Property and Casualty license. How many hours of pre-licensing classroom education are legally required by the NYS Department of Financial Services (DFS)?,90 hours,40 hours,60 hours,120 hours,NYS DFS regulations require a minimum of 90 hours of approved pre-licensing education for a Property & Casualty agent license.,https://www.dfs.ny.gov/
[NY-REG-158] A consumer in Rochester files a formal complaint with the NYS DFS. Within how many days must an authorized insurer provide a substantive response to an inquiry from the Superintendent?,15 business days,10 business days,30 calendar days,45 calendar days,"According to NY Regulation 64, insurers must respond to department inquiries within 15 business days from receipt.",https://www.dfs.ny.gov/
"[NY-REG-159] Under NY insurance law, an auto liability policy must provide a minimum property damage liability coverage limit of how much per accident for an incident occurring near Yonkers?","$10,000","$5,000","$25,000","$50,000","The third component of the mandatory NY 25/50/10 split is $10,000 for property damage liability per accident.",https://www.dfs.ny.gov/
[NY-REG-160] An auto insured residing in Syracuse is involved in an accident. What is the minimum mandatory split bodily injury liability limit per person required by NY State?,"$25,000","$15,000","$50,000","$10,000","New York vehicle law mandates absolute minimum split limits of 25/50/10. $25,000 is the minimum limit for bodily injury per person.",https://www.dfs.ny.gov/
"[NY-REG-161] A pedestrian is struck by an auto driver in Albany. Under New York No-Fault Insurance laws, what is the standard maximum basic Personal Injury Protection (PIP) benefit limit package?","$50,000","$25,000","$100,000","$10,000","New York's Comprehensive Motor Vehicle Insurance Reparations Act establishes a basic PIP limit of $50,000 per person.",https://www.dfs.ny.gov/
[NY-REG-162] An agent in Long Island is preparing for their Property and Casualty license. How many hours of pre-licensing classroom education are legally required by the NYS Department of Financial Services (DFS)?,90 hours,40 hours,60 hours,120 hours,NYS DFS regulations require a minimum of 90 hours of approved pre-licensing education for a Property & Casualty agent license.,https://www.dfs.ny.gov/
[NY-REG-163] A consumer in Westchester files a formal complaint with the NYS DFS. Within how many days must an authorized insurer provide a substantive response to an inquiry from the Superintendent?,15 business days,10 business days,30 calendar days,45 calendar days,"According to NY Regulation 64, insurers must respond to department inquiries within 15 business days from receipt.",https://www.dfs.ny.gov/
"[NY-REG-164] Under NY insurance law, an auto liability policy must provide a minimum property damage liability coverage limit of how much per accident for an incident occurring near New York City?","$10,000","$5,000","$25,000","$50,000","The third component of the mandatory NY 25/50/10 split is $10,000 for property damage liability per accident.",https://www.dfs.ny.gov/
[NY-REG-165] An auto insured residing in Buffalo is involved in an accident. What is the minimum mandatory split bodily injury liability limit per person required by NY State?,"$25,000","$15,000","$50,000","$10,000","New York vehicle law mandates absolute minimum split limits of 25/50/10. $25,000 is the minimum limit for bodily injury per person.",https://www.dfs.ny.gov/
"[NY-REG-166] A pedestrian is struck by an auto driver in Rochester. Under New York No-Fault Insurance laws, what is the standard maximum basic Personal Injury Protection (PIP) benefit limit package?","$50,000","$25,000","$100,000","$10,000","New York's Comprehensive Motor Vehicle Insurance Reparations Act establishes a basic PIP limit of $50,000 per person.",https://www.dfs.ny.gov/
[NY-REG-167] An agent in Yonkers is preparing for their Property and Casualty license. How many hours of pre-licensing classroom education are legally required by the NYS Department of Financial Services (DFS)?,90 hours,40 hours,60 hours,120 hours,NYS DFS regulations require a minimum of 90 hours of approved pre-licensing education for a Property & Casualty agent license.,https://www.dfs.ny.gov/
[NY-REG-168] A consumer in Syracuse files a formal complaint with the NYS DFS. Within how many days must an authorized insurer provide a substantive response to an inquiry from the Superintendent?,15 business days,10 business days,30 calendar days,45 calendar days,"According to NY Regulation 64, insurers must respond to department inquiries within 15 business days from receipt.",https://www.dfs.ny.gov/
"[NY-REG-169] Under NY insurance law, an auto liability policy must provide a minimum property damage liability coverage limit of how much per accident for an incident occurring near Albany?","$10,000","$5,000","$25,000","$50,000","The third component of the mandatory NY 25/50/10 split is $10,000 for property damage liability per accident.",https://www.dfs.ny.gov/
[NY-REG-170] An auto insured residing in Long Island is involved in an accident. What is the minimum mandatory split bodily injury liability limit per person required by NY State?,"$25,000","$15,000","$50,000","$10,000","New York vehicle law mandates absolute minimum split limits of 25/50/10. $25,000 is the minimum limit for bodily injury per person.",https://www.dfs.ny.gov/
"[NY-REG-171] A pedestrian is struck by an auto driver in Westchester. Under New York No-Fault Insurance laws, what is the standard maximum basic Personal Injury Protection (PIP) benefit limit package?","$50,000","$25,000","$100,000","$10,000","New York's Comprehensive Motor Vehicle Insurance Reparations Act establishes a basic PIP limit of $50,000 per person.",https://www.dfs.ny.gov/
[NY-REG-172] An agent in New York City is preparing for their Property and Casualty license. How many hours of pre-licensing classroom education are legally required by the NYS Department of Financial Services (DFS)?,90 hours,40 hours,60 hours,120 hours,NYS DFS regulations require a minimum of 90 hours of approved pre-licensing education for a Property & Casualty agent license.,https://www.dfs.ny.gov/
[NY-REG-173] A consumer in Buffalo files a formal complaint with the NYS DFS. Within how many days must an authorized insurer provide a substantive response to an inquiry from the Superintendent?,15 business days,10 business days,30 calendar days,45 calendar days,"According to NY Regulation 64, insurers must respond to department inquiries within 15 business days from receipt.",https://www.dfs.ny.gov/
"[NY-REG-174] Under NY insurance law, an auto liability policy must provide a minimum property damage liability coverage limit of how much per accident for an incident occurring near Rochester?","$10,000","$5,000","$25,000","$50,000","The third component of the mandatory NY 25/50/10 split is $10,000 for property damage liability per accident.",https://www.dfs.ny.gov/
[NY-REG-175] An auto insured residing in Yonkers is involved in an accident. What is the minimum mandatory split bodily injury liability limit per person required by NY State?,"$25,000","$15,000","$50,000","$10,000","New York vehicle law mandates absolute minimum split limits of 25/50/10. $25,000 is the minimum limit for bodily injury per person.",https://www.dfs.ny.gov/
"[NY-REG-176] A pedestrian is struck by an auto driver in Syracuse. Under New York No-Fault Insurance laws, what is the standard maximum basic Personal Injury Protection (PIP) benefit limit package?","$50,000","$25,000","$100,000","$10,000","New York's Comprehensive Motor Vehicle Insurance Reparations Act establishes a basic PIP limit of $50,000 per person.",https://www.dfs.ny.gov/
[NY-REG-177] An agent in Albany is preparing for their Property and Casualty license. How many hours of pre-licensing classroom education are legally required by the NYS Department of Financial Services (DFS)?,90 hours,40 hours,60 hours,120 hours,NYS DFS regulations require a minimum of 90 hours of approved pre-licensing education for a Property & Casualty agent license.,https://www.dfs.ny.gov/
[NY-REG-178] A consumer in Long Island files a formal complaint with the NYS DFS. Within how many days must an authorized insurer provide a substantive response to an inquiry from the Superintendent?,15 business days,10 business days,30 calendar days,45 calendar days,"According to NY Regulation 64, insurers must respond to department inquiries within 15 business days from receipt.",https://www.dfs.ny.gov/
"[NY-REG-179] Under NY insurance law, an auto liability policy must provide a minimum property damage liability coverage limit of how much per accident for an incident occurring near Westchester?","$10,000","$5,000","$25,000","$50,000","The third component of the mandatory NY 25/50/10 split is $10,000 for property damage liability per accident.",https://www.dfs.ny.gov/
[NY-REG-180] An auto insured residing in New York City is involved in an accident. What is the minimum mandatory split bodily injury liability limit per person required by NY State?,"$25,000","$15,000","$50,000","$10,000","New York vehicle law mandates absolute minimum split limits of 25/50/10. $25,000 is the minimum limit for bodily injury per person.",https://www.dfs.ny.gov/
"[NY-REG-181] A pedestrian is struck by an auto driver in Buffalo. Under New York No-Fault Insurance laws, what is the standard maximum basic Personal Injury Protection (PIP) benefit limit package?","$50,000","$25,000","$100,000","$10,000","New York's Comprehensive Motor Vehicle Insurance Reparations Act establishes a basic PIP limit of $50,000 per person.",https://www.dfs.ny.gov/
[NY-REG-182] An agent in Rochester is preparing for their Property and Casualty license. How many hours of pre-licensing classroom education are legally required by the NYS Department of Financial Services (DFS)?,90 hours,40 hours,60 hours,120 hours,NYS DFS regulations require a minimum of 90 hours of approved pre-licensing education for a Property & Casualty agent license.,https://www.dfs.ny.gov/
[NY-REG-183] A consumer in Yonkers files a formal complaint with the NYS DFS. Within how many days must an authorized insurer provide a substantive response to an inquiry from the Superintendent?,15 business days,10 business days,30 calendar days,45 calendar days,"According to NY Regulation 64, insurers must respond to department inquiries within 15 business days from receipt.",https://www.dfs.ny.gov/
"[NY-REG-184] Under NY insurance law, an auto liability policy must provide a minimum property damage liability coverage limit of how much per accident for an incident occurring near Syracuse?","$10,000","$5,000","$25,000","$50,000","The third component of the mandatory NY 25/50/10 split is $10,000 for property damage liability per accident.",https://www.dfs.ny.gov/
[NY-REG-185] An auto insured residing in Albany is involved in an accident. What is the minimum mandatory split bodily injury liability limit per person required by NY State?,"$25,000","$15,000","$50,000","$10,000","New York vehicle law mandates absolute minimum split limits of 25/50/10. $25,000 is the minimum limit for bodily injury per person.",https://www.dfs.ny.gov/
"[NY-REG-186] A pedestrian is struck by an auto driver in Long Island. Under New York No-Fault Insurance laws, what is the standard maximum basic Personal Injury Protection (PIP) benefit limit package?","$50,000","$25,000","$100,000","$10,000","New York's Comprehensive Motor Vehicle Insurance Reparations Act establishes a basic PIP limit of $50,000 per person.",https://www.dfs.ny.gov/
[NY-REG-187] An agent in Westchester is preparing for their Property and Casualty license. How many hours of pre-licensing classroom education are legally required by the NYS Department of Financial Services (DFS)?,90 hours,40 hours,60 hours,120 hours,NYS DFS regulations require a minimum of 90 hours of approved pre-licensing education for a Property & Casualty agent license.,https://www.dfs.ny.gov/
[NY-REG-188] A consumer in New York City files a formal complaint with the NYS DFS. Within how many days must an authorized insurer provide a substantive response to an inquiry from the Superintendent?,15 business days,10 business days,30 calendar days,45 calendar days,"According to NY Regulation 64, insurers must respond to department inquiries within 15 business days from receipt.",https://www.dfs.ny.gov/
"[NY-REG-189] Under NY insurance law, an auto liability policy must provide a minimum property damage liability coverage limit of how much per accident for an incident occurring near Buffalo?","$10,000","$5,000","$25,000","$50,000","The third component of the mandatory NY 25/50/10 split is $10,000 for property damage liability per accident.",https://www.dfs.ny.gov/
[NY-REG-190] An auto insured residing in Rochester is involved in an accident. What is the minimum mandatory split bodily injury liability limit per person required by NY State?,"$25,000","$15,000","$50,000","$10,000","New York vehicle law mandates absolute minimum split limits of 25/50/10. $25,000 is the minimum limit for bodily injury per person.",https://www.dfs.ny.gov/
"[NY-REG-191] A pedestrian is struck by an auto driver in Yonkers. Under New York No-Fault Insurance laws, what is the standard maximum basic Personal Injury Protection (PIP) benefit limit package?","$50,000","$25,000","$100,000","$10,000","New York's Comprehensive Motor Vehicle Insurance Reparations Act establishes a basic PIP limit of $50,000 per person.",https://www.dfs.ny.gov/
[NY-REG-192] An agent in Syracuse is preparing for their Property and Casualty license. How many hours of pre-licensing classroom education are legally required by the NYS Department of Financial Services (DFS)?,90 hours,40 hours,60 hours,120 hours,NYS DFS regulations require a minimum of 90 hours of approved pre-licensing education for a Property & Casualty agent license.,https://www.dfs.ny.gov/
[NY-REG-193] A consumer in Albany files a formal complaint with the NYS DFS. Within how many days must an authorized insurer provide a substantive response to an inquiry from the Superintendent?,15 business days,10 business days,30 calendar days,45 calendar days,"According to NY Regulation 64, insurers must respond to department inquiries within 15 business days from receipt.",https://www.dfs.ny.gov/
"[NY-REG-194] Under NY insurance law, an auto liability policy must provide a minimum property damage liability coverage limit of how much per accident for an incident occurring near Long Island?","$10,000","$5,000","$25,000","$50,000","The third component of the mandatory NY 25/50/10 split is $10,000 for property damage liability per accident.",https://www.dfs.ny.gov/
[NY-REG-195] An auto insured residing in Westchester is involved in an accident. What is the minimum mandatory split bodily injury liability limit per person required by NY State?,"$25,000","$15,000","$50,000","$10,000","New York vehicle law mandates absolute minimum split limits of 25/50/10. $25,000 is the minimum limit for bodily injury per person.",https://www.dfs.ny.gov/
"[NY-REG-196] A pedestrian is struck by an auto driver in New York City. Under New York No-Fault Insurance laws, what is the standard maximum basic Personal Injury Protection (PIP) benefit limit package?","$50,000","$25,000","$100,000","$10,000","New York's Comprehensive Motor Vehicle Insurance Reparations Act establishes a basic PIP limit of $50,000 per person.",https://www.dfs.ny.gov/
[NY-REG-197] An agent in Buffalo is preparing for their Property and Casualty license. How many hours of pre-licensing classroom education are legally required by the NYS Department of Financial Services (DFS)?,90 hours,40 hours,60 hours,120 hours,NYS DFS regulations require a minimum of 90 hours of approved pre-licensing education for a Property & Casualty agent license.,https://www.dfs.ny.gov/
[NY-REG-198] A consumer in Rochester files a formal complaint with the NYS DFS. Within how many days must an authorized insurer provide a substantive response to an inquiry from the Superintendent?,15 business days,10 business days,30 calendar days,45 calendar days,"According to NY Regulation 64, insurers must respond to department inquiries within 15 business days from receipt.",https://www.dfs.ny.gov/
"[NY-REG-199] Under NY insurance law, an auto liability policy must provide a minimum property damage liability coverage limit of how much per accident for an incident occurring near Yonkers?","$10,000","$5,000","$25,000","$50,000","The third component of the mandatory NY 25/50/10 split is $10,000 for property damage liability per accident.",https://www.dfs.ny.gov/
[NY-REG-200] An auto insured residing in Syracuse is involved in an accident. What is the minimum mandatory split bodily injury liability limit per person required by NY State?,"$25,000","$15,000","$50,000","$10,000","New York vehicle law mandates absolute minimum split limits of 25/50/10. $25,000 is the minimum limit for bodily injury per person.",https://www.dfs.ny.gov/
"[NY-REG-201] A pedestrian is struck by an auto driver in Albany. Under New York No-Fault Insurance laws, what is the standard maximum basic Personal Injury Protection (PIP) benefit limit package?","$50,000","$25,000","$100,000","$10,000","New York's Comprehensive Motor Vehicle Insurance Reparations Act establishes a basic PIP limit of $50,000 per person.",https://www.dfs.ny.gov/
[NY-REG-202] An agent in Long Island is preparing for their Property and Casualty license. How many hours of pre-licensing classroom education are legally required by the NYS Department of Financial Services (DFS)?,90 hours,40 hours,60 hours,120 hours,NYS DFS regulations require a minimum of 90 hours of approved pre-licensing education for a Property & Casualty agent license.,https://www.dfs.ny.gov/
[NY-REG-203] A consumer in Westchester files a formal complaint with the NYS DFS. Within how many days must an authorized insurer provide a substantive response to an inquiry from the Superintendent?,15 business days,10 business days,30 calendar days,45 calendar days,"According to NY Regulation 64, insurers must respond to department inquiries within 15 business days from receipt.",https://www.dfs.ny.gov/
"[NY-REG-204] Under NY insurance law, an auto liability policy must provide a minimum property damage liability coverage limit of how much per accident for an incident occurring near New York City?","$10,000","$5,000","$25,000","$50,000","The third component of the mandatory NY 25/50/10 split is $10,000 for property damage liability per accident.",https://www.dfs.ny.gov/
[NY-REG-205] An auto insured residing in Buffalo is involved in an accident. What is the minimum mandatory split bodily injury liability limit per person required by NY State?,"$25,000","$15,000","$50,000","$10,000","New York vehicle law mandates absolute minimum split limits of 25/50/10. $25,000 is the minimum limit for bodily injury per person.",https://www.dfs.ny.gov/
"[NY-REG-206] A pedestrian is struck by an auto driver in Rochester. Under New York No-Fault Insurance laws, what is the standard maximum basic Personal Injury Protection (PIP) benefit limit package?","$50,000","$25,000","$100,000","$10,000","New York's Comprehensive Motor Vehicle Insurance Reparations Act establishes a basic PIP limit of $50,000 per person.",https://www.dfs.ny.gov/
[NY-REG-207] An agent in Yonkers is preparing for their Property and Casualty license. How many hours of pre-licensing classroom education are legally required by the NYS Department of Financial Services (DFS)?,90 hours,40 hours,60 hours,120 hours,NYS DFS regulations require a minimum of 90 hours of approved pre-licensing education for a Property & Casualty agent license.,https://www.dfs.ny.gov/
[NY-REG-208] A consumer in Syracuse files a formal complaint with the NYS DFS. Within how many days must an authorized insurer provide a substantive response to an inquiry from the Superintendent?,15 business days,10 business days,30 calendar days,45 calendar days,"According to NY Regulation 64, insurers must respond to department inquiries within 15 business days from receipt.",https://www.dfs.ny.gov/
"[NY-REG-209] Under NY insurance law, an auto liability policy must provide a minimum property damage liability coverage limit of how much per accident for an incident occurring near Albany?","$10,000","$5,000","$25,000","$50,000","The third component of the mandatory NY 25/50/10 split is $10,000 for property damage liability per accident.",https://www.dfs.ny.gov/
[NY-REG-210] An auto insured residing in Long Island is involved in an accident. What is the minimum mandatory split bodily injury liability limit per person required by NY State?,"$25,000","$15,000","$50,000","$10,000","New York vehicle law mandates absolute minimum split limits of 25/50/10. $25,000 is the minimum limit for bodily injury per person.",https://www.dfs.ny.gov/
"[NY-REG-211] A pedestrian is struck by an auto driver in Westchester. Under New York No-Fault Insurance laws, what is the standard maximum basic Personal Injury Protection (PIP) benefit limit package?","$50,000","$25,000","$100,000","$10,000","New York's Comprehensive Motor Vehicle Insurance Reparations Act establishes a basic PIP limit of $50,000 per person.",https://www.dfs.ny.gov/
[NY-REG-212] An agent in New York City is preparing for their Property and Casualty license. How many hours of pre-licensing classroom education are legally required by the NYS Department of Financial Services (DFS)?,90 hours,40 hours,60 hours,120 hours,NYS DFS regulations require a minimum of 90 hours of approved pre-licensing education for a Property & Casualty agent license.,https://www.dfs.ny.gov/
[NY-REG-213] A consumer in Buffalo files a formal complaint with the NYS DFS. Within how many days must an authorized insurer provide a substantive response to an inquiry from the Superintendent?,15 business days,10 business days,30 calendar days,45 calendar days,"According to NY Regulation 64, insurers must respond to department inquiries within 15 business days from receipt.",https://www.dfs.ny.gov/
"[NY-REG-214] Under NY insurance law, an auto liability policy must provide a minimum property damage liability coverage limit of how much per accident for an incident occurring near Rochester?","$10,000","$5,000","$25,000","$50,000","The third component of the mandatory NY 25/50/10 split is $10,000 for property damage liability per accident.",https://www.dfs.ny.gov/
[NY-REG-215] An auto insured residing in Yonkers is involved in an accident. What is the minimum mandatory split bodily injury liability limit per person required by NY State?,"$25,000","$15,000","$50,000","$10,000","New York vehicle law mandates absolute minimum split limits of 25/50/10. $25,000 is the minimum limit for bodily injury per person.",https://www.dfs.ny.gov/
"[NY-REG-216] A pedestrian is struck by an auto driver in Syracuse. Under New York No-Fault Insurance laws, what is the standard maximum basic Personal Injury Protection (PIP) benefit limit package?","$50,000","$25,000","$100,000","$10,000","New York's Comprehensive Motor Vehicle Insurance Reparations Act establishes a basic PIP limit of $50,000 per person.",https://www.dfs.ny.gov/
[NY-REG-217] An agent in Albany is preparing for their Property and Casualty license. How many hours of pre-licensing classroom education are legally required by the NYS Department of Financial Services (DFS)?,90 hours,40 hours,60 hours,120 hours,NYS DFS regulations require a minimum of 90 hours of approved pre-licensing education for a Property & Casualty agent license.,https://www.dfs.ny.gov/
[NY-REG-218] A consumer in Long Island files a formal complaint with the NYS DFS. Within how many days must an authorized insurer provide a substantive response to an inquiry from the Superintendent?,15 business days,10 business days,30 calendar days,45 calendar days,"According to NY Regulation 64, insurers must respond to department inquiries within 15 business days from receipt.",https://www.dfs.ny.gov/
"[NY-REG-219] Under NY insurance law, an auto liability policy must provide a minimum property damage liability coverage limit of how much per accident for an incident occurring near Westchester?","$10,000","$5,000","$25,000","$50,000","The third component of the mandatory NY 25/50/10 split is $10,000 for property damage liability per accident.",https://www.dfs.ny.gov/
[NY-REG-220] An auto insured residing in New York City is involved in an accident. What is the minimum mandatory split bodily injury liability limit per person required by NY State?,"$25,000","$15,000","$50,000","$10,000","New York vehicle law mandates absolute minimum split limits of 25/50/10. $25,000 is the minimum limit for bodily injury per person.",https://www.dfs.ny.gov/
"[NY-REG-221] A pedestrian is struck by an auto driver in Buffalo. Under New York No-Fault Insurance laws, what is the standard maximum basic Personal Injury Protection (PIP) benefit limit package?","$50,000","$25,000","$100,000","$10,000","New York's Comprehensive Motor Vehicle Insurance Reparations Act establishes a basic PIP limit of $50,000 per person.",https://www.dfs.ny.gov/
[NY-REG-222] An agent in Rochester is preparing for their Property and Casualty license. How many hours of pre-licensing classroom education are legally required by the NYS Department of Financial Services (DFS)?,90 hours,40 hours,60 hours,120 hours,NYS DFS regulations require a minimum of 90 hours of approved pre-licensing education for a Property & Casualty agent license.,https://www.dfs.ny.gov/
[NY-REG-223] A consumer in Yonkers files a formal complaint with the NYS DFS. Within how many days must an authorized insurer provide a substantive response to an inquiry from the Superintendent?,15 business days,10 business days,30 calendar days,45 calendar days,"According to NY Regulation 64, insurers must respond to department inquiries within 15 business days from receipt.",https://www.dfs.ny.gov/
"[NY-REG-224] Under NY insurance law, an auto liability policy must provide a minimum property damage liability coverage limit of how much per accident for an incident occurring near Syracuse?","$10,000","$5,000","$25,000","$50,000","The third component of the mandatory NY 25/50/10 split is $10,000 for property damage liability per accident.",https://www.dfs.ny.gov/
[NY-REG-225] An auto insured residing in Albany is involved in an accident. What is the minimum mandatory split bodily injury liability limit per person required by NY State?,"$25,000","$15,000","$50,000","$10,000","New York vehicle law mandates absolute minimum split limits of 25/50/10. $25,000 is the minimum limit for bodily injury per person.",https://www.dfs.ny.gov/
"[NY-REG-226] A pedestrian is struck by an auto driver in Long Island. Under New York No-Fault Insurance laws, what is the standard maximum basic Personal Injury Protection (PIP) benefit limit package?","$50,000","$25,000","$100,000","$10,000","New York's Comprehensive Motor Vehicle Insurance Reparations Act establishes a basic PIP limit of $50,000 per person.",https://www.dfs.ny.gov/
[NY-REG-227] An agent in Westchester is preparing for their Property and Casualty license. How many hours of pre-licensing classroom education are legally required by the NYS Department of Financial Services (DFS)?,90 hours,40 hours,60 hours,120 hours,NYS DFS regulations require a minimum of 90 hours of approved pre-licensing education for a Property & Casualty agent license.,https://www.dfs.ny.gov/
[NY-REG-228] A consumer in New York City files a formal complaint with the NYS DFS. Within how many days must an authorized insurer provide a substantive response to an inquiry from the Superintendent?,15 business days,10 business days,30 calendar days,45 calendar days,"According to NY Regulation 64, insurers must respond to department inquiries within 15 business days from receipt.",https://www.dfs.ny.gov/
"[NY-REG-229] Under NY insurance law, an auto liability policy must provide a minimum property damage liability coverage limit of how much per accident for an incident occurring near Buffalo?","$10,000","$5,000","$25,000","$50,000","The third component of the mandatory NY 25/50/10 split is $10,000 for property damage liability per accident.",https://www.dfs.ny.gov/
[NY-REG-230] An auto insured residing in Rochester is involved in an accident. What is the minimum mandatory split bodily injury liability limit per person required by NY State?,"$25,000","$15,000","$50,000","$10,000","New York vehicle law mandates absolute minimum split limits of 25/50/10. $25,000 is the minimum limit for bodily injury per person.",https://www.dfs.ny.gov/
"[NY-REG-231] A pedestrian is struck by an auto driver in Yonkers. Under New York No-Fault Insurance laws, what is the standard maximum basic Personal Injury Protection (PIP) benefit limit package?","$50,000","$25,000","$100,000","$10,000","New York's Comprehensive Motor Vehicle Insurance Reparations Act establishes a basic PIP limit of $50,000 per person.",https://www.dfs.ny.gov/
[NY-REG-232] An agent in Syracuse is preparing for their Property and Casualty license. How many hours of pre-licensing classroom education are legally required by the NYS Department of Financial Services (DFS)?,90 hours,40 hours,60 hours,120 hours,NYS DFS regulations require a minimum of 90 hours of approved pre-licensing education for a Property & Casualty agent license.,https://www.dfs.ny.gov/
[NY-REG-233] A consumer in Albany files a formal complaint with the NYS DFS. Within how many days must an authorized insurer provide a substantive response to an inquiry from the Superintendent?,15 business days,10 business days,30 calendar days,45 calendar days,"According to NY Regulation 64, insurers must respond to department inquiries within 15 business days from receipt.",https://www.dfs.ny.gov/
"[NY-REG-234] Under NY insurance law, an auto liability policy must provide a minimum property damage liability coverage limit of how much per accident for an incident occurring near Long Island?","$10,000","$5,000","$25,000","$50,000","The third component of the mandatory NY 25/50/10 split is $10,000 for property damage liability per accident.",https://www.dfs.ny.gov/
[NY-REG-235] An auto insured residing in Westchester is involved in an accident. What is the minimum mandatory split bodily injury liability limit per person required by NY State?,"$25,000","$15,000","$50,000","$10,000","New York vehicle law mandates absolute minimum split limits of 25/50/10. $25,000 is the minimum limit for bodily injury per person.",https://www.dfs.ny.gov/
"[NY-REG-236] A pedestrian is struck by an auto driver in New York City. Under New York No-Fault Insurance laws, what is the standard maximum basic Personal Injury Protection (PIP) benefit limit package?","$50,000","$25,000","$100,000","$10,000","New York's Comprehensive Motor Vehicle Insurance Reparations Act establishes a basic PIP limit of $50,000 per person.",https://www.dfs.ny.gov/
[NY-REG-237] An agent in Buffalo is preparing for their Property and Casualty license. How many hours of pre-licensing classroom education are legally required by the NYS Department of Financial Services (DFS)?,90 hours,40 hours,60 hours,120 hours,NYS DFS regulations require a minimum of 90 hours of approved pre-licensing education for a Property & Casualty agent license.,https://www.dfs.ny.gov/
[NY-REG-238] A consumer in Rochester files a formal complaint with the NYS DFS. Within how many days must an authorized insurer provide a substantive response to an inquiry from the Superintendent?,15 business days,10 business days,30 calendar days,45 calendar days,"According to NY Regulation 64, insurers must respond to department inquiries within 15 business days from receipt.",https://www.dfs.ny.gov/
"[NY-REG-239] Under NY insurance law, an auto liability policy must provide a minimum property damage liability coverage limit of how much per accident for an incident occurring near Yonkers?","$10,000","$5,000","$25,000","$50,000","The third component of the mandatory NY 25/50/10 split is $10,000 for property damage liability per accident.",https://www.dfs.ny.gov/
[NY-REG-240] An auto insured residing in Syracuse is involved in an accident. What is the minimum mandatory split bodily injury liability limit per person required by NY State?,"$25,000","$15,000","$50,000","$10,000","New York vehicle law mandates absolute minimum split limits of 25/50/10. $25,000 is the minimum limit for bodily injury per person.",https://www.dfs.ny.gov/
"[NY-REG-241] A pedestrian is struck by an auto driver in Albany. Under New York No-Fault Insurance laws, what is the standard maximum basic Personal Injury Protection (PIP) benefit limit package?","$50,000","$25,000","$100,000","$10,000","New York's Comprehensive Motor Vehicle Insurance Reparations Act establishes a basic PIP limit of $50,000 per person.",https://www.dfs.ny.gov/
[NY-REG-242] An agent in Long Island is preparing for their Property and Casualty license. How many hours of pre-licensing classroom education are legally required by the NYS Department of Financial Services (DFS)?,90 hours,40 hours,60 hours,120 hours,NYS DFS regulations require a minimum of 90 hours of approved pre-licensing education for a Property & Casualty agent license.,https://www.dfs.ny.gov/
[NY-REG-243] A consumer in Westchester files a formal complaint with the NYS DFS. Within how many days must an authorized insurer provide a substantive response to an inquiry from the Superintendent?,15 business days,10 business days,30 calendar days,45 calendar days,"According to NY Regulation 64, insurers must respond to department inquiries within 15 business days from receipt.",https://www.dfs.ny.gov/
"[NY-REG-244] Under NY insurance law, an auto liability policy must provide a minimum property damage liability coverage limit of how much per accident for an incident occurring near New York City?","$10,000","$5,000","$25,000","$50,000","The third component of the mandatory NY 25/50/10 split is $10,000 for property damage liability per accident.",https://www.dfs.ny.gov/
[NY-REG-245] An auto insured residing in Buffalo is involved in an accident. What is the minimum mandatory split bodily injury liability limit per person required by NY State?,"$25,000","$15,000","$50,000","$10,000","New York vehicle law mandates absolute minimum split limits of 25/50/10. $25,000 is the minimum limit for bodily injury per person.",https://www.dfs.ny.gov/
"[NY-REG-246] A pedestrian is struck by an auto driver in Rochester. Under New York No-Fault Insurance laws, what is the standard maximum basic Personal Injury Protection (PIP) benefit limit package?","$50,000","$25,000","$100,000","$10,000","New York's Comprehensive Motor Vehicle Insurance Reparations Act establishes a basic PIP limit of $50,000 per person.",https://www.dfs.ny.gov/
[NY-REG-247] An agent in Yonkers is preparing for their Property and Casualty license. How many hours of pre-licensing classroom education are legally required by the NYS Department of Financial Services (DFS)?,90 hours,40 hours,60 hours,120 hours,NYS DFS regulations require a minimum of 90 hours of approved pre-licensing education for a Property & Casualty agent license.,https://www.dfs.ny.gov/
[NY-REG-248] A consumer in Syracuse files a formal complaint with the NYS DFS. Within how many days must an authorized insurer provide a substantive response to an inquiry from the Superintendent?,15 business days,10 business days,30 calendar days,45 calendar days,"According to NY Regulation 64, insurers must respond to department inquiries within 15 business days from receipt.",https://www.dfs.ny.gov/
"[NY-REG-249] Under NY insurance law, an auto liability policy must provide a minimum property damage liability coverage limit of how much per accident for an incident occurring near Albany?","$10,000","$5,000","$25,000","$50,000","The third component of the mandatory NY 25/50/10 split is $10,000 for property damage liability per accident.",https://www.dfs.ny.gov/
[NY-REG-250] An auto insured residing in Long Island is involved in an accident. What is the minimum mandatory split bodily injury liability limit per person required by NY State?,"$25,000","$15,000","$50,000","$10,000","New York vehicle law mandates absolute minimum split limits of 25/50/10. $25,000 is the minimum limit for bodily injury per person.",https://www.dfs.ny.gov/
"[NY-REG-251] A pedestrian is struck by an auto driver in Westchester. Under New York No-Fault Insurance laws, what is the standard maximum basic Personal Injury Protection (PIP) benefit limit package?","$50,000","$25,000","$100,000","$10,000","New York's Comprehensive Motor Vehicle Insurance Reparations Act establishes a basic PIP limit of $50,000 per person.",https://www.dfs.ny.gov/
[NY-REG-252] An agent in New York City is preparing for their Property and Casualty license. How many hours of pre-licensing classroom education are legally required by the NYS Department of Financial Services (DFS)?,90 hours,40 hours,60 hours,120 hours,NYS DFS regulations require a minimum of 90 hours of approved pre-licensing education for a Property & Casualty agent license.,https://www.dfs.ny.gov/
[NY-REG-253] A consumer in Buffalo files a formal complaint with the NYS DFS. Within how many days must an authorized insurer provide a substantive response to an inquiry from the Superintendent?,15 business days,10 business days,30 calendar days,45 calendar days,"According to NY Regulation 64, insurers must respond to department inquiries within 15 business days from receipt.",https://www.dfs.ny.gov/
"[NY-REG-254] Under NY insurance law, an auto liability policy must provide a minimum property damage liability coverage limit of how much per accident for an incident occurring near Rochester?","$10,000","$5,000","$25,000","$50,000","The third component of the mandatory NY 25/50/10 split is $10,000 for property damage liability per accident.",https://www.dfs.ny.gov/
[NY-REG-255] An auto insured residing in Yonkers is involved in an accident. What is the minimum mandatory split bodily injury liability limit per person required by NY State?,"$25,000","$15,000","$50,000","$10,000","New York vehicle law mandates absolute minimum split limits of 25/50/10. $25,000 is the minimum limit for bodily injury per person.",https://www.dfs.ny.gov/
"[NY-REG-256] A pedestrian is struck by an auto driver in Syracuse. Under New York No-Fault Insurance laws, what is the standard maximum basic Personal Injury Protection (PIP) benefit limit package?","$50,000","$25,000","$100,000","$10,000","New York's Comprehensive Motor Vehicle Insurance Reparations Act establishes a basic PIP limit of $50,000 per person.",https://www.dfs.ny.gov/
[NY-REG-257] An agent in Albany is preparing for their Property and Casualty license. How many hours of pre-licensing classroom education are legally required by the NYS Department of Financial Services (DFS)?,90 hours,40 hours,60 hours,120 hours,NYS DFS regulations require a minimum of 90 hours of approved pre-licensing education for a Property & Casualty agent license.,https://www.dfs.ny.gov/
[NY-REG-258] A consumer in Long Island files a formal complaint with the NYS DFS. Within how many days must an authorized insurer provide a substantive response to an inquiry from the Superintendent?,15 business days,10 business days,30 calendar days,45 calendar days,"According to NY Regulation 64, insurers must respond to department inquiries within 15 business days from receipt.",https://www.dfs.ny.gov/
"[NY-REG-259] Under NY insurance law, an auto liability policy must provide a minimum property damage liability coverage limit of how much per accident for an incident occurring near Westchester?","$10,000","$5,000","$25,000","$50,000","The third component of the mandatory NY 25/50/10 split is $10,000 for property damage liability per accident.",https://www.dfs.ny.gov/
[NY-REG-260] An auto insured residing in New York City is involved in an accident. What is the minimum mandatory split bodily injury liability limit per person required by NY State?,"$25,000","$15,000","$50,000","$10,000","New York vehicle law mandates absolute minimum split limits of 25/50/10. $25,000 is the minimum limit for bodily injury per person.",https://www.dfs.ny.gov/
"[NY-REG-261] A pedestrian is struck by an auto driver in Buffalo. Under New York No-Fault Insurance laws, what is the standard maximum basic Personal Injury Protection (PIP) benefit limit package?","$50,000","$25,000","$100,000","$10,000","New York's Comprehensive Motor Vehicle Insurance Reparations Act establishes a basic PIP limit of $50,000 per person.",https://www.dfs.ny.gov/
[NY-REG-262] An agent in Rochester is preparing for their Property and Casualty license. How many hours of pre-licensing classroom education are legally required by the NYS Department of Financial Services (DFS)?,90 hours,40 hours,60 hours,120 hours,NYS DFS regulations require a minimum of 90 hours of approved pre-licensing education for a Property & Casualty agent license.,https://www.dfs.ny.gov/
[NY-REG-263] A consumer in Yonkers files a formal complaint with the NYS DFS. Within how many days must an authorized insurer provide a substantive response to an inquiry from the Superintendent?,15 business days,10 business days,30 calendar days,45 calendar days,"According to NY Regulation 64, insurers must respond to department inquiries within 15 business days from receipt.",https://www.dfs.ny.gov/
"[NY-REG-264] Under NY insurance law, an auto liability policy must provide a minimum property damage liability coverage limit of how much per accident for an incident occurring near Syracuse?","$10,000","$5,000","$25,000","$50,000","The third component of the mandatory NY 25/50/10 split is $10,000 for property damage liability per accident.",https://www.dfs.ny.gov/
[NY-REG-265] An auto insured residing in Albany is involved in an accident. What is the minimum mandatory split bodily injury liability limit per person required by NY State?,"$25,000","$15,000","$50,000","$10,000","New York vehicle law mandates absolute minimum split limits of 25/50/10. $25,000 is the minimum limit for bodily injury per person.",https://www.dfs.ny.gov/
"[NY-REG-266] A pedestrian is struck by an auto driver in Long Island. Under New York No-Fault Insurance laws, what is the standard maximum basic Personal Injury Protection (PIP) benefit limit package?","$50,000","$25,000","$100,000","$10,000","New York's Comprehensive Motor Vehicle Insurance Reparations Act establishes a basic PIP limit of $50,000 per person.",https://www.dfs.ny.gov/
[NY-REG-267] An agent in Westchester is preparing for their Property and Casualty license. How many hours of pre-licensing classroom education are legally required by the NYS Department of Financial Services (DFS)?,90 hours,40 hours,60 hours,120 hours,NYS DFS regulations require a minimum of 90 hours of approved pre-licensing education for a Property & Casualty agent license.,https://www.dfs.ny.gov/
[NY-REG-268] A consumer in New York City files a formal complaint with the NYS DFS. Within how many days must an authorized insurer provide a substantive response to an inquiry from the Superintendent?,15 business days,10 business days,30 calendar days,45 calendar days,"According to NY Regulation 64, insurers must respond to department inquiries within 15 business days from receipt.",https://www.dfs.ny.gov/
"[NY-REG-269] Under NY insurance law, an auto liability policy must provide a minimum property damage liability coverage limit of how much per accident for an incident occurring near Buffalo?","$10,000","$5,000","$25,000","$50,000","The third component of the mandatory NY 25/50/10 split is $10,000 for property damage liability per accident.",https://www.dfs.ny.gov/
[NY-REG-270] An auto insured residing in Rochester is involved in an accident. What is the minimum mandatory split bodily injury liability limit per person required by NY State?,"$25,000","$15,000","$50,000","$10,000","New York vehicle law mandates absolute minimum split limits of 25/50/10. $25,000 is the minimum limit for bodily injury per person.",https://www.dfs.ny.gov/
"[NY-REG-271] A pedestrian is struck by an auto driver in Yonkers. Under New York No-Fault Insurance laws, what is the standard maximum basic Personal Injury Protection (PIP) benefit limit package?","$50,000","$25,000","$100,000","$10,000","New York's Comprehensive Motor Vehicle Insurance Reparations Act establishes a basic PIP limit of $50,000 per person.",https://www.dfs.ny.gov/
[NY-REG-272] An agent in Syracuse is preparing for their Property and Casualty license. How many hours of pre-licensing classroom education are legally required by the NYS Department of Financial Services (DFS)?,90 hours,40 hours,60 hours,120 hours,NYS DFS regulations require a minimum of 90 hours of approved pre-licensing education for a Property & Casualty agent license.,https://www.dfs.ny.gov/
[NY-REG-273] A consumer in Albany files a formal complaint with the NYS DFS. Within how many days must an authorized insurer provide a substantive response to an inquiry from the Superintendent?,15 business days,10 business days,30 calendar days,45 calendar days,"According to NY Regulation 64, insurers must respond to department inquiries within 15 business days from receipt.",https://www.dfs.ny.gov/
"[NY-REG-274] Under NY insurance law, an auto liability policy must provide a minimum property damage liability coverage limit of how much per accident for an incident occurring near Long Island?","$10,000","$5,000","$25,000","$50,000","The third component of the mandatory NY 25/50/10 split is $10,000 for property damage liability per accident.",https://www.dfs.ny.gov/
[NY-REG-275] An auto insured residing in Westchester is involved in an accident. What is the minimum mandatory split bodily injury liability limit per person required by NY State?,"$25,000","$15,000","$50,000","$10,000","New York vehicle law mandates absolute minimum split limits of 25/50/10. $25,000 is the minimum limit for bodily injury per person.",https://www.dfs.ny.gov/
"[NY-REG-276] A pedestrian is struck by an auto driver in New York City. Under New York No-Fault Insurance laws, what is the standard maximum basic Personal Injury Protection (PIP) benefit limit package?","$50,000","$25,000","$100,000","$10,000","New York's Comprehensive Motor Vehicle Insurance Reparations Act establishes a basic PIP limit of $50,000 per person.",https://www.dfs.ny.gov/
[NY-REG-277] An agent in Buffalo is preparing for their Property and Casualty license. How many hours of pre-licensing classroom education are legally required by the NYS Department of Financial Services (DFS)?,90 hours,40 hours,60 hours,120 hours,NYS DFS regulations require a minimum of 90 hours of approved pre-licensing education for a Property & Casualty agent license.,https://www.dfs.ny.gov/
[NY-REG-278] A consumer in Rochester files a formal complaint with the NYS DFS. Within how many days must an authorized insurer provide a substantive response to an inquiry from the Superintendent?,15 business days,10 business days,30 calendar days,45 calendar days,"According to NY Regulation 64, insurers must respond to department inquiries within 15 business days from receipt.",https://www.dfs.ny.gov/
"[NY-REG-279] Under NY insurance law, an auto liability policy must provide a minimum property damage liability coverage limit of how much per accident for an incident occurring near Yonkers?","$10,000","$5,000","$25,000","$50,000","The third component of the mandatory NY 25/50/10 split is $10,000 for property damage liability per accident.",https://www.dfs.ny.gov/
[NY-REG-280] An auto insured residing in Syracuse is involved in an accident. What is the minimum mandatory split bodily injury liability limit per person required by NY State?,"$25,000","$15,000","$50,000","$10,000","New York vehicle law mandates absolute minimum split limits of 25/50/10. $25,000 is the minimum limit for bodily injury per person.",https://www.dfs.ny.gov/
"[NY-REG-281] A pedestrian is struck by an auto driver in Albany. Under New York No-Fault Insurance laws, what is the standard maximum basic Personal Injury Protection (PIP) benefit limit package?","$50,000","$25,000","$100,000","$10,000","New York's Comprehensive Motor Vehicle Insurance Reparations Act establishes a basic PIP limit of $50,000 per person.",https://www.dfs.ny.gov/
[NY-REG-282] An agent in Long Island is preparing for their Property and Casualty license. How many hours of pre-licensing classroom education are legally required by the NYS Department of Financial Services (DFS)?,90 hours,40 hours,60 hours,120 hours,NYS DFS regulations require a minimum of 90 hours of approved pre-licensing education for a Property & Casualty agent license.,https://www.dfs.ny.gov/
[NY-REG-283] A consumer in Westchester files a formal complaint with the NYS DFS. Within how many days must an authorized insurer provide a substantive response to an inquiry from the Superintendent?,15 business days,10 business days,30 calendar days,45 calendar days,"According to NY Regulation 64, insurers must respond to department inquiries within 15 business days from receipt.",https://www.dfs.ny.gov/
"[NY-REG-284] Under NY insurance law, an auto liability policy must provide a minimum property damage liability coverage limit of how much per accident for an incident occurring near New York City?","$10,000","$5,000","$25,000","$50,000","The third component of the mandatory NY 25/50/10 split is $10,000 for property damage liability per accident.",https://www.dfs.ny.gov/
[NY-REG-285] An auto insured residing in Buffalo is involved in an accident. What is the minimum mandatory split bodily injury liability limit per person required by NY State?,"$25,000","$15,000","$50,000","$10,000","New York vehicle law mandates absolute minimum split limits of 25/50/10. $25,000 is the minimum limit for bodily injury per person.",https://www.dfs.ny.gov/
"[NY-REG-286] A pedestrian is struck by an auto driver in Rochester. Under New York No-Fault Insurance laws, what is the standard maximum basic Personal Injury Protection (PIP) benefit limit package?","$50,000","$25,000","$100,000","$10,000","New York's Comprehensive Motor Vehicle Insurance Reparations Act establishes a basic PIP limit of $50,000 per person.",https://www.dfs.ny.gov/
[NY-REG-287] An agent in Yonkers is preparing for their Property and Casualty license. How many hours of pre-licensing classroom education are legally required by the NYS Department of Financial Services (DFS)?,90 hours,40 hours,60 hours,120 hours,NYS DFS regulations require a minimum of 90 hours of approved pre-licensing education for a Property & Casualty agent license.,https://www.dfs.ny.gov/
[NY-REG-288] A consumer in Syracuse files a formal complaint with the NYS DFS. Within how many days must an authorized insurer provide a substantive response to an inquiry from the Superintendent?,15 business days,10 business days,30 calendar days,45 calendar days,"According to NY Regulation 64, insurers must respond to department inquiries within 15 business days from receipt.",https://www.dfs.ny.gov/
"[NY-REG-289] Under NY insurance law, an auto liability policy must provide a minimum property damage liability coverage limit of how much per accident for an incident occurring near Albany?","$10,000","$5,000","$25,000","$50,000","The third component of the mandatory NY 25/50/10 split is $10,000 for property damage liability per accident.",https://www.dfs.ny.gov/
[NY-REG-290] An auto insured residing in Long Island is involved in an accident. What is the minimum mandatory split bodily injury liability limit per person required by NY State?,"$25,000","$15,000","$50,000","$10,000","New York vehicle law mandates absolute minimum split limits of 25/50/10. $25,000 is the minimum limit for bodily injury per person.",https://www.dfs.ny.gov/
"[NY-REG-291] A pedestrian is struck by an auto driver in Westchester. Under New York No-Fault Insurance laws, what is the standard maximum basic Personal Injury Protection (PIP) benefit limit package?","$50,000","$25,000","$100,000","$10,000","New York's Comprehensive Motor Vehicle Insurance Reparations Act establishes a basic PIP limit of $50,000 per person.",https://www.dfs.ny.gov/
[NY-REG-292] An agent in New York City is preparing for their Property and Casualty license. How many hours of pre-licensing classroom education are legally required by the NYS Department of Financial Services (DFS)?,90 hours,40 hours,60 hours,120 hours,NYS DFS regulations require a minimum of 90 hours of approved pre-licensing education for a Property & Casualty agent license.,https://www.dfs.ny.gov/
[NY-REG-293] A consumer in Buffalo files a formal complaint with the NYS DFS. Within how many days must an authorized insurer provide a substantive response to an inquiry from the Superintendent?,15 business days,10 business days,30 calendar days,45 calendar days,"According to NY Regulation 64, insurers must respond to department inquiries within 15 business days from receipt.",https://www.dfs.ny.gov/
"[NY-REG-294] Under NY insurance law, an auto liability policy must provide a minimum property damage liability coverage limit of how much per accident for an incident occurring near Rochester?","$10,000","$5,000","$25,000","$50,000","The third component of the mandatory NY 25/50/10 split is $10,000 for property damage liability per accident.",https://www.dfs.ny.gov/
[NY-REG-295] An auto insured residing in Yonkers is involved in an accident. What is the minimum mandatory split bodily injury liability limit per person required by NY State?,"$25,000","$15,000","$50,000","$10,000","New York vehicle law mandates absolute minimum split limits of 25/50/10. $25,000 is the minimum limit for bodily injury per person.",https://www.dfs.ny.gov/
"[NY-REG-296] A pedestrian is struck by an auto driver in Syracuse. Under New York No-Fault Insurance laws, what is the standard maximum basic Personal Injury Protection (PIP) benefit limit package?","$50,000","$25,000","$100,000","$10,000","New York's Comprehensive Motor Vehicle Insurance Reparations Act establishes a basic PIP limit of $50,000 per person.",https://www.dfs.ny.gov/
[NY-REG-297] An agent in Albany is preparing for their Property and Casualty license. How many hours of pre-licensing classroom education are legally required by the NYS Department of Financial Services (DFS)?,90 hours,40 hours,60 hours,120 hours,NYS DFS regulations require a minimum of 90 hours of approved pre-licensing education for a Property & Casualty agent license.,https://www.dfs.ny.gov/
[NY-REG-298] A consumer in Long Island files a formal complaint with the NYS DFS. Within how many days must an authorized insurer provide a substantive response to an inquiry from the Superintendent?,15 business days,10 business days,30 calendar days,45 calendar days,"According to NY Regulation 64, insurers must respond to department inquiries within 15 business days from receipt.",https://www.dfs.ny.gov/
"[NY-REG-299] Under NY insurance law, an auto liability policy must provide a minimum property damage liability coverage limit of how much per accident for an incident occurring near Westchester?","$10,000","$5,000","$25,000","$50,000","The third component of the mandatory NY 25/50/10 split is $10,000 for property damage liability per accident.",https://www.dfs.ny.gov/
[NY-REG-300] An auto insured residing in New York City is involved in an accident. What is the minimum mandatory split bodily injury liability limit per person required by NY State?,"$25,000","$15,000","$50,000","$10,000","New York vehicle law mandates absolute minimum split limits of 25/50/10. $25,000 is the minimum limit for bodily injury per person.",https://www.dfs.ny.gov/
"[NY-REG-301] A pedestrian is struck by an auto driver in Buffalo. Under New York No-Fault Insurance laws, what is the standard maximum basic Personal Injury Protection (PIP) benefit limit package?","$50,000","$25,000","$100,000","$10,000","New York's Comprehensive Motor Vehicle Insurance Reparations Act establishes a basic PIP limit of $50,000 per person.",https://www.dfs.ny.gov/
[NY-REG-302] An agent in Rochester is preparing for their Property and Casualty license. How many hours of pre-licensing classroom education are legally required by the NYS Department of Financial Services (DFS)?,90 hours,40 hours,60 hours,120 hours,NYS DFS regulations require a minimum of 90 hours of approved pre-licensing education for a Property & Casualty agent license.,https://www.dfs.ny.gov/
[NY-REG-303] A consumer in Yonkers files a formal complaint with the NYS DFS. Within how many days must an authorized insurer provide a substantive response to an inquiry from the Superintendent?,15 business days,10 business days,30 calendar days,45 calendar days,"According to NY Regulation 64, insurers must respond to department inquiries within 15 business days from receipt.",https://www.dfs.ny.gov/
"[NY-REG-304] Under NY insurance law, an auto liability policy must provide a minimum property damage liability coverage limit of how much per accident for an incident occurring near Syracuse?","$10,000","$5,000","$25,000","$50,000","The third component of the mandatory NY 25/50/10 split is $10,000 for property damage liability per accident.",https://www.dfs.ny.gov/
[NY-REG-305] An auto insured residing in Albany is involved in an accident. What is the minimum mandatory split bodily injury liability limit per person required by NY State?,"$25,000","$15,000","$50,000","$10,000","New York vehicle law mandates absolute minimum split limits of 25/50/10. $25,000 is the minimum limit for bodily injury per person.",https://www.dfs.ny.gov/
"[NY-REG-306] A pedestrian is struck by an auto driver in Long Island. Under New York No-Fault Insurance laws, what is the standard maximum basic Personal Injury Protection (PIP) benefit limit package?","$50,000","$25,000","$100,000","$10,000","New York's Comprehensive Motor Vehicle Insurance Reparations Act establishes a basic PIP limit of $50,000 per person.",https://www.dfs.ny.gov/
[NY-REG-307] An agent in Westchester is preparing for their Property and Casualty license. How many hours of pre-licensing classroom education are legally required by the NYS Department of Financial Services (DFS)?,90 hours,40 hours,60 hours,120 hours,NYS DFS regulations require a minimum of 90 hours of approved pre-licensing education for a Property & Casualty agent license.,https://www.dfs.ny.gov/
[NY-REG-308] A consumer in New York City files a formal complaint with the NYS DFS. Within how many days must an authorized insurer provide a substantive response to an inquiry from the Superintendent?,15 business days,10 business days,30 calendar days,45 calendar days,"According to NY Regulation 64, insurers must respond to department inquiries within 15 business days from receipt.",https://www.dfs.ny.gov/
"[NY-REG-309] Under NY insurance law, an auto liability policy must provide a minimum property damage liability coverage limit of how much per accident for an incident occurring near Buffalo?","$10,000","$5,000","$25,000","$50,000","The third component of the mandatory NY 25/50/10 split is $10,000 for property damage liability per accident.",https://www.dfs.ny.gov/
[NY-REG-310] An auto insured residing in Rochester is involved in an accident. What is the minimum mandatory split bodily injury liability limit per person required by NY State?,"$25,000","$15,000","$50,000","$10,000","New York vehicle law mandates absolute minimum split limits of 25/50/10. $25,000 is the minimum limit for bodily injury per person.",https://www.dfs.ny.gov/
"[NY-REG-311] A pedestrian is struck by an auto driver in Yonkers. Under New York No-Fault Insurance laws, what is the standard maximum basic Personal Injury Protection (PIP) benefit limit package?","$50,000","$25,000","$100,000","$10,000","New York's Comprehensive Motor Vehicle Insurance Reparations Act establishes a basic PIP limit of $50,000 per person.",https://www.dfs.ny.gov/
[NY-REG-312] An agent in Syracuse is preparing for their Property and Casualty license. How many hours of pre-licensing classroom education are legally required by the NYS Department of Financial Services (DFS)?,90 hours,40 hours,60 hours,120 hours,NYS DFS regulations require a minimum of 90 hours of approved pre-licensing education for a Property & Casualty agent license.,https://www.dfs.ny.gov/
[NY-REG-313] A consumer in Albany files a formal complaint with the NYS DFS. Within how many days must an authorized insurer provide a substantive response to an inquiry from the Superintendent?,15 business days,10 business days,30 calendar days,45 calendar days,"According to NY Regulation 64, insurers must respond to department inquiries within 15 business days from receipt.",https://www.dfs.ny.gov/
"[NY-REG-314] Under NY insurance law, an auto liability policy must provide a minimum property damage liability coverage limit of how much per accident for an incident occurring near Long Island?","$10,000","$5,000","$25,000","$50,000","The third component of the mandatory NY 25/50/10 split is $10,000 for property damage liability per accident.",https://www.dfs.ny.gov/
[NY-REG-315] An auto insured residing in Westchester is involved in an accident. What is the minimum mandatory split bodily injury liability limit per person required by NY State?,"$25,000","$15,000","$50,000","$10,000","New York vehicle law mandates absolute minimum split limits of 25/50/10. $25,000 is the minimum limit for bodily injury per person.",https://www.dfs.ny.gov/
"[NY-REG-316] A pedestrian is struck by an auto driver in New York City. Under New York No-Fault Insurance laws, what is the standard maximum basic Personal Injury Protection (PIP) benefit limit package?","$50,000","$25,000","$100,000","$10,000","New York's Comprehensive Motor Vehicle Insurance Reparations Act establishes a basic PIP limit of $50,000 per person.",https://www.dfs.ny.gov/
[NY-REG-317] An agent in Buffalo is preparing for their Property and Casualty license. How many hours of pre-licensing classroom education are legally required by the NYS Department of Financial Services (DFS)?,90 hours,40 hours,60 hours,120 hours,NYS DFS regulations require a minimum of 90 hours of approved pre-licensing education for a Property & Casualty agent license.,https://www.dfs.ny.gov/
[NY-REG-318] A consumer in Rochester files a formal complaint with the NYS DFS. Within how many days must an authorized insurer provide a substantive response to an inquiry from the Superintendent?,15 business days,10 business days,30 calendar days,45 calendar days,"According to NY Regulation 64, insurers must respond to department inquiries within 15 business days from receipt.",https://www.dfs.ny.gov/
"[NY-REG-319] Under NY insurance law, an auto liability policy must provide a minimum property damage liability coverage limit of how much per accident for an incident occurring near Yonkers?","$10,000","$5,000","$25,000","$50,000","The third component of the mandatory NY 25/50/10 split is $10,000 for property damage liability per accident.",https://www.dfs.ny.gov/
[NY-REG-320] An auto insured residing in Syracuse is involved in an accident. What is the minimum mandatory split bodily injury liability limit per person required by NY State?,"$25,000","$15,000","$50,000","$10,000","New York vehicle law mandates absolute minimum split limits of 25/50/10. $25,000 is the minimum limit for bodily injury per person.",https://www.dfs.ny.gov/
"[NY-REG-321] A pedestrian is struck by an auto driver in Albany. Under New York No-Fault Insurance laws, what is the standard maximum basic Personal Injury Protection (PIP) benefit limit package?","$50,000","$25,000","$100,000","$10,000","New York's Comprehensive Motor Vehicle Insurance Reparations Act establishes a basic PIP limit of $50,000 per person.",https://www.dfs.ny.gov/
[NY-REG-322] An agent in Long Island is preparing for their Property and Casualty license. How many hours of pre-licensing classroom education are legally required by the NYS Department of Financial Services (DFS)?,90 hours,40 hours,60 hours,120 hours,NYS DFS regulations require a minimum of 90 hours of approved pre-licensing education for a Property & Casualty agent license.,https://www.dfs.ny.gov/
[NY-REG-323] A consumer in Westchester files a formal complaint with the NYS DFS. Within how many days must an authorized insurer provide a substantive response to an inquiry from the Superintendent?,15 business days,10 business days,30 calendar days,45 calendar days,"According to NY Regulation 64, insurers must respond to department inquiries within 15 business days from receipt.",https://www.dfs.ny.gov/
"[NY-REG-324] Under NY insurance law, an auto liability policy must provide a minimum property damage liability coverage limit of how much per accident for an incident occurring near New York City?","$10,000","$5,000","$25,000","$50,000","The third component of the mandatory NY 25/50/10 split is $10,000 for property damage liability per accident.",https://www.dfs.ny.gov/
[NY-REG-325] An auto insured residing in Buffalo is involved in an accident. What is the minimum mandatory split bodily injury liability limit per person required by NY State?,"$25,000","$15,000","$50,000","$10,000","New York vehicle law mandates absolute minimum split limits of 25/50/10. $25,000 is the minimum limit for bodily injury per person.",https://www.dfs.ny.gov/
"[NY-REG-326] A pedestrian is struck by an auto driver in Rochester. Under New York No-Fault Insurance laws, what is the standard maximum basic Personal Injury Protection (PIP) benefit limit package?","$50,000","$25,000","$100,000","$10,000","New York's Comprehensive Motor Vehicle Insurance Reparations Act establishes a basic PIP limit of $50,000 per person.",https://www.dfs.ny.gov/
[NY-REG-327] An agent in Yonkers is preparing for their Property and Casualty license. How many hours of pre-licensing classroom education are legally required by the NYS Department of Financial Services (DFS)?,90 hours,40 hours,60 hours,120 hours,NYS DFS regulations require a minimum of 90 hours of approved pre-licensing education for a Property & Casualty agent license.,https://www.dfs.ny.gov/
[NY-REG-328] A consumer in Syracuse files a formal complaint with the NYS DFS. Within how many days must an authorized insurer provide a substantive response to an inquiry from the Superintendent?,15 business days,10 business days,30 calendar days,45 calendar days,"According to NY Regulation 64, insurers must respond to department inquiries within 15 business days from receipt.",https://www.dfs.ny.gov/
"[NY-REG-329] Under NY insurance law, an auto liability policy must provide a minimum property damage liability coverage limit of how much per accident for an incident occurring near Albany?","$10,000","$5,000","$25,000","$50,000","The third component of the mandatory NY 25/50/10 split is $10,000 for property damage liability per accident.",https://www.dfs.ny.gov/
[NY-REG-330] An auto insured residing in Long Island is involved in an accident. What is the minimum mandatory split bodily injury liability limit per person required by NY State?,"$25,000","$15,000","$50,000","$10,000","New York vehicle law mandates absolute minimum split limits of 25/50/10. $25,000 is the minimum limit for bodily injury per person.",https://www.dfs.ny.gov/
"[NY-REG-331] A pedestrian is struck by an auto driver in Westchester. Under New York No-Fault Insurance laws, what is the standard maximum basic Personal Injury Protection (PIP) benefit limit package?","$50,000","$25,000","$100,000","$10,000","New York's Comprehensive Motor Vehicle Insurance Reparations Act establishes a basic PIP limit of $50,000 per person.",https://www.dfs.ny.gov/
[NY-REG-332] An agent in New York City is preparing for their Property and Casualty license. How many hours of pre-licensing classroom education are legally required by the NYS Department of Financial Services (DFS)?,90 hours,40 hours,60 hours,120 hours,NYS DFS regulations require a minimum of 90 hours of approved pre-licensing education for a Property & Casualty agent license.,https://www.dfs.ny.gov/
[NY-REG-333] A consumer in Buffalo files a formal complaint with the NYS DFS. Within how many days must an authorized insurer provide a substantive response to an inquiry from the Superintendent?,15 business days,10 business days,30 calendar days,45 calendar days,"According to NY Regulation 64, insurers must respond to department inquiries within 15 business days from receipt.",https://www.dfs.ny.gov/
"[NY-REG-334] Under NY insurance law, an auto liability policy must provide a minimum property damage liability coverage limit of how much per accident for an incident occurring near Rochester?","$10,000","$5,000","$25,000","$50,000","The third component of the mandatory NY 25/50/10 split is $10,000 for property damage liability per accident.",https://www.dfs.ny.gov/
[NY-REG-335] An auto insured residing in Yonkers is involved in an accident. What is the minimum mandatory split bodily injury liability limit per person required by NY State?,"$25,000","$15,000","$50,000","$10,000","New York vehicle law mandates absolute minimum split limits of 25/50/10. $25,000 is the minimum limit for bodily injury per person.",https://www.dfs.ny.gov/
"[NY-REG-336] A pedestrian is struck by an auto driver in Syracuse. Under New York No-Fault Insurance laws, what is the standard maximum basic Personal Injury Protection (PIP) benefit limit package?","$50,000","$25,000","$100,000","$10,000","New York's Comprehensive Motor Vehicle Insurance Reparations Act establishes a basic PIP limit of $50,000 per person.",https://www.dfs.ny.gov/
[NY-REG-337] An agent in Albany is preparing for their Property and Casualty license. How many hours of pre-licensing classroom education are legally required by the NYS Department of Financial Services (DFS)?,90 hours,40 hours,60 hours,120 hours,NYS DFS regulations require a minimum of 90 hours of approved pre-licensing education for a Property & Casualty agent license.,https://www.dfs.ny.gov/
[NY-REG-338] A consumer in Long Island files a formal complaint with the NYS DFS. Within how many days must an authorized insurer provide a substantive response to an inquiry from the Superintendent?,15 business days,10 business days,30 calendar days,45 calendar days,"According to NY Regulation 64, insurers must respond to department inquiries within 15 business days from receipt.",https://www.dfs.ny.gov/
"[NY-REG-339] Under NY insurance law, an auto liability policy must provide a minimum property damage liability coverage limit of how much per accident for an incident occurring near Westchester?","$10,000","$5,000","$25,000","$50,000","The third component of the mandatory NY 25/50/10 split is $10,000 for property damage liability per accident.",https://www.dfs.ny.gov/
[NY-REG-340] An auto insured residing in New York City is involved in an accident. What is the minimum mandatory split bodily injury liability limit per person required by NY State?,"$25,000","$15,000","$50,000","$10,000","New York vehicle law mandates absolute minimum split limits of 25/50/10. $25,000 is the minimum limit for bodily injury per person.",https://www.dfs.ny.gov/
"[NY-REG-341] A pedestrian is struck by an auto driver in Buffalo. Under New York No-Fault Insurance laws, what is the standard maximum basic Personal Injury Protection (PIP) benefit limit package?","$50,000","$25,000","$100,000","$10,000","New York's Comprehensive Motor Vehicle Insurance Reparations Act establishes a basic PIP limit of $50,000 per person.",https://www.dfs.ny.gov/
[NY-REG-342] An agent in Rochester is preparing for their Property and Casualty license. How many hours of pre-licensing classroom education are legally required by the NYS Department of Financial Services (DFS)?,90 hours,40 hours,60 hours,120 hours,NYS DFS regulations require a minimum of 90 hours of approved pre-licensing education for a Property & Casualty agent license.,https://www.dfs.ny.gov/
[NY-REG-343] A consumer in Yonkers files a formal complaint with the NYS DFS. Within how many days must an authorized insurer provide a substantive response to an inquiry from the Superintendent?,15 business days,10 business days,30 calendar days,45 calendar days,"According to NY Regulation 64, insurers must respond to department inquiries within 15 business days from receipt.",https://www.dfs.ny.gov/
"[NY-REG-344] Under NY insurance law, an auto liability policy must provide a minimum property damage liability coverage limit of how much per accident for an incident occurring near Syracuse?","$10,000","$5,000","$25,000","$50,000","The third component of the mandatory NY 25/50/10 split is $10,000 for property damage liability per accident.",https://www.dfs.ny.gov/
[NY-REG-345] An auto insured residing in Albany is involved in an accident. What is the minimum mandatory split bodily injury liability limit per person required by NY State?,"$25,000","$15,000","$50,000","$10,000","New York vehicle law mandates absolute minimum split limits of 25/50/10. $25,000 is the minimum limit for bodily injury per person.",https://www.dfs.ny.gov/
"[NY-REG-346] A pedestrian is struck by an auto driver in Long Island. Under New York No-Fault Insurance laws, what is the standard maximum basic Personal Injury Protection (PIP) benefit limit package?","$50,000","$25,000","$100,000","$10,000","New York's Comprehensive Motor Vehicle Insurance Reparations Act establishes a basic PIP limit of $50,000 per person.",https://www.dfs.ny.gov/
[NY-REG-347] An agent in Westchester is preparing for their Property and Casualty license. How many hours of pre-licensing classroom education are legally required by the NYS Department of Financial Services (DFS)?,90 hours,40 hours,60 hours,120 hours,NYS DFS regulations require a minimum of 90 hours of approved pre-licensing education for a Property & Casualty agent license.,https://www.dfs.ny.gov/
[NY-REG-348] A consumer in New York City files a formal complaint with the NYS DFS. Within how many days must an authorized insurer provide a substantive response to an inquiry from the Superintendent?,15 business days,10 business days,30 calendar days,45 calendar days,"According to NY Regulation 64, insurers must respond to department inquiries within 15 business days from receipt.",https://www.dfs.ny.gov/
"[NY-REG-349] Under NY insurance law, an auto liability policy must provide a minimum property damage liability coverage limit of how much per accident for an incident occurring near Buffalo?","$10,000","$5,000","$25,000","$50,000","The third component of the mandatory NY 25/50/10 split is $10,000 for property damage liability per accident.",https://www.dfs.ny.gov/
"[COMM-LINE-100] A standard Businessowners Policy (BOP) is written for a retail storefront with a $50,000 structural limit. Which of the following is naturally built into a standard unendorsed BOP?",Business Income and Extra Expense,Professional Liability,Workers Compensation,Flood Insurance,"A standard BOP uniquely packages Property, General Liability, and Business Income/Extra Expense coverages automatically together.",https://www.webce.com/
"[COMM-LINE-101] A light manufacturing warehouse experiences a severe accidental fire leading to $10,000 in inventory damage. Under a Commercial Property policy with an 80% Coinsurance clause, the penalty applies if the limit falls below requirements. What is the purpose of Coinsurance?",To encourage insuring to value,To completely eliminate small deductibles,To share moral hazard directly,To provide automatic inflation guard adjustments,Coinsurance functions to incentivize the policyholder to insure their property to a high percentage of its actual replacement value.,https://www.webce.com/
"[COMM-LINE-102] A local bakery is insured under a Commercial Package Policy (CPP). Who possesses the sole legal right to request modifications, cancel the policy, or handle premium transactions?",First Named Insured,Any Named Insured,The Designated Lienholder,The Principal Risk Broker,Commercial policies assign administrative control exclusively to the First Named Insured to streamline policy operations.,https://www.webce.com/
"[COMM-LINE-103] A third-party visitor files a lawsuit against a dry cleaning facility alleging bodily injury. Under the Commercial General Liability (CGL) coverage structure, what does Coverage A address?",Bodily Injury and Property Damage Liability,Personal and Advertising Injury Liability,Medical Payments without regard to fault,Professional Errors and Omissions,CGL Coverage A safeguards against legal exposure stemming from third-party Bodily Injury (BI) and Property Damage (PD).,https://www.webce.com/
"[COMM-LINE-104] A boutique hotel suffers total operational interruption from a theft of inventory. Under the Business Income form, the 'Period of Restoration' for business income coverage begins how long after the direct physical loss occurs?",72 hours,Immediately,24 hours,7 days,The default Period of Restoration for Business Income coverage begins exactly 72 hours after the time of direct physical damage.,https://www.webce.com/
"[COMM-LINE-105] A standard Businessowners Policy (BOP) is written for a medical office clinic with a $50,000 structural limit. Which of the following is naturally built into a standard unendorsed BOP?",Business Income and Extra Expense,Professional Liability,Workers Compensation,Flood Insurance,"A standard BOP uniquely packages Property, General Liability, and Business Income/Extra Expense coverages automatically together.",https://www.webce.com/
"[COMM-LINE-106] A graphic design studio experiences a severe accidental fire leading to $10,000 in inventory damage. Under a Commercial Property policy with an 80% Coinsurance clause, the penalty applies if the limit falls below requirements. What is the purpose of Coinsurance?",To encourage insuring to value,To completely eliminate small deductibles,To share moral hazard directly,To provide automatic inflation guard adjustments,Coinsurance functions to incentivize the policyholder to insure their property to a high percentage of its actual replacement value.,https://www.webce.com/
"[COMM-LINE-107] A auto repair shop is insured under a Commercial Package Policy (CPP). Who possesses the sole legal right to request modifications, cancel the policy, or handle premium transactions?",First Named Insured,Any Named Insured,The Designated Lienholder,The Principal Risk Broker,Commercial policies assign administrative control exclusively to the First Named Insured to streamline policy operations.,https://www.webce.com/
"[COMM-LINE-108] A third-party visitor files a lawsuit against a retail storefront alleging bodily injury. Under the Commercial General Liability (CGL) coverage structure, what does Coverage A address?",Bodily Injury and Property Damage Liability,Personal and Advertising Injury Liability,Medical Payments without regard to fault,Professional Errors and Omissions,CGL Coverage A safeguards against legal exposure stemming from third-party Bodily Injury (BI) and Property Damage (PD).,https://www.webce.com/
"[COMM-LINE-109] A light manufacturing warehouse suffers total operational interruption from a theft of inventory. Under the Business Income form, the 'Period of Restoration' for business income coverage begins how long after the direct physical loss occurs?",72 hours,Immediately,24 hours,7 days,The default Period of Restoration for Business Income coverage begins exactly 72 hours after the time of direct physical damage.,https://www.webce.com/
"[COMM-LINE-110] A standard Businessowners Policy (BOP) is written for a local bakery with a $50,000 structural limit. Which of the following is naturally built into a standard unendorsed BOP?",Business Income and Extra Expense,Professional Liability,Workers Compensation,Flood Insurance,"A standard BOP uniquely packages Property, General Liability, and Business Income/Extra Expense coverages automatically together.",https://www.webce.com/
"[COMM-LINE-111] A dry cleaning facility experiences a severe accidental fire leading to $10,000 in inventory damage. Under a Commercial Property policy with an 80% Coinsurance clause, the penalty applies if the limit falls below requirements. What is the purpose of Coinsurance?",To encourage insuring to value,To completely eliminate small deductibles,To share moral hazard directly,To provide automatic inflation guard adjustments,Coinsurance functions to incentivize the policyholder to insure their property to a high percentage of its actual replacement value.,https://www.webce.com/
"[COMM-LINE-112] A boutique hotel is insured under a Commercial Package Policy (CPP). Who possesses the sole legal right to request modifications, cancel the policy, or handle premium transactions?",First Named Insured,Any Named Insured,The Designated Lienholder,The Principal Risk Broker,Commercial policies assign administrative control exclusively to the First Named Insured to streamline policy operations.,https://www.webce.com/
"[COMM-LINE-113] A third-party visitor files a lawsuit against a medical office clinic alleging bodily injury. Under the Commercial General Liability (CGL) coverage structure, what does Coverage A address?",Bodily Injury and Property Damage Liability,Personal and Advertising Injury Liability,Medical Payments without regard to fault,Professional Errors and Omissions,CGL Coverage A safeguards against legal exposure stemming from third-party Bodily Injury (BI) and Property Damage (PD).,https://www.webce.com/
"[COMM-LINE-114] A graphic design studio suffers total operational interruption from a theft of inventory. Under the Business Income form, the 'Period of Restoration' for business income coverage begins how long after the direct physical loss occurs?",72 hours,Immediately,24 hours,7 days,The default Period of Restoration for Business Income coverage begins exactly 72 hours after the time of direct physical damage.,https://www.webce.com/
"[COMM-LINE-115] A standard Businessowners Policy (BOP) is written for a auto repair shop with a $50,000 structural limit. Which of the following is naturally built into a standard unendorsed BOP?",Business Income and Extra Expense,Professional Liability,Workers Compensation,Flood Insurance,"A standard BOP uniquely packages Property, General Liability, and Business Income/Extra Expense coverages automatically together.",https://www.webce.com/
"[COMM-LINE-116] A retail storefront experiences a severe accidental fire leading to $10,000 in inventory damage. Under a Commercial Property policy with an 80% Coinsurance clause, the penalty applies if the limit falls below requirements. What is the purpose of Coinsurance?",To encourage insuring to value,To completely eliminate small deductibles,To share moral hazard directly,To provide automatic inflation guard adjustments,Coinsurance functions to incentivize the policyholder to insure their property to a high percentage of its actual replacement value.,https://www.webce.com/
"[COMM-LINE-117] A light manufacturing warehouse is insured under a Commercial Package Policy (CPP). Who possesses the sole legal right to request modifications, cancel the policy, or handle premium transactions?",First Named Insured,Any Named Insured,The Designated Lienholder,The Principal Risk Broker,Commercial policies assign administrative control exclusively to the First Named Insured to streamline policy operations.,https://www.webce.com/
"[COMM-LINE-118] A third-party visitor files a lawsuit against a local bakery alleging bodily injury. Under the Commercial General Liability (CGL) coverage structure, what does Coverage A address?",Bodily Injury and Property Damage Liability,Personal and Advertising Injury Liability,Medical Payments without regard to fault,Professional Errors and Omissions,CGL Coverage A safeguards against legal exposure stemming from third-party Bodily Injury (BI) and Property Damage (PD).,https://www.webce.com/
"[COMM-LINE-119] A dry cleaning facility suffers total operational interruption from a theft of inventory. Under the Business Income form, the 'Period of Restoration' for business income coverage begins how long after the direct physical loss occurs?",72 hours,Immediately,24 hours,7 days,The default Period of Restoration for Business Income coverage begins exactly 72 hours after the time of direct physical damage.,https://www.webce.com/
"[COMM-LINE-120] A standard Businessowners Policy (BOP) is written for a boutique hotel with a $50,000 structural limit. Which of the following is naturally built into a standard unendorsed BOP?",Business Income and Extra Expense,Professional Liability,Workers Compensation,Flood Insurance,"A standard BOP uniquely packages Property, General Liability, and Business Income/Extra Expense coverages automatically together.",https://www.webce.com/
"[COMM-LINE-121] A medical office clinic experiences a severe accidental fire leading to $10,000 in inventory damage. Under a Commercial Property policy with an 80% Coinsurance clause, the penalty applies if the limit falls below requirements. What is the purpose of Coinsurance?",To encourage insuring to value,To completely eliminate small deductibles,To share moral hazard directly,To provide automatic inflation guard adjustments,Coinsurance functions to incentivize the policyholder to insure their property to a high percentage of its actual replacement value.,https://www.webce.com/
"[COMM-LINE-122] A graphic design studio is insured under a Commercial Package Policy (CPP). Who possesses the sole legal right to request modifications, cancel the policy, or handle premium transactions?",First Named Insured,Any Named Insured,The Designated Lienholder,The Principal Risk Broker,Commercial policies assign administrative control exclusively to the First Named Insured to streamline policy operations.,https://www.webce.com/
"[COMM-LINE-123] A third-party visitor files a lawsuit against a auto repair shop alleging bodily injury. Under the Commercial General Liability (CGL) coverage structure, what does Coverage A address?",Bodily Injury and Property Damage Liability,Personal and Advertising Injury Liability,Medical Payments without regard to fault,Professional Errors and Omissions,CGL Coverage A safeguards against legal exposure stemming from third-party Bodily Injury (BI) and Property Damage (PD).,https://www.webce.com/
"[COMM-LINE-124] A retail storefront suffers total operational interruption from a theft of inventory. Under the Business Income form, the 'Period of Restoration' for business income coverage begins how long after the direct physical loss occurs?",72 hours,Immediately,24 hours,7 days,The default Period of Restoration for Business Income coverage begins exactly 72 hours after the time of direct physical damage.,https://www.webce.com/
"[COMM-LINE-125] A standard Businessowners Policy (BOP) is written for a light manufacturing warehouse with a $50,000 structural limit. Which of the following is naturally built into a standard unendorsed BOP?",Business Income and Extra Expense,Professional Liability,Workers Compensation,Flood Insurance,"A standard BOP uniquely packages Property, General Liability, and Business Income/Extra Expense coverages automatically together.",https://www.webce.com/
"[COMM-LINE-126] A local bakery experiences a severe accidental fire leading to $10,000 in inventory damage. Under a Commercial Property policy with an 80% Coinsurance clause, the penalty applies if the limit falls below requirements. What is the purpose of Coinsurance?",To encourage insuring to value,To completely eliminate small deductibles,To share moral hazard directly,To provide automatic inflation guard adjustments,Coinsurance functions to incentivize the policyholder to insure their property to a high percentage of its actual replacement value.,https://www.webce.com/
"[COMM-LINE-127] A dry cleaning facility is insured under a Commercial Package Policy (CPP). Who possesses the sole legal right to request modifications, cancel the policy, or handle premium transactions?",First Named Insured,Any Named Insured,The Designated Lienholder,The Principal Risk Broker,Commercial policies assign administrative control exclusively to the First Named Insured to streamline policy operations.,https://www.webce.com/
"[COMM-LINE-128] A third-party visitor files a lawsuit against a boutique hotel alleging bodily injury. Under the Commercial General Liability (CGL) coverage structure, what does Coverage A address?",Bodily Injury and Property Damage Liability,Personal and Advertising Injury Liability,Medical Payments without regard to fault,Professional Errors and Omissions,CGL Coverage A safeguards against legal exposure stemming from third-party Bodily Injury (BI) and Property Damage (PD).,https://www.webce.com/
"[COMM-LINE-129] A medical office clinic suffers total operational interruption from a theft of inventory. Under the Business Income form, the 'Period of Restoration' for business income coverage begins how long after the direct physical loss occurs?",72 hours,Immediately,24 hours,7 days,The default Period of Restoration for Business Income coverage begins exactly 72 hours after the time of direct physical damage.,https://www.webce.com/
"[COMM-LINE-130] A standard Businessowners Policy (BOP) is written for a graphic design studio with a $50,000 structural limit. Which of the following is naturally built into a standard unendorsed BOP?",Business Income and Extra Expense,Professional Liability,Workers Compensation,Flood Insurance,"A standard BOP uniquely packages Property, General Liability, and Business Income/Extra Expense coverages automatically together.",https://www.webce.com/
"[COMM-LINE-131] A auto repair shop experiences a severe accidental fire leading to $10,000 in inventory damage. Under a Commercial Property policy with an 80% Coinsurance clause, the penalty applies if the limit falls below requirements. What is the purpose of Coinsurance?",To encourage insuring to value,To completely eliminate small deductibles,To share moral hazard directly,To provide automatic inflation guard adjustments,Coinsurance functions to incentivize the policyholder to insure their property to a high percentage of its actual replacement value.,https://www.webce.com/
"[COMM-LINE-132] A retail storefront is insured under a Commercial Package Policy (CPP). Who possesses the sole legal right to request modifications, cancel the policy, or handle premium transactions?",First Named Insured,Any Named Insured,The Designated Lienholder,The Principal Risk Broker,Commercial policies assign administrative control exclusively to the First Named Insured to streamline policy operations.,https://www.webce.com/
"[COMM-LINE-133] A third-party visitor files a lawsuit against a light manufacturing warehouse alleging bodily injury. Under the Commercial General Liability (CGL) coverage structure, what does Coverage A address?",Bodily Injury and Property Damage Liability,Personal and Advertising Injury Liability,Medical Payments without regard to fault,Professional Errors and Omissions,CGL Coverage A safeguards against legal exposure stemming from third-party Bodily Injury (BI) and Property Damage (PD).,https://www.webce.com/
"[COMM-LINE-134] A local bakery suffers total operational interruption from a theft of inventory. Under the Business Income form, the 'Period of Restoration' for business income coverage begins how long after the direct physical loss occurs?",72 hours,Immediately,24 hours,7 days,The default Period of Restoration for Business Income coverage begins exactly 72 hours after the time of direct physical damage.,https://www.webce.com/
"[COMM-LINE-135] A standard Businessowners Policy (BOP) is written for a dry cleaning facility with a $50,000 structural limit. Which of the following is naturally built into a standard unendorsed BOP?",Business Income and Extra Expense,Professional Liability,Workers Compensation,Flood Insurance,"A standard BOP uniquely packages Property, General Liability, and Business Income/Extra Expense coverages automatically together.",https://www.webce.com/
"[COMM-LINE-136] A boutique hotel experiences a severe accidental fire leading to $10,000 in inventory damage. Under a Commercial Property policy with an 80% Coinsurance clause, the penalty applies if the limit falls below requirements. What is the purpose of Coinsurance?",To encourage insuring to value,To completely eliminate small deductibles,To share moral hazard directly,To provide automatic inflation guard adjustments,Coinsurance functions to incentivize the policyholder to insure their property to a high percentage of its actual replacement value.,https://www.webce.com/
"[COMM-LINE-137] A medical office clinic is insured under a Commercial Package Policy (CPP). Who possesses the sole legal right to request modifications, cancel the policy, or handle premium transactions?",First Named Insured,Any Named Insured,The Designated Lienholder,The Principal Risk Broker,Commercial policies assign administrative control exclusively to the First Named Insured to streamline policy operations.,https://www.webce.com/
"[COMM-LINE-138] A third-party visitor files a lawsuit against a graphic design studio alleging bodily injury. Under the Commercial General Liability (CGL) coverage structure, what does Coverage A address?",Bodily Injury and Property Damage Liability,Personal and Advertising Injury Liability,Medical Payments without regard to fault,Professional Errors and Omissions,CGL Coverage A safeguards against legal exposure stemming from third-party Bodily Injury (BI) and Property Damage (PD).,https://www.webce.com/
"[COMM-LINE-139] A auto repair shop suffers total operational interruption from a theft of inventory. Under the Business Income form, the 'Period of Restoration' for business income coverage begins how long after the direct physical loss occurs?",72 hours,Immediately,24 hours,7 days,The default Period of Restoration for Business Income coverage begins exactly 72 hours after the time of direct physical damage.,https://www.webce.com/
"[COMM-LINE-140] A standard Businessowners Policy (BOP) is written for a retail storefront with a $50,000 structural limit. Which of the following is naturally built into a standard unendorsed BOP?",Business Income and Extra Expense,Professional Liability,Workers Compensation,Flood Insurance,"A standard BOP uniquely packages Property, General Liability, and Business Income/Extra Expense coverages automatically together.",https://www.webce.com/
"[COMM-LINE-141] A light manufacturing warehouse experiences a severe accidental fire leading to $10,000 in inventory damage. Under a Commercial Property policy with an 80% Coinsurance clause, the penalty applies if the limit falls below requirements. What is the purpose of Coinsurance?",To encourage insuring to value,To completely eliminate small deductibles,To share moral hazard directly,To provide automatic inflation guard adjustments,Coinsurance functions to incentivize the policyholder to insure their property to a high percentage of its actual replacement value.,https://www.webce.com/
"[COMM-LINE-142] A local bakery is insured under a Commercial Package Policy (CPP). Who possesses the sole legal right to request modifications, cancel the policy, or handle premium transactions?",First Named Insured,Any Named Insured,The Designated Lienholder,The Principal Risk Broker,Commercial policies assign administrative control exclusively to the First Named Insured to streamline policy operations.,https://www.webce.com/
"[COMM-LINE-143] A third-party visitor files a lawsuit against a dry cleaning facility alleging bodily injury. Under the Commercial General Liability (CGL) coverage structure, what does Coverage A address?",Bodily Injury and Property Damage Liability,Personal and Advertising Injury Liability,Medical Payments without regard to fault,Professional Errors and Omissions,CGL Coverage A safeguards against legal exposure stemming from third-party Bodily Injury (BI) and Property Damage (PD).,https://www.webce.com/
"[COMM-LINE-144] A boutique hotel suffers total operational interruption from a theft of inventory. Under the Business Income form, the 'Period of Restoration' for business income coverage begins how long after the direct physical loss occurs?",72 hours,Immediately,24 hours,7 days,The default Period of Restoration for Business Income coverage begins exactly 72 hours after the time of direct physical damage.,https://www.webce.com/
"[COMM-LINE-145] A standard Businessowners Policy (BOP) is written for a medical office clinic with a $50,000 structural limit. Which of the following is naturally built into a standard unendorsed BOP?",Business Income and Extra Expense,Professional Liability,Workers Compensation,Flood Insurance,"A standard BOP uniquely packages Property, General Liability, and Business Income/Extra Expense coverages automatically together.",https://www.webce.com/
"[COMM-LINE-146] A graphic design studio experiences a severe accidental fire leading to $10,000 in inventory damage. Under a Commercial Property policy with an 80% Coinsurance clause, the penalty applies if the limit falls below requirements. What is the purpose of Coinsurance?",To encourage insuring to value,To completely eliminate small deductibles,To share moral hazard directly,To provide automatic inflation guard adjustments,Coinsurance functions to incentivize the policyholder to insure their property to a high percentage of its actual replacement value.,https://www.webce.com/
"[COMM-LINE-147] A auto repair shop is insured under a Commercial Package Policy (CPP). Who possesses the sole legal right to request modifications, cancel the policy, or handle premium transactions?",First Named Insured,Any Named Insured,The Designated Lienholder,The Principal Risk Broker,Commercial policies assign administrative control exclusively to the First Named Insured to streamline policy operations.,https://www.webce.com/
"[COMM-LINE-148] A third-party visitor files a lawsuit against a retail storefront alleging bodily injury. Under the Commercial General Liability (CGL) coverage structure, what does Coverage A address?",Bodily Injury and Property Damage Liability,Personal and Advertising Injury Liability,Medical Payments without regard to fault,Professional Errors and Omissions,CGL Coverage A safeguards against legal exposure stemming from third-party Bodily Injury (BI) and Property Damage (PD).,https://www.webce.com/
"[COMM-LINE-149] A light manufacturing warehouse suffers total operational interruption from a theft of inventory. Under the Business Income form, the 'Period of Restoration' for business income coverage begins how long after the direct physical loss occurs?",72 hours,Immediately,24 hours,7 days,The default Period of Restoration for Business Income coverage begins exactly 72 hours after the time of direct physical damage.,https://www.webce.com/
"[COMM-LINE-150] A standard Businessowners Policy (BOP) is written for a local bakery with a $50,000 structural limit. Which of the following is naturally built into a standard unendorsed BOP?",Business Income and Extra Expense,Professional Liability,Workers Compensation,Flood Insurance,"A standard BOP uniquely packages Property, General Liability, and Business Income/Extra Expense coverages automatically together.",https://www.webce.com/
"[COMM-LINE-151] A dry cleaning facility experiences a severe accidental fire leading to $10,000 in inventory damage. Under a Commercial Property policy with an 80% Coinsurance clause, the penalty applies if the limit falls below requirements. What is the purpose of Coinsurance?",To encourage insuring to value,To completely eliminate small deductibles,To share moral hazard directly,To provide automatic inflation guard adjustments,Coinsurance functions to incentivize the policyholder to insure their property to a high percentage of its actual replacement value.,https://www.webce.com/
"[COMM-LINE-152] A boutique hotel is insured under a Commercial Package Policy (CPP). Who possesses the sole legal right to request modifications, cancel the policy, or handle premium transactions?",First Named Insured,Any Named Insured,The Designated Lienholder,The Principal Risk Broker,Commercial policies assign administrative control exclusively to the First Named Insured to streamline policy operations.,https://www.webce.com/
"[COMM-LINE-153] A third-party visitor files a lawsuit against a medical office clinic alleging bodily injury. Under the Commercial General Liability (CGL) coverage structure, what does Coverage A address?",Bodily Injury and Property Damage Liability,Personal and Advertising Injury Liability,Medical Payments without regard to fault,Professional Errors and Omissions,CGL Coverage A safeguards against legal exposure stemming from third-party Bodily Injury (BI) and Property Damage (PD).,https://www.webce.com/
"[COMM-LINE-154] A graphic design studio suffers total operational interruption from a theft of inventory. Under the Business Income form, the 'Period of Restoration' for business income coverage begins how long after the direct physical loss occurs?",72 hours,Immediately,24 hours,7 days,The default Period of Restoration for Business Income coverage begins exactly 72 hours after the time of direct physical damage.,https://www.webce.com/
"[COMM-LINE-155] A standard Businessowners Policy (BOP) is written for a auto repair shop with a $50,000 structural limit. Which of the following is naturally built into a standard unendorsed BOP?",Business Income and Extra Expense,Professional Liability,Workers Compensation,Flood Insurance,"A standard BOP uniquely packages Property, General Liability, and Business Income/Extra Expense coverages automatically together.",https://www.webce.com/
"[COMM-LINE-156] A retail storefront experiences a severe accidental fire leading to $10,000 in inventory damage. Under a Commercial Property policy with an 80% Coinsurance clause, the penalty applies if the limit falls below requirements. What is the purpose of Coinsurance?",To encourage insuring to value,To completely eliminate small deductibles,To share moral hazard directly,To provide automatic inflation guard adjustments,Coinsurance functions to incentivize the policyholder to insure their property to a high percentage of its actual replacement value.,https://www.webce.com/
"[COMM-LINE-157] A light manufacturing warehouse is insured under a Commercial Package Policy (CPP). Who possesses the sole legal right to request modifications, cancel the policy, or handle premium transactions?",First Named Insured,Any Named Insured,The Designated Lienholder,The Principal Risk Broker,Commercial policies assign administrative control exclusively to the First Named Insured to streamline policy operations.,https://www.webce.com/
"[COMM-LINE-158] A third-party visitor files a lawsuit against a local bakery alleging bodily injury. Under the Commercial General Liability (CGL) coverage structure, what does Coverage A address?",Bodily Injury and Property Damage Liability,Personal and Advertising Injury Liability,Medical Payments without regard to fault,Professional Errors and Omissions,CGL Coverage A safeguards against legal exposure stemming from third-party Bodily Injury (BI) and Property Damage (PD).,https://www.webce.com/
"[COMM-LINE-159] A dry cleaning facility suffers total operational interruption from a theft of inventory. Under the Business Income form, the 'Period of Restoration' for business income coverage begins how long after the direct physical loss occurs?",72 hours,Immediately,24 hours,7 days,The default Period of Restoration for Business Income coverage begins exactly 72 hours after the time of direct physical damage.,https://www.webce.com/
"[COMM-LINE-160] A standard Businessowners Policy (BOP) is written for a boutique hotel with a $50,000 structural limit. Which of the following is naturally built into a standard unendorsed BOP?",Business Income and Extra Expense,Professional Liability,Workers Compensation,Flood Insurance,"A standard BOP uniquely packages Property, General Liability, and Business Income/Extra Expense coverages automatically together.",https://www.webce.com/
"[COMM-LINE-161] A medical office clinic experiences a severe accidental fire leading to $10,000 in inventory damage. Under a Commercial Property policy with an 80% Coinsurance clause, the penalty applies if the limit falls below requirements. What is the purpose of Coinsurance?",To encourage insuring to value,To completely eliminate small deductibles,To share moral hazard directly,To provide automatic inflation guard adjustments,Coinsurance functions to incentivize the policyholder to insure their property to a high percentage of its actual replacement value.,https://www.webce.com/
"[COMM-LINE-162] A graphic design studio is insured under a Commercial Package Policy (CPP). Who possesses the sole legal right to request modifications, cancel the policy, or handle premium transactions?",First Named Insured,Any Named Insured,The Designated Lienholder,The Principal Risk Broker,Commercial policies assign administrative control exclusively to the First Named Insured to streamline policy operations.,https://www.webce.com/
"[COMM-LINE-163] A third-party visitor files a lawsuit against a auto repair shop alleging bodily injury. Under the Commercial General Liability (CGL) coverage structure, what does Coverage A address?",Bodily Injury and Property Damage Liability,Personal and Advertising Injury Liability,Medical Payments without regard to fault,Professional Errors and Omissions,CGL Coverage A safeguards against legal exposure stemming from third-party Bodily Injury (BI) and Property Damage (PD).,https://www.webce.com/
"[COMM-LINE-164] A retail storefront suffers total operational interruption from a theft of inventory. Under the Business Income form, the 'Period of Restoration' for business income coverage begins how long after the direct physical loss occurs?",72 hours,Immediately,24 hours,7 days,The default Period of Restoration for Business Income coverage begins exactly 72 hours after the time of direct physical damage.,https://www.webce.com/
"[COMM-LINE-165] A standard Businessowners Policy (BOP) is written for a light manufacturing warehouse with a $50,000 structural limit. Which of the following is naturally built into a standard unendorsed BOP?",Business Income and Extra Expense,Professional Liability,Workers Compensation,Flood Insurance,"A standard BOP uniquely packages Property, General Liability, and Business Income/Extra Expense coverages automatically together.",https://www.webce.com/
"[COMM-LINE-166] A local bakery experiences a severe accidental fire leading to $10,000 in inventory damage. Under a Commercial Property policy with an 80% Coinsurance clause, the penalty applies if the limit falls below requirements. What is the purpose of Coinsurance?",To encourage insuring to value,To completely eliminate small deductibles,To share moral hazard directly,To provide automatic inflation guard adjustments,Coinsurance functions to incentivize the policyholder to insure their property to a high percentage of its actual replacement value.,https://www.webce.com/
"[COMM-LINE-167] A dry cleaning facility is insured under a Commercial Package Policy (CPP). Who possesses the sole legal right to request modifications, cancel the policy, or handle premium transactions?",First Named Insured,Any Named Insured,The Designated Lienholder,The Principal Risk Broker,Commercial policies assign administrative control exclusively to the First Named Insured to streamline policy operations.,https://www.webce.com/
"[COMM-LINE-168] A third-party visitor files a lawsuit against a boutique hotel alleging bodily injury. Under the Commercial General Liability (CGL) coverage structure, what does Coverage A address?",Bodily Injury and Property Damage Liability,Personal and Advertising Injury Liability,Medical Payments without regard to fault,Professional Errors and Omissions,CGL Coverage A safeguards against legal exposure stemming from third-party Bodily Injury (BI) and Property Damage (PD).,https://www.webce.com/
"[COMM-LINE-169] A medical office clinic suffers total operational interruption from a theft of inventory. Under the Business Income form, the 'Period of Restoration' for business income coverage begins how long after the direct physical loss occurs?",72 hours,Immediately,24 hours,7 days,The default Period of Restoration for Business Income coverage begins exactly 72 hours after the time of direct physical damage.,https://www.webce.com/
"[COMM-LINE-170] A standard Businessowners Policy (BOP) is written for a graphic design studio with a $50,000 structural limit. Which of the following is naturally built into a standard unendorsed BOP?",Business Income and Extra Expense,Professional Liability,Workers Compensation,Flood Insurance,"A standard BOP uniquely packages Property, General Liability, and Business Income/Extra Expense coverages automatically together.",https://www.webce.com/
"[COMM-LINE-171] A auto repair shop experiences a severe accidental fire leading to $10,000 in inventory damage. Under a Commercial Property policy with an 80% Coinsurance clause, the penalty applies if the limit falls below requirements. What is the purpose of Coinsurance?",To encourage insuring to value,To completely eliminate small deductibles,To share moral hazard directly,To provide automatic inflation guard adjustments,Coinsurance functions to incentivize the policyholder to insure their property to a high percentage of its actual replacement value.,https://www.webce.com/
"[COMM-LINE-172] A retail storefront is insured under a Commercial Package Policy (CPP). Who possesses the sole legal right to request modifications, cancel the policy, or handle premium transactions?",First Named Insured,Any Named Insured,The Designated Lienholder,The Principal Risk Broker,Commercial policies assign administrative control exclusively to the First Named Insured to streamline policy operations.,https://www.webce.com/
"[COMM-LINE-173] A third-party visitor files a lawsuit against a light manufacturing warehouse alleging bodily injury. Under the Commercial General Liability (CGL) coverage structure, what does Coverage A address?",Bodily Injury and Property Damage Liability,Personal and Advertising Injury Liability,Medical Payments without regard to fault,Professional Errors and Omissions,CGL Coverage A safeguards against legal exposure stemming from third-party Bodily Injury (BI) and Property Damage (PD).,https://www.webce.com/
"[COMM-LINE-174] A local bakery suffers total operational interruption from a theft of inventory. Under the Business Income form, the 'Period of Restoration' for business income coverage begins how long after the direct physical loss occurs?",72 hours,Immediately,24 hours,7 days,The default Period of Restoration for Business Income coverage begins exactly 72 hours after the time of direct physical damage.,https://www.webce.com/
"[COMM-LINE-175] A standard Businessowners Policy (BOP) is written for a dry cleaning facility with a $50,000 structural limit. Which of the following is naturally built into a standard unendorsed BOP?",Business Income and Extra Expense,Professional Liability,Workers Compensation,Flood Insurance,"A standard BOP uniquely packages Property, General Liability, and Business Income/Extra Expense coverages automatically together.",https://www.webce.com/
"[COMM-LINE-176] A boutique hotel experiences a severe accidental fire leading to $10,000 in inventory damage. Under a Commercial Property policy with an 80% Coinsurance clause, the penalty applies if the limit falls below requirements. What is the purpose of Coinsurance?",To encourage insuring to value,To completely eliminate small deductibles,To share moral hazard directly,To provide automatic inflation guard adjustments,Coinsurance functions to incentivize the policyholder to insure their property to a high percentage of its actual replacement value.,https://www.webce.com/
"[COMM-LINE-177] A medical office clinic is insured under a Commercial Package Policy (CPP). Who possesses the sole legal right to request modifications, cancel the policy, or handle premium transactions?",First Named Insured,Any Named Insured,The Designated Lienholder,The Principal Risk Broker,Commercial policies assign administrative control exclusively to the First Named Insured to streamline policy operations.,https://www.webce.com/
"[COMM-LINE-178] A third-party visitor files a lawsuit against a graphic design studio alleging bodily injury. Under the Commercial General Liability (CGL) coverage structure, what does Coverage A address?",Bodily Injury and Property Damage Liability,Personal and Advertising Injury Liability,Medical Payments without regard to fault,Professional Errors and Omissions,CGL Coverage A safeguards against legal exposure stemming from third-party Bodily Injury (BI) and Property Damage (PD).,https://www.webce.com/
"[COMM-LINE-179] A auto repair shop suffers total operational interruption from a theft of inventory. Under the Business Income form, the 'Period of Restoration' for business income coverage begins how long after the direct physical loss occurs?",72 hours,Immediately,24 hours,7 days,The default Period of Restoration for Business Income coverage begins exactly 72 hours after the time of direct physical damage.,https://www.webce.com/
"[COMM-LINE-180] A standard Businessowners Policy (BOP) is written for a retail storefront with a $50,000 structural limit. Which of the following is naturally built into a standard unendorsed BOP?",Business Income and Extra Expense,Professional Liability,Workers Compensation,Flood Insurance,"A standard BOP uniquely packages Property, General Liability, and Business Income/Extra Expense coverages automatically together.",https://www.webce.com/
"[COMM-LINE-181] A light manufacturing warehouse experiences a severe accidental fire leading to $10,000 in inventory damage. Under a Commercial Property policy with an 80% Coinsurance clause, the penalty applies if the limit falls below requirements. What is the purpose of Coinsurance?",To encourage insuring to value,To completely eliminate small deductibles,To share moral hazard directly,To provide automatic inflation guard adjustments,Coinsurance functions to incentivize the policyholder to insure their property to a high percentage of its actual replacement value.,https://www.webce.com/
"[COMM-LINE-182] A local bakery is insured under a Commercial Package Policy (CPP). Who possesses the sole legal right to request modifications, cancel the policy, or handle premium transactions?",First Named Insured,Any Named Insured,The Designated Lienholder,The Principal Risk Broker,Commercial policies assign administrative control exclusively to the First Named Insured to streamline policy operations.,https://www.webce.com/
"[COMM-LINE-183] A third-party visitor files a lawsuit against a dry cleaning facility alleging bodily injury. Under the Commercial General Liability (CGL) coverage structure, what does Coverage A address?",Bodily Injury and Property Damage Liability,Personal and Advertising Injury Liability,Medical Payments without regard to fault,Professional Errors and Omissions,CGL Coverage A safeguards against legal exposure stemming from third-party Bodily Injury (BI) and Property Damage (PD).,https://www.webce.com/
"[COMM-LINE-184] A boutique hotel suffers total operational interruption from a theft of inventory. Under the Business Income form, the 'Period of Restoration' for business income coverage begins how long after the direct physical loss occurs?",72 hours,Immediately,24 hours,7 days,The default Period of Restoration for Business Income coverage begins exactly 72 hours after the time of direct physical damage.,https://www.webce.com/
"[COMM-LINE-185] A standard Businessowners Policy (BOP) is written for a medical office clinic with a $50,000 structural limit. Which of the following is naturally built into a standard unendorsed BOP?",Business Income and Extra Expense,Professional Liability,Workers Compensation,Flood Insurance,"A standard BOP uniquely packages Property, General Liability, and Business Income/Extra Expense coverages automatically together.",https://www.webce.com/
"[COMM-LINE-186] A graphic design studio experiences a severe accidental fire leading to $10,000 in inventory damage. Under a Commercial Property policy with an 80% Coinsurance clause, the penalty applies if the limit falls below requirements. What is the purpose of Coinsurance?",To encourage insuring to value,To completely eliminate small deductibles,To share moral hazard directly,To provide automatic inflation guard adjustments,Coinsurance functions to incentivize the policyholder to insure their property to a high percentage of its actual replacement value.,https://www.webce.com/
"[COMM-LINE-187] A auto repair shop is insured under a Commercial Package Policy (CPP). Who possesses the sole legal right to request modifications, cancel the policy, or handle premium transactions?",First Named Insured,Any Named Insured,The Designated Lienholder,The Principal Risk Broker,Commercial policies assign administrative control exclusively to the First Named Insured to streamline policy operations.,https://www.webce.com/
"[COMM-LINE-188] A third-party visitor files a lawsuit against a retail storefront alleging bodily injury. Under the Commercial General Liability (CGL) coverage structure, what does Coverage A address?",Bodily Injury and Property Damage Liability,Personal and Advertising Injury Liability,Medical Payments without regard to fault,Professional Errors and Omissions,CGL Coverage A safeguards against legal exposure stemming from third-party Bodily Injury (BI) and Property Damage (PD).,https://www.webce.com/
"[COMM-LINE-189] A light manufacturing warehouse suffers total operational interruption from a theft of inventory. Under the Business Income form, the 'Period of Restoration' for business income coverage begins how long after the direct physical loss occurs?",72 hours,Immediately,24 hours,7 days,The default Period of Restoration for Business Income coverage begins exactly 72 hours after the time of direct physical damage.,https://www.webce.com/
"[COMM-LINE-190] A standard Businessowners Policy (BOP) is written for a local bakery with a $50,000 structural limit. Which of the following is naturally built into a standard unendorsed BOP?",Business Income and Extra Expense,Professional Liability,Workers Compensation,Flood Insurance,"A standard BOP uniquely packages Property, General Liability, and Business Income/Extra Expense coverages automatically together.",https://www.webce.com/
"[COMM-LINE-191] A dry cleaning facility experiences a severe accidental fire leading to $10,000 in inventory damage. Under a Commercial Property policy with an 80% Coinsurance clause, the penalty applies if the limit falls below requirements. What is the purpose of Coinsurance?",To encourage insuring to value,To completely eliminate small deductibles,To share moral hazard directly,To provide automatic inflation guard adjustments,Coinsurance functions to incentivize the policyholder to insure their property to a high percentage of its actual replacement value.,https://www.webce.com/
"[COMM-LINE-192] A boutique hotel is insured under a Commercial Package Policy (CPP). Who possesses the sole legal right to request modifications, cancel the policy, or handle premium transactions?",First Named Insured,Any Named Insured,The Designated Lienholder,The Principal Risk Broker,Commercial policies assign administrative control exclusively to the First Named Insured to streamline policy operations.,https://www.webce.com/
"[COMM-LINE-193] A third-party visitor files a lawsuit against a medical office clinic alleging bodily injury. Under the Commercial General Liability (CGL) coverage structure, what does Coverage A address?",Bodily Injury and Property Damage Liability,Personal and Advertising Injury Liability,Medical Payments without regard to fault,Professional Errors and Omissions,CGL Coverage A safeguards against legal exposure stemming from third-party Bodily Injury (BI) and Property Damage (PD).,https://www.webce.com/
"[COMM-LINE-194] A graphic design studio suffers total operational interruption from a theft of inventory. Under the Business Income form, the 'Period of Restoration' for business income coverage begins how long after the direct physical loss occurs?",72 hours,Immediately,24 hours,7 days,The default Period of Restoration for Business Income coverage begins exactly 72 hours after the time of direct physical damage.,https://www.webce.com/
"[COMM-LINE-195] A standard Businessowners Policy (BOP) is written for a auto repair shop with a $50,000 structural limit. Which of the following is naturally built into a standard unendorsed BOP?",Business Income and Extra Expense,Professional Liability,Workers Compensation,Flood Insurance,"A standard BOP uniquely packages Property, General Liability, and Business Income/Extra Expense coverages automatically together.",https://www.webce.com/
"[COMM-LINE-196] A retail storefront experiences a severe accidental fire leading to $10,000 in inventory damage. Under a Commercial Property policy with an 80% Coinsurance clause, the penalty applies if the limit falls below requirements. What is the purpose of Coinsurance?",To encourage insuring to value,To completely eliminate small deductibles,To share moral hazard directly,To provide automatic inflation guard adjustments,Coinsurance functions to incentivize the policyholder to insure their property to a high percentage of its actual replacement value.,https://www.webce.com/
"[COMM-LINE-197] A light manufacturing warehouse is insured under a Commercial Package Policy (CPP). Who possesses the sole legal right to request modifications, cancel the policy, or handle premium transactions?",First Named Insured,Any Named Insured,The Designated Lienholder,The Principal Risk Broker,Commercial policies assign administrative control exclusively to the First Named Insured to streamline policy operations.,https://www.webce.com/
"[COMM-LINE-198] A third-party visitor files a lawsuit against a local bakery alleging bodily injury. Under the Commercial General Liability (CGL) coverage structure, what does Coverage A address?",Bodily Injury and Property Damage Liability,Personal and Advertising Injury Liability,Medical Payments without regard to fault,Professional Errors and Omissions,CGL Coverage A safeguards against legal exposure stemming from third-party Bodily Injury (BI) and Property Damage (PD).,https://www.webce.com/
"[COMM-LINE-199] A dry cleaning facility suffers total operational interruption from a theft of inventory. Under the Business Income form, the 'Period of Restoration' for business income coverage begins how long after the direct physical loss occurs?",72 hours,Immediately,24 hours,7 days,The default Period of Restoration for Business Income coverage begins exactly 72 hours after the time of direct physical damage.,https://www.webce.com/
"[COMM-LINE-200] A standard Businessowners Policy (BOP) is written for a boutique hotel with a $50,000 structural limit. Which of the following is naturally built into a standard unendorsed BOP?",Business Income and Extra Expense,Professional Liability,Workers Compensation,Flood Insurance,"A standard BOP uniquely packages Property, General Liability, and Business Income/Extra Expense coverages automatically together.",https://www.webce.com/
"[COMM-LINE-201] A medical office clinic experiences a severe accidental fire leading to $10,000 in inventory damage. Under a Commercial Property policy with an 80% Coinsurance clause, the penalty applies if the limit falls below requirements. What is the purpose of Coinsurance?",To encourage insuring to value,To completely eliminate small deductibles,To share moral hazard directly,To provide automatic inflation guard adjustments,Coinsurance functions to incentivize the policyholder to insure their property to a high percentage of its actual replacement value.,https://www.webce.com/
"[COMM-LINE-202] A graphic design studio is insured under a Commercial Package Policy (CPP). Who possesses the sole legal right to request modifications, cancel the policy, or handle premium transactions?",First Named Insured,Any Named Insured,The Designated Lienholder,The Principal Risk Broker,Commercial policies assign administrative control exclusively to the First Named Insured to streamline policy operations.,https://www.webce.com/
"[COMM-LINE-203] A third-party visitor files a lawsuit against a auto repair shop alleging bodily injury. Under the Commercial General Liability (CGL) coverage structure, what does Coverage A address?",Bodily Injury and Property Damage Liability,Personal and Advertising Injury Liability,Medical Payments without regard to fault,Professional Errors and Omissions,CGL Coverage A safeguards against legal exposure stemming from third-party Bodily Injury (BI) and Property Damage (PD).,https://www.webce.com/
"[COMM-LINE-204] A retail storefront suffers total operational interruption from a theft of inventory. Under the Business Income form, the 'Period of Restoration' for business income coverage begins how long after the direct physical loss occurs?",72 hours,Immediately,24 hours,7 days,The default Period of Restoration for Business Income coverage begins exactly 72 hours after the time of direct physical damage.,https://www.webce.com/
"[COMM-LINE-205] A standard Businessowners Policy (BOP) is written for a light manufacturing warehouse with a $50,000 structural limit. Which of the following is naturally built into a standard unendorsed BOP?",Business Income and Extra Expense,Professional Liability,Workers Compensation,Flood Insurance,"A standard BOP uniquely packages Property, General Liability, and Business Income/Extra Expense coverages automatically together.",https://www.webce.com/
"[COMM-LINE-206] A local bakery experiences a severe accidental fire leading to $10,000 in inventory damage. Under a Commercial Property policy with an 80% Coinsurance clause, the penalty applies if the limit falls below requirements. What is the purpose of Coinsurance?",To encourage insuring to value,To completely eliminate small deductibles,To share moral hazard directly,To provide automatic inflation guard adjustments,Coinsurance functions to incentivize the policyholder to insure their property to a high percentage of its actual replacement value.,https://www.webce.com/
"[COMM-LINE-207] A dry cleaning facility is insured under a Commercial Package Policy (CPP). Who possesses the sole legal right to request modifications, cancel the policy, or handle premium transactions?",First Named Insured,Any Named Insured,The Designated Lienholder,The Principal Risk Broker,Commercial policies assign administrative control exclusively to the First Named Insured to streamline policy operations.,https://www.webce.com/
"[COMM-LINE-208] A third-party visitor files a lawsuit against a boutique hotel alleging bodily injury. Under the Commercial General Liability (CGL) coverage structure, what does Coverage A address?",Bodily Injury and Property Damage Liability,Personal and Advertising Injury Liability,Medical Payments without regard to fault,Professional Errors and Omissions,CGL Coverage A safeguards against legal exposure stemming from third-party Bodily Injury (BI) and Property Damage (PD).,https://www.webce.com/
"[COMM-LINE-209] A medical office clinic suffers total operational interruption from a theft of inventory. Under the Business Income form, the 'Period of Restoration' for business income coverage begins how long after the direct physical loss occurs?",72 hours,Immediately,24 hours,7 days,The default Period of Restoration for Business Income coverage begins exactly 72 hours after the time of direct physical damage.,https://www.webce.com/
"[COMM-LINE-210] A standard Businessowners Policy (BOP) is written for a graphic design studio with a $50,000 structural limit. Which of the following is naturally built into a standard unendorsed BOP?",Business Income and Extra Expense,Professional Liability,Workers Compensation,Flood Insurance,"A standard BOP uniquely packages Property, General Liability, and Business Income/Extra Expense coverages automatically together.",https://www.webce.com/
"[COMM-LINE-211] A auto repair shop experiences a severe accidental fire leading to $10,000 in inventory damage. Under a Commercial Property policy with an 80% Coinsurance clause, the penalty applies if the limit falls below requirements. What is the purpose of Coinsurance?",To encourage insuring to value,To completely eliminate small deductibles,To share moral hazard directly,To provide automatic inflation guard adjustments,Coinsurance functions to incentivize the policyholder to insure their property to a high percentage of its actual replacement value.,https://www.webce.com/
"[COMM-LINE-212] A retail storefront is insured under a Commercial Package Policy (CPP). Who possesses the sole legal right to request modifications, cancel the policy, or handle premium transactions?",First Named Insured,Any Named Insured,The Designated Lienholder,The Principal Risk Broker,Commercial policies assign administrative control exclusively to the First Named Insured to streamline policy operations.,https://www.webce.com/
"[COMM-LINE-213] A third-party visitor files a lawsuit against a light manufacturing warehouse alleging bodily injury. Under the Commercial General Liability (CGL) coverage structure, what does Coverage A address?",Bodily Injury and Property Damage Liability,Personal and Advertising Injury Liability,Medical Payments without regard to fault,Professional Errors and Omissions,CGL Coverage A safeguards against legal exposure stemming from third-party Bodily Injury (BI) and Property Damage (PD).,https://www.webce.com/
"[COMM-LINE-214] A local bakery suffers total operational interruption from a theft of inventory. Under the Business Income form, the 'Period of Restoration' for business income coverage begins how long after the direct physical loss occurs?",72 hours,Immediately,24 hours,7 days,The default Period of Restoration for Business Income coverage begins exactly 72 hours after the time of direct physical damage.,https://www.webce.com/
"[COMM-LINE-215] A standard Businessowners Policy (BOP) is written for a dry cleaning facility with a $50,000 structural limit. Which of the following is naturally built into a standard unendorsed BOP?",Business Income and Extra Expense,Professional Liability,Workers Compensation,Flood Insurance,"A standard BOP uniquely packages Property, General Liability, and Business Income/Extra Expense coverages automatically together.",https://www.webce.com/
"[COMM-LINE-216] A boutique hotel experiences a severe accidental fire leading to $10,000 in inventory damage. Under a Commercial Property policy with an 80% Coinsurance clause, the penalty applies if the limit falls below requirements. What is the purpose of Coinsurance?",To encourage insuring to value,To completely eliminate small deductibles,To share moral hazard directly,To provide automatic inflation guard adjustments,Coinsurance functions to incentivize the policyholder to insure their property to a high percentage of its actual replacement value.,https://www.webce.com/
"[COMM-LINE-217] A medical office clinic is insured under a Commercial Package Policy (CPP). Who possesses the sole legal right to request modifications, cancel the policy, or handle premium transactions?",First Named Insured,Any Named Insured,The Designated Lienholder,The Principal Risk Broker,Commercial policies assign administrative control exclusively to the First Named Insured to streamline policy operations.,https://www.webce.com/
"[COMM-LINE-218] A third-party visitor files a lawsuit against a graphic design studio alleging bodily injury. Under the Commercial General Liability (CGL) coverage structure, what does Coverage A address?",Bodily Injury and Property Damage Liability,Personal and Advertising Injury Liability,Medical Payments without regard to fault,Professional Errors and Omissions,CGL Coverage A safeguards against legal exposure stemming from third-party Bodily Injury (BI) and Property Damage (PD).,https://www.webce.com/
"[COMM-LINE-219] A auto repair shop suffers total operational interruption from a theft of inventory. Under the Business Income form, the 'Period of Restoration' for business income coverage begins how long after the direct physical loss occurs?",72 hours,Immediately,24 hours,7 days,The default Period of Restoration for Business Income coverage begins exactly 72 hours after the time of direct physical damage.,https://www.webce.com/
"[COMM-LINE-220] A standard Businessowners Policy (BOP) is written for a retail storefront with a $50,000 structural limit. Which of the following is naturally built into a standard unendorsed BOP?",Business Income and Extra Expense,Professional Liability,Workers Compensation,Flood Insurance,"A standard BOP uniquely packages Property, General Liability, and Business Income/Extra Expense coverages automatically together.",https://www.webce.com/
"[COMM-LINE-221] A light manufacturing warehouse experiences a severe accidental fire leading to $10,000 in inventory damage. Under a Commercial Property policy with an 80% Coinsurance clause, the penalty applies if the limit falls below requirements. What is the purpose of Coinsurance?",To encourage insuring to value,To completely eliminate small deductibles,To share moral hazard directly,To provide automatic inflation guard adjustments,Coinsurance functions to incentivize the policyholder to insure their property to a high percentage of its actual replacement value.,https://www.webce.com/
"[COMM-LINE-222] A local bakery is insured under a Commercial Package Policy (CPP). Who possesses the sole legal right to request modifications, cancel the policy, or handle premium transactions?",First Named Insured,Any Named Insured,The Designated Lienholder,The Principal Risk Broker,Commercial policies assign administrative control exclusively to the First Named Insured to streamline policy operations.,https://www.webce.com/
"[COMM-LINE-223] A third-party visitor files a lawsuit against a dry cleaning facility alleging bodily injury. Under the Commercial General Liability (CGL) coverage structure, what does Coverage A address?",Bodily Injury and Property Damage Liability,Personal and Advertising Injury Liability,Medical Payments without regard to fault,Professional Errors and Omissions,CGL Coverage A safeguards against legal exposure stemming from third-party Bodily Injury (BI) and Property Damage (PD).,https://www.webce.com/
"[COMM-LINE-224] A boutique hotel suffers total operational interruption from a theft of inventory. Under the Business Income form, the 'Period of Restoration' for business income coverage begins how long after the direct physical loss occurs?",72 hours,Immediately,24 hours,7 days,The default Period of Restoration for Business Income coverage begins exactly 72 hours after the time of direct physical damage.,https://www.webce.com/
"[COMM-LINE-225] A standard Businessowners Policy (BOP) is written for a medical office clinic with a $50,000 structural limit. Which of the following is naturally built into a standard unendorsed BOP?",Business Income and Extra Expense,Professional Liability,Workers Compensation,Flood Insurance,"A standard BOP uniquely packages Property, General Liability, and Business Income/Extra Expense coverages automatically together.",https://www.webce.com/
"[COMM-LINE-226] A graphic design studio experiences a severe accidental fire leading to $10,000 in inventory damage. Under a Commercial Property policy with an 80% Coinsurance clause, the penalty applies if the limit falls below requirements. What is the purpose of Coinsurance?",To encourage insuring to value,To completely eliminate small deductibles,To share moral hazard directly,To provide automatic inflation guard adjustments,Coinsurance functions to incentivize the policyholder to insure their property to a high percentage of its actual replacement value.,https://www.webce.com/
"[COMM-LINE-227] A auto repair shop is insured under a Commercial Package Policy (CPP). Who possesses the sole legal right to request modifications, cancel the policy, or handle premium transactions?",First Named Insured,Any Named Insured,The Designated Lienholder,The Principal Risk Broker,Commercial policies assign administrative control exclusively to the First Named Insured to streamline policy operations.,https://www.webce.com/
"[COMM-LINE-228] A third-party visitor files a lawsuit against a retail storefront alleging bodily injury. Under the Commercial General Liability (CGL) coverage structure, what does Coverage A address?",Bodily Injury and Property Damage Liability,Personal and Advertising Injury Liability,Medical Payments without regard to fault,Professional Errors and Omissions,CGL Coverage A safeguards against legal exposure stemming from third-party Bodily Injury (BI) and Property Damage (PD).,https://www.webce.com/
"[COMM-LINE-229] A light manufacturing warehouse suffers total operational interruption from a theft of inventory. Under the Business Income form, the 'Period of Restoration' for business income coverage begins how long after the direct physical loss occurs?",72 hours,Immediately,24 hours,7 days,The default Period of Restoration for Business Income coverage begins exactly 72 hours after the time of direct physical damage.,https://www.webce.com/
"[COMM-LINE-230] A standard Businessowners Policy (BOP) is written for a local bakery with a $50,000 structural limit. Which of the following is naturally built into a standard unendorsed BOP?",Business Income and Extra Expense,Professional Liability,Workers Compensation,Flood Insurance,"A standard BOP uniquely packages Property, General Liability, and Business Income/Extra Expense coverages automatically together.",https://www.webce.com/
"[COMM-LINE-231] A dry cleaning facility experiences a severe accidental fire leading to $10,000 in inventory damage. Under a Commercial Property policy with an 80% Coinsurance clause, the penalty applies if the limit falls below requirements. What is the purpose of Coinsurance?",To encourage insuring to value,To completely eliminate small deductibles,To share moral hazard directly,To provide automatic inflation guard adjustments,Coinsurance functions to incentivize the policyholder to insure their property to a high percentage of its actual replacement value.,https://www.webce.com/
"[COMM-LINE-232] A boutique hotel is insured under a Commercial Package Policy (CPP). Who possesses the sole legal right to request modifications, cancel the policy, or handle premium transactions?",First Named Insured,Any Named Insured,The Designated Lienholder,The Principal Risk Broker,Commercial policies assign administrative control exclusively to the First Named Insured to streamline policy operations.,https://www.webce.com/
"[COMM-LINE-233] A third-party visitor files a lawsuit against a medical office clinic alleging bodily injury. Under the Commercial General Liability (CGL) coverage structure, what does Coverage A address?",Bodily Injury and Property Damage Liability,Personal and Advertising Injury Liability,Medical Payments without regard to fault,Professional Errors and Omissions,CGL Coverage A safeguards against legal exposure stemming from third-party Bodily Injury (BI) and Property Damage (PD).,https://www.webce.com/
"[COMM-LINE-234] A graphic design studio suffers total operational interruption from a theft of inventory. Under the Business Income form, the 'Period of Restoration' for business income coverage begins how long after the direct physical loss occurs?",72 hours,Immediately,24 hours,7 days,The default Period of Restoration for Business Income coverage begins exactly 72 hours after the time of direct physical damage.,https://www.webce.com/
"[COMM-LINE-235] A standard Businessowners Policy (BOP) is written for a auto repair shop with a $50,000 structural limit. Which of the following is naturally built into a standard unendorsed BOP?",Business Income and Extra Expense,Professional Liability,Workers Compensation,Flood Insurance,"A standard BOP uniquely packages Property, General Liability, and Business Income/Extra Expense coverages automatically together.",https://www.webce.com/
"[COMM-LINE-236] A retail storefront experiences a severe accidental fire leading to $10,000 in inventory damage. Under a Commercial Property policy with an 80% Coinsurance clause, the penalty applies if the limit falls below requirements. What is the purpose of Coinsurance?",To encourage insuring to value,To completely eliminate small deductibles,To share moral hazard directly,To provide automatic inflation guard adjustments,Coinsurance functions to incentivize the policyholder to insure their property to a high percentage of its actual replacement value.,https://www.webce.com/
"[COMM-LINE-237] A light manufacturing warehouse is insured under a Commercial Package Policy (CPP). Who possesses the sole legal right to request modifications, cancel the policy, or handle premium transactions?",First Named Insured,Any Named Insured,The Designated Lienholder,The Principal Risk Broker,Commercial policies assign administrative control exclusively to the First Named Insured to streamline policy operations.,https://www.webce.com/
"[COMM-LINE-238] A third-party visitor files a lawsuit against a local bakery alleging bodily injury. Under the Commercial General Liability (CGL) coverage structure, what does Coverage A address?",Bodily Injury and Property Damage Liability,Personal and Advertising Injury Liability,Medical Payments without regard to fault,Professional Errors and Omissions,CGL Coverage A safeguards against legal exposure stemming from third-party Bodily Injury (BI) and Property Damage (PD).,https://www.webce.com/
"[COMM-LINE-239] A dry cleaning facility suffers total operational interruption from a theft of inventory. Under the Business Income form, the 'Period of Restoration' for business income coverage begins how long after the direct physical loss occurs?",72 hours,Immediately,24 hours,7 days,The default Period of Restoration for Business Income coverage begins exactly 72 hours after the time of direct physical damage.,https://www.webce.com/
"[COMM-LINE-240] A standard Businessowners Policy (BOP) is written for a boutique hotel with a $50,000 structural limit. Which of the following is naturally built into a standard unendorsed BOP?",Business Income and Extra Expense,Professional Liability,Workers Compensation,Flood Insurance,"A standard BOP uniquely packages Property, General Liability, and Business Income/Extra Expense coverages automatically together.",https://www.webce.com/
"[COMM-LINE-241] A medical office clinic experiences a severe accidental fire leading to $10,000 in inventory damage. Under a Commercial Property policy with an 80% Coinsurance clause, the penalty applies if the limit falls below requirements. What is the purpose of Coinsurance?",To encourage insuring to value,To completely eliminate small deductibles,To share moral hazard directly,To provide automatic inflation guard adjustments,Coinsurance functions to incentivize the policyholder to insure their property to a high percentage of its actual replacement value.,https://www.webce.com/
"[COMM-LINE-242] A graphic design studio is insured under a Commercial Package Policy (CPP). Who possesses the sole legal right to request modifications, cancel the policy, or handle premium transactions?",First Named Insured,Any Named Insured,The Designated Lienholder,The Principal Risk Broker,Commercial policies assign administrative control exclusively to the First Named Insured to streamline policy operations.,https://www.webce.com/
"[COMM-LINE-243] A third-party visitor files a lawsuit against a auto repair shop alleging bodily injury. Under the Commercial General Liability (CGL) coverage structure, what does Coverage A address?",Bodily Injury and Property Damage Liability,Personal and Advertising Injury Liability,Medical Payments without regard to fault,Professional Errors and Omissions,CGL Coverage A safeguards against legal exposure stemming from third-party Bodily Injury (BI) and Property Damage (PD).,https://www.webce.com/
"[COMM-LINE-244] A retail storefront suffers total operational interruption from a theft of inventory. Under the Business Income form, the 'Period of Restoration' for business income coverage begins how long after the direct physical loss occurs?",72 hours,Immediately,24 hours,7 days,The default Period of Restoration for Business Income coverage begins exactly 72 hours after the time of direct physical damage.,https://www.webce.com/
"[COMM-LINE-245] A standard Businessowners Policy (BOP) is written for a light manufacturing warehouse with a $50,000 structural limit. Which of the following is naturally built into a standard unendorsed BOP?",Business Income and Extra Expense,Professional Liability,Workers Compensation,Flood Insurance,"A standard BOP uniquely packages Property, General Liability, and Business Income/Extra Expense coverages automatically together.",https://www.webce.com/
"[COMM-LINE-246] A local bakery experiences a severe accidental fire leading to $10,000 in inventory damage. Under a Commercial Property policy with an 80% Coinsurance clause, the penalty applies if the limit falls below requirements. What is the purpose of Coinsurance?",To encourage insuring to value,To completely eliminate small deductibles,To share moral hazard directly,To provide automatic inflation guard adjustments,Coinsurance functions to incentivize the policyholder to insure their property to a high percentage of its actual replacement value.,https://www.webce.com/
"[COMM-LINE-247] A dry cleaning facility is insured under a Commercial Package Policy (CPP). Who possesses the sole legal right to request modifications, cancel the policy, or handle premium transactions?",First Named Insured,Any Named Insured,The Designated Lienholder,The Principal Risk Broker,Commercial policies assign administrative control exclusively to the First Named Insured to streamline policy operations.,https://www.webce.com/
"[COMM-LINE-248] A third-party visitor files a lawsuit against a boutique hotel alleging bodily injury. Under the Commercial General Liability (CGL) coverage structure, what does Coverage A address?",Bodily Injury and Property Damage Liability,Personal and Advertising Injury Liability,Medical Payments without regard to fault,Professional Errors and Omissions,CGL Coverage A safeguards against legal exposure stemming from third-party Bodily Injury (BI) and Property Damage (PD).,https://www.webce.com/
"[COMM-LINE-249] A medical office clinic suffers total operational interruption from a theft of inventory. Under the Business Income form, the 'Period of Restoration' for business income coverage begins how long after the direct physical loss occurs?",72 hours,Immediately,24 hours,7 days,The default Period of Restoration for Business Income coverage begins exactly 72 hours after the time of direct physical damage.,https://www.webce.com/
"[COMM-LINE-250] A standard Businessowners Policy (BOP) is written for a graphic design studio with a $50,000 structural limit. Which of the following is naturally built into a standard unendorsed BOP?",Business Income and Extra Expense,Professional Liability,Workers Compensation,Flood Insurance,"A standard BOP uniquely packages Property, General Liability, and Business Income/Extra Expense coverages automatically together.",https://www.webce.com/
"[COMM-LINE-251] A auto repair shop experiences a severe accidental fire leading to $10,000 in inventory damage. Under a Commercial Property policy with an 80% Coinsurance clause, the penalty applies if the limit falls below requirements. What is the purpose of Coinsurance?",To encourage insuring to value,To completely eliminate small deductibles,To share moral hazard directly,To provide automatic inflation guard adjustments,Coinsurance functions to incentivize the policyholder to insure their property to a high percentage of its actual replacement value.,https://www.webce.com/
"[COMM-LINE-252] A retail storefront is insured under a Commercial Package Policy (CPP). Who possesses the sole legal right to request modifications, cancel the policy, or handle premium transactions?",First Named Insured,Any Named Insured,The Designated Lienholder,The Principal Risk Broker,Commercial policies assign administrative control exclusively to the First Named Insured to streamline policy operations.,https://www.webce.com/
"[COMM-LINE-253] A third-party visitor files a lawsuit against a light manufacturing warehouse alleging bodily injury. Under the Commercial General Liability (CGL) coverage structure, what does Coverage A address?",Bodily Injury and Property Damage Liability,Personal and Advertising Injury Liability,Medical Payments without regard to fault,Professional Errors and Omissions,CGL Coverage A safeguards against legal exposure stemming from third-party Bodily Injury (BI) and Property Damage (PD).,https://www.webce.com/
"[COMM-LINE-254] A local bakery suffers total operational interruption from a theft of inventory. Under the Business Income form, the 'Period of Restoration' for business income coverage begins how long after the direct physical loss occurs?",72 hours,Immediately,24 hours,7 days,The default Period of Restoration for Business Income coverage begins exactly 72 hours after the time of direct physical damage.,https://www.webce.com/
"[COMM-LINE-255] A standard Businessowners Policy (BOP) is written for a dry cleaning facility with a $50,000 structural limit. Which of the following is naturally built into a standard unendorsed BOP?",Business Income and Extra Expense,Professional Liability,Workers Compensation,Flood Insurance,"A standard BOP uniquely packages Property, General Liability, and Business Income/Extra Expense coverages automatically together.",https://www.webce.com/
"[COMM-LINE-256] A boutique hotel experiences a severe accidental fire leading to $10,000 in inventory damage. Under a Commercial Property policy with an 80% Coinsurance clause, the penalty applies if the limit falls below requirements. What is the purpose of Coinsurance?",To encourage insuring to value,To completely eliminate small deductibles,To share moral hazard directly,To provide automatic inflation guard adjustments,Coinsurance functions to incentivize the policyholder to insure their property to a high percentage of its actual replacement value.,https://www.webce.com/
"[COMM-LINE-257] A medical office clinic is insured under a Commercial Package Policy (CPP). Who possesses the sole legal right to request modifications, cancel the policy, or handle premium transactions?",First Named Insured,Any Named Insured,The Designated Lienholder,The Principal Risk Broker,Commercial policies assign administrative control exclusively to the First Named Insured to streamline policy operations.,https://www.webce.com/
"[COMM-LINE-258] A third-party visitor files a lawsuit against a graphic design studio alleging bodily injury. Under the Commercial General Liability (CGL) coverage structure, what does Coverage A address?",Bodily Injury and Property Damage Liability,Personal and Advertising Injury Liability,Medical Payments without regard to fault,Professional Errors and Omissions,CGL Coverage A safeguards against legal exposure stemming from third-party Bodily Injury (BI) and Property Damage (PD).,https://www.webce.com/
"[COMM-LINE-259] A auto repair shop suffers total operational interruption from a theft of inventory. Under the Business Income form, the 'Period of Restoration' for business income coverage begins how long after the direct physical loss occurs?",72 hours,Immediately,24 hours,7 days,The default Period of Restoration for Business Income coverage begins exactly 72 hours after the time of direct physical damage.,https://www.webce.com/
"[COMM-LINE-260] A standard Businessowners Policy (BOP) is written for a retail storefront with a $50,000 structural limit. Which of the following is naturally built into a standard unendorsed BOP?",Business Income and Extra Expense,Professional Liability,Workers Compensation,Flood Insurance,"A standard BOP uniquely packages Property, General Liability, and Business Income/Extra Expense coverages automatically together.",https://www.webce.com/
"[COMM-LINE-261] A light manufacturing warehouse experiences a severe accidental fire leading to $10,000 in inventory damage. Under a Commercial Property policy with an 80% Coinsurance clause, the penalty applies if the limit falls below requirements. What is the purpose of Coinsurance?",To encourage insuring to value,To completely eliminate small deductibles,To share moral hazard directly,To provide automatic inflation guard adjustments,Coinsurance functions to incentivize the policyholder to insure their property to a high percentage of its actual replacement value.,https://www.webce.com/
"[COMM-LINE-262] A local bakery is insured under a Commercial Package Policy (CPP). Who possesses the sole legal right to request modifications, cancel the policy, or handle premium transactions?",First Named Insured,Any Named Insured,The Designated Lienholder,The Principal Risk Broker,Commercial policies assign administrative control exclusively to the First Named Insured to streamline policy operations.,https://www.webce.com/
"[COMM-LINE-263] A third-party visitor files a lawsuit against a dry cleaning facility alleging bodily injury. Under the Commercial General Liability (CGL) coverage structure, what does Coverage A address?",Bodily Injury and Property Damage Liability,Personal and Advertising Injury Liability,Medical Payments without regard to fault,Professional Errors and Omissions,CGL Coverage A safeguards against legal exposure stemming from third-party Bodily Injury (BI) and Property Damage (PD).,https://www.webce.com/
"[COMM-LINE-264] A boutique hotel suffers total operational interruption from a theft of inventory. Under the Business Income form, the 'Period of Restoration' for business income coverage begins how long after the direct physical loss occurs?",72 hours,Immediately,24 hours,7 days,The default Period of Restoration for Business Income coverage begins exactly 72 hours after the time of direct physical damage.,https://www.webce.com/
"[COMM-LINE-265] A standard Businessowners Policy (BOP) is written for a medical office clinic with a $50,000 structural limit. Which of the following is naturally built into a standard unendorsed BOP?",Business Income and Extra Expense,Professional Liability,Workers Compensation,Flood Insurance,"A standard BOP uniquely packages Property, General Liability, and Business Income/Extra Expense coverages automatically together.",https://www.webce.com/
"[COMM-LINE-266] A graphic design studio experiences a severe accidental fire leading to $10,000 in inventory damage. Under a Commercial Property policy with an 80% Coinsurance clause, the penalty applies if the limit falls below requirements. What is the purpose of Coinsurance?",To encourage insuring to value,To completely eliminate small deductibles,To share moral hazard directly,To provide automatic inflation guard adjustments,Coinsurance functions to incentivize the policyholder to insure their property to a high percentage of its actual replacement value.,https://www.webce.com/
"[COMM-LINE-267] A auto repair shop is insured under a Commercial Package Policy (CPP). Who possesses the sole legal right to request modifications, cancel the policy, or handle premium transactions?",First Named Insured,Any Named Insured,The Designated Lienholder,The Principal Risk Broker,Commercial policies assign administrative control exclusively to the First Named Insured to streamline policy operations.,https://www.webce.com/
"[COMM-LINE-268] A third-party visitor files a lawsuit against a retail storefront alleging bodily injury. Under the Commercial General Liability (CGL) coverage structure, what does Coverage A address?",Bodily Injury and Property Damage Liability,Personal and Advertising Injury Liability,Medical Payments without regard to fault,Professional Errors and Omissions,CGL Coverage A safeguards against legal exposure stemming from third-party Bodily Injury (BI) and Property Damage (PD).,https://www.webce.com/
"[COMM-LINE-269] A light manufacturing warehouse suffers total operational interruption from a theft of inventory. Under the Business Income form, the 'Period of Restoration' for business income coverage begins how long after the direct physical loss occurs?",72 hours,Immediately,24 hours,7 days,The default Period of Restoration for Business Income coverage begins exactly 72 hours after the time of direct physical damage.,https://www.webce.com/
"[COMM-LINE-270] A standard Businessowners Policy (BOP) is written for a local bakery with a $50,000 structural limit. Which of the following is naturally built into a standard unendorsed BOP?",Business Income and Extra Expense,Professional Liability,Workers Compensation,Flood Insurance,"A standard BOP uniquely packages Property, General Liability, and Business Income/Extra Expense coverages automatically together.",https://www.webce.com/
"[COMM-LINE-271] A dry cleaning facility experiences a severe accidental fire leading to $10,000 in inventory damage. Under a Commercial Property policy with an 80% Coinsurance clause, the penalty applies if the limit falls below requirements. What is the purpose of Coinsurance?",To encourage insuring to value,To completely eliminate small deductibles,To share moral hazard directly,To provide automatic inflation guard adjustments,Coinsurance functions to incentivize the policyholder to insure their property to a high percentage of its actual replacement value.,https://www.webce.com/
"[COMM-LINE-272] A boutique hotel is insured under a Commercial Package Policy (CPP). Who possesses the sole legal right to request modifications, cancel the policy, or handle premium transactions?",First Named Insured,Any Named Insured,The Designated Lienholder,The Principal Risk Broker,Commercial policies assign administrative control exclusively to the First Named Insured to streamline policy operations.,https://www.webce.com/
"[COMM-LINE-273] A third-party visitor files a lawsuit against a medical office clinic alleging bodily injury. Under the Commercial General Liability (CGL) coverage structure, what does Coverage A address?",Bodily Injury and Property Damage Liability,Personal and Advertising Injury Liability,Medical Payments without regard to fault,Professional Errors and Omissions,CGL Coverage A safeguards against legal exposure stemming from third-party Bodily Injury (BI) and Property Damage (PD).,https://www.webce.com/
"[COMM-LINE-274] A graphic design studio suffers total operational interruption from a theft of inventory. Under the Business Income form, the 'Period of Restoration' for business income coverage begins how long after the direct physical loss occurs?",72 hours,Immediately,24 hours,7 days,The default Period of Restoration for Business Income coverage begins exactly 72 hours after the time of direct physical damage.,https://www.webce.com/
"[COMM-LINE-275] A standard Businessowners Policy (BOP) is written for a auto repair shop with a $50,000 structural limit. Which of the following is naturally built into a standard unendorsed BOP?",Business Income and Extra Expense,Professional Liability,Workers Compensation,Flood Insurance,"A standard BOP uniquely packages Property, General Liability, and Business Income/Extra Expense coverages automatically together.",https://www.webce.com/
"[COMM-LINE-276] A retail storefront experiences a severe accidental fire leading to $10,000 in inventory damage. Under a Commercial Property policy with an 80% Coinsurance clause, the penalty applies if the limit falls below requirements. What is the purpose of Coinsurance?",To encourage insuring to value,To completely eliminate small deductibles,To share moral hazard directly,To provide automatic inflation guard adjustments,Coinsurance functions to incentivize the policyholder to insure their property to a high percentage of its actual replacement value.,https://www.webce.com/
"[COMM-LINE-277] A light manufacturing warehouse is insured under a Commercial Package Policy (CPP). Who possesses the sole legal right to request modifications, cancel the policy, or handle premium transactions?",First Named Insured,Any Named Insured,The Designated Lienholder,The Principal Risk Broker,Commercial policies assign administrative control exclusively to the First Named Insured to streamline policy operations.,https://www.webce.com/
"[COMM-LINE-278] A third-party visitor files a lawsuit against a local bakery alleging bodily injury. Under the Commercial General Liability (CGL) coverage structure, what does Coverage A address?",Bodily Injury and Property Damage Liability,Personal and Advertising Injury Liability,Medical Payments without regard to fault,Professional Errors and Omissions,CGL Coverage A safeguards against legal exposure stemming from third-party Bodily Injury (BI) and Property Damage (PD).,https://www.webce.com/
"[COMM-LINE-279] A dry cleaning facility suffers total operational interruption from a theft of inventory. Under the Business Income form, the 'Period of Restoration' for business income coverage begins how long after the direct physical loss occurs?",72 hours,Immediately,24 hours,7 days,The default Period of Restoration for Business Income coverage begins exactly 72 hours after the time of direct physical damage.,https://www.webce.com/
"[COMM-LINE-280] A standard Businessowners Policy (BOP) is written for a boutique hotel with a $50,000 structural limit. Which of the following is naturally built into a standard unendorsed BOP?",Business Income and Extra Expense,Professional Liability,Workers Compensation,Flood Insurance,"A standard BOP uniquely packages Property, General Liability, and Business Income/Extra Expense coverages automatically together.",https://www.webce.com/
"[COMM-LINE-281] A medical office clinic experiences a severe accidental fire leading to $10,000 in inventory damage. Under a Commercial Property policy with an 80% Coinsurance clause, the penalty applies if the limit falls below requirements. What is the purpose of Coinsurance?",To encourage insuring to value,To completely eliminate small deductibles,To share moral hazard directly,To provide automatic inflation guard adjustments,Coinsurance functions to incentivize the policyholder to insure their property to a high percentage of its actual replacement value.,https://www.webce.com/
"[COMM-LINE-282] A graphic design studio is insured under a Commercial Package Policy (CPP). Who possesses the sole legal right to request modifications, cancel the policy, or handle premium transactions?",First Named Insured,Any Named Insured,The Designated Lienholder,The Principal Risk Broker,Commercial policies assign administrative control exclusively to the First Named Insured to streamline policy operations.,https://www.webce.com/
"[COMM-LINE-283] A third-party visitor files a lawsuit against a auto repair shop alleging bodily injury. Under the Commercial General Liability (CGL) coverage structure, what does Coverage A address?",Bodily Injury and Property Damage Liability,Personal and Advertising Injury Liability,Medical Payments without regard to fault,Professional Errors and Omissions,CGL Coverage A safeguards against legal exposure stemming from third-party Bodily Injury (BI) and Property Damage (PD).,https://www.webce.com/
"[COMM-LINE-284] A retail storefront suffers total operational interruption from a theft of inventory. Under the Business Income form, the 'Period of Restoration' for business income coverage begins how long after the direct physical loss occurs?",72 hours,Immediately,24 hours,7 days,The default Period of Restoration for Business Income coverage begins exactly 72 hours after the time of direct physical damage.,https://www.webce.com/
"[COMM-LINE-285] A standard Businessowners Policy (BOP) is written for a light manufacturing warehouse with a $50,000 structural limit. Which of the following is naturally built into a standard unendorsed BOP?",Business Income and Extra Expense,Professional Liability,Workers Compensation,Flood Insurance,"A standard BOP uniquely packages Property, General Liability, and Business Income/Extra Expense coverages automatically together.",https://www.webce.com/
"[COMM-LINE-286] A local bakery experiences a severe accidental fire leading to $10,000 in inventory damage. Under a Commercial Property policy with an 80% Coinsurance clause, the penalty applies if the limit falls below requirements. What is the purpose of Coinsurance?",To encourage insuring to value,To completely eliminate small deductibles,To share moral hazard directly,To provide automatic inflation guard adjustments,Coinsurance functions to incentivize the policyholder to insure their property to a high percentage of its actual replacement value.,https://www.webce.com/
"[COMM-LINE-287] A dry cleaning facility is insured under a Commercial Package Policy (CPP). Who possesses the sole legal right to request modifications, cancel the policy, or handle premium transactions?",First Named Insured,Any Named Insured,The Designated Lienholder,The Principal Risk Broker,Commercial policies assign administrative control exclusively to the First Named Insured to streamline policy operations.,https://www.webce.com/
"[COMM-LINE-288] A third-party visitor files a lawsuit against a boutique hotel alleging bodily injury. Under the Commercial General Liability (CGL) coverage structure, what does Coverage A address?",Bodily Injury and Property Damage Liability,Personal and Advertising Injury Liability,Medical Payments without regard to fault,Professional Errors and Omissions,CGL Coverage A safeguards against legal exposure stemming from third-party Bodily Injury (BI) and Property Damage (PD).,https://www.webce.com/
"[COMM-LINE-289] A medical office clinic suffers total operational interruption from a theft of inventory. Under the Business Income form, the 'Period of Restoration' for business income coverage begins how long after the direct physical loss occurs?",72 hours,Immediately,24 hours,7 days,The default Period of Restoration for Business Income coverage begins exactly 72 hours after the time of direct physical damage.,https://www.webce.com/
"[COMM-LINE-290] A standard Businessowners Policy (BOP) is written for a graphic design studio with a $50,000 structural limit. Which of the following is naturally built into a standard unendorsed BOP?",Business Income and Extra Expense,Professional Liability,Workers Compensation,Flood Insurance,"A standard BOP uniquely packages Property, General Liability, and Business Income/Extra Expense coverages automatically together.",https://www.webce.com/
"[COMM-LINE-291] A auto repair shop experiences a severe accidental fire leading to $10,000 in inventory damage. Under a Commercial Property policy with an 80% Coinsurance clause, the penalty applies if the limit falls below requirements. What is the purpose of Coinsurance?",To encourage insuring to value,To completely eliminate small deductibles,To share moral hazard directly,To provide automatic inflation guard adjustments,Coinsurance functions to incentivize the policyholder to insure their property to a high percentage of its actual replacement value.,https://www.webce.com/
"[COMM-LINE-292] A retail storefront is insured under a Commercial Package Policy (CPP). Who possesses the sole legal right to request modifications, cancel the policy, or handle premium transactions?",First Named Insured,Any Named Insured,The Designated Lienholder,The Principal Risk Broker,Commercial policies assign administrative control exclusively to the First Named Insured to streamline policy operations.,https://www.webce.com/
"[COMM-LINE-293] A third-party visitor files a lawsuit against a light manufacturing warehouse alleging bodily injury. Under the Commercial General Liability (CGL) coverage structure, what does Coverage A address?",Bodily Injury and Property Damage Liability,Personal and Advertising Injury Liability,Medical Payments without regard to fault,Professional Errors and Omissions,CGL Coverage A safeguards against legal exposure stemming from third-party Bodily Injury (BI) and Property Damage (PD).,https://www.webce.com/
"[COMM-LINE-294] A local bakery suffers total operational interruption from a theft of inventory. Under the Business Income form, the 'Period of Restoration' for business income coverage begins how long after the direct physical loss occurs?",72 hours,Immediately,24 hours,7 days,The default Period of Restoration for Business Income coverage begins exactly 72 hours after the time of direct physical damage.,https://www.webce.com/
"[COMM-LINE-295] A standard Businessowners Policy (BOP) is written for a dry cleaning facility with a $50,000 structural limit. Which of the following is naturally built into a standard unendorsed BOP?",Business Income and Extra Expense,Professional Liability,Workers Compensation,Flood Insurance,"A standard BOP uniquely packages Property, General Liability, and Business Income/Extra Expense coverages automatically together.",https://www.webce.com/
"[COMM-LINE-296] A boutique hotel experiences a severe accidental fire leading to $10,000 in inventory damage. Under a Commercial Property policy with an 80% Coinsurance clause, the penalty applies if the limit falls below requirements. What is the purpose of Coinsurance?",To encourage insuring to value,To completely eliminate small deductibles,To share moral hazard directly,To provide automatic inflation guard adjustments,Coinsurance functions to incentivize the policyholder to insure their property to a high percentage of its actual replacement value.,https://www.webce.com/
"[COMM-LINE-297] A medical office clinic is insured under a Commercial Package Policy (CPP). Who possesses the sole legal right to request modifications, cancel the policy, or handle premium transactions?",First Named Insured,Any Named Insured,The Designated Lienholder,The Principal Risk Broker,Commercial policies assign administrative control exclusively to the First Named Insured to streamline policy operations.,https://www.webce.com/
"[COMM-LINE-298] A third-party visitor files a lawsuit against a graphic design studio alleging bodily injury. Under the Commercial General Liability (CGL) coverage structure, what does Coverage A address?",Bodily Injury and Property Damage Liability,Personal and Advertising Injury Liability,Medical Payments without regard to fault,Professional Errors and Omissions,CGL Coverage A safeguards against legal exposure stemming from third-party Bodily Injury (BI) and Property Damage (PD).,https://www.webce.com/
"[COMM-LINE-299] A auto repair shop suffers total operational interruption from a theft of inventory. Under the Business Income form, the 'Period of Restoration' for business income coverage begins how long after the direct physical loss occurs?",72 hours,Immediately,24 hours,7 days,The default Period of Restoration for Business Income coverage begins exactly 72 hours after the time of direct physical damage.,https://www.webce.com/
"[COMM-LINE-300] A standard Businessowners Policy (BOP) is written for a retail storefront with a $50,000 structural limit. Which of the following is naturally built into a standard unendorsed BOP?",Business Income and Extra Expense,Professional Liability,Workers Compensation,Flood Insurance,"A standard BOP uniquely packages Property, General Liability, and Business Income/Extra Expense coverages automatically together.",https://www.webce.com/
"[COMM-LINE-301] A light manufacturing warehouse experiences a severe accidental fire leading to $10,000 in inventory damage. Under a Commercial Property policy with an 80% Coinsurance clause, the penalty applies if the limit falls below requirements. What is the purpose of Coinsurance?",To encourage insuring to value,To completely eliminate small deductibles,To share moral hazard directly,To provide automatic inflation guard adjustments,Coinsurance functions to incentivize the policyholder to insure their property to a high percentage of its actual replacement value.,https://www.webce.com/
"[COMM-LINE-302] A local bakery is insured under a Commercial Package Policy (CPP). Who possesses the sole legal right to request modifications, cancel the policy, or handle premium transactions?",First Named Insured,Any Named Insured,The Designated Lienholder,The Principal Risk Broker,Commercial policies assign administrative control exclusively to the First Named Insured to streamline policy operations.,https://www.webce.com/
"[COMM-LINE-303] A third-party visitor files a lawsuit against a dry cleaning facility alleging bodily injury. Under the Commercial General Liability (CGL) coverage structure, what does Coverage A address?",Bodily Injury and Property Damage Liability,Personal and Advertising Injury Liability,Medical Payments without regard to fault,Professional Errors and Omissions,CGL Coverage A safeguards against legal exposure stemming from third-party Bodily Injury (BI) and Property Damage (PD).,https://www.webce.com/
"[COMM-LINE-304] A boutique hotel suffers total operational interruption from a theft of inventory. Under the Business Income form, the 'Period of Restoration' for business income coverage begins how long after the direct physical loss occurs?",72 hours,Immediately,24 hours,7 days,The default Period of Restoration for Business Income coverage begins exactly 72 hours after the time of direct physical damage.,https://www.webce.com/
"[COMM-LINE-305] A standard Businessowners Policy (BOP) is written for a medical office clinic with a $50,000 structural limit. Which of the following is naturally built into a standard unendorsed BOP?",Business Income and Extra Expense,Professional Liability,Workers Compensation,Flood Insurance,"A standard BOP uniquely packages Property, General Liability, and Business Income/Extra Expense coverages automatically together.",https://www.webce.com/
"[COMM-LINE-306] A graphic design studio experiences a severe accidental fire leading to $10,000 in inventory damage. Under a Commercial Property policy with an 80% Coinsurance clause, the penalty applies if the limit falls below requirements. What is the purpose of Coinsurance?",To encourage insuring to value,To completely eliminate small deductibles,To share moral hazard directly,To provide automatic inflation guard adjustments,Coinsurance functions to incentivize the policyholder to insure their property to a high percentage of its actual replacement value.,https://www.webce.com/
"[COMM-LINE-307] A auto repair shop is insured under a Commercial Package Policy (CPP). Who possesses the sole legal right to request modifications, cancel the policy, or handle premium transactions?",First Named Insured,Any Named Insured,The Designated Lienholder,The Principal Risk Broker,Commercial policies assign administrative control exclusively to the First Named Insured to streamline policy operations.,https://www.webce.com/
"[COMM-LINE-308] A third-party visitor files a lawsuit against a retail storefront alleging bodily injury. Under the Commercial General Liability (CGL) coverage structure, what does Coverage A address?",Bodily Injury and Property Damage Liability,Personal and Advertising Injury Liability,Medical Payments without regard to fault,Professional Errors and Omissions,CGL Coverage A safeguards against legal exposure stemming from third-party Bodily Injury (BI) and Property Damage (PD).,https://www.webce.com/
"[COMM-LINE-309] A light manufacturing warehouse suffers total operational interruption from a theft of inventory. Under the Business Income form, the 'Period of Restoration' for business income coverage begins how long after the direct physical loss occurs?",72 hours,Immediately,24 hours,7 days,The default Period of Restoration for Business Income coverage begins exactly 72 hours after the time of direct physical damage.,https://www.webce.com/
"[COMM-LINE-310] A standard Businessowners Policy (BOP) is written for a local bakery with a $50,000 structural limit. Which of the following is naturally built into a standard unendorsed BOP?",Business Income and Extra Expense,Professional Liability,Workers Compensation,Flood Insurance,"A standard BOP uniquely packages Property, General Liability, and Business Income/Extra Expense coverages automatically together.",https://www.webce.com/
"[COMM-LINE-311] A dry cleaning facility experiences a severe accidental fire leading to $10,000 in inventory damage. Under a Commercial Property policy with an 80% Coinsurance clause, the penalty applies if the limit falls below requirements. What is the purpose of Coinsurance?",To encourage insuring to value,To completely eliminate small deductibles,To share moral hazard directly,To provide automatic inflation guard adjustments,Coinsurance functions to incentivize the policyholder to insure their property to a high percentage of its actual replacement value.,https://www.webce.com/
"[COMM-LINE-312] A boutique hotel is insured under a Commercial Package Policy (CPP). Who possesses the sole legal right to request modifications, cancel the policy, or handle premium transactions?",First Named Insured,Any Named Insured,The Designated Lienholder,The Principal Risk Broker,Commercial policies assign administrative control exclusively to the First Named Insured to streamline policy operations.,https://www.webce.com/
"[COMM-LINE-313] A third-party visitor files a lawsuit against a medical office clinic alleging bodily injury. Under the Commercial General Liability (CGL) coverage structure, what does Coverage A address?",Bodily Injury and Property Damage Liability,Personal and Advertising Injury Liability,Medical Payments without regard to fault,Professional Errors and Omissions,CGL Coverage A safeguards against legal exposure stemming from third-party Bodily Injury (BI) and Property Damage (PD).,https://www.webce.com/
"[COMM-LINE-314] A graphic design studio suffers total operational interruption from a theft of inventory. Under the Business Income form, the 'Period of Restoration' for business income coverage begins how long after the direct physical loss occurs?",72 hours,Immediately,24 hours,7 days,The default Period of Restoration for Business Income coverage begins exactly 72 hours after the time of direct physical damage.,https://www.webce.com/
"[COMM-LINE-315] A standard Businessowners Policy (BOP) is written for a auto repair shop with a $50,000 structural limit. Which of the following is naturally built into a standard unendorsed BOP?",Business Income and Extra Expense,Professional Liability,Workers Compensation,Flood Insurance,"A standard BOP uniquely packages Property, General Liability, and Business Income/Extra Expense coverages automatically together.",https://www.webce.com/
"[COMM-LINE-316] A retail storefront experiences a severe accidental fire leading to $10,000 in inventory damage. Under a Commercial Property policy with an 80% Coinsurance clause, the penalty applies if the limit falls below requirements. What is the purpose of Coinsurance?",To encourage insuring to value,To completely eliminate small deductibles,To share moral hazard directly,To provide automatic inflation guard adjustments,Coinsurance functions to incentivize the policyholder to insure their property to a high percentage of its actual replacement value.,https://www.webce.com/
"[COMM-LINE-317] A light manufacturing warehouse is insured under a Commercial Package Policy (CPP). Who possesses the sole legal right to request modifications, cancel the policy, or handle premium transactions?",First Named Insured,Any Named Insured,The Designated Lienholder,The Principal Risk Broker,Commercial policies assign administrative control exclusively to the First Named Insured to streamline policy operations.,https://www.webce.com/
"[COMM-LINE-318] A third-party visitor files a lawsuit against a local bakery alleging bodily injury. Under the Commercial General Liability (CGL) coverage structure, what does Coverage A address?",Bodily Injury and Property Damage Liability,Personal and Advertising Injury Liability,Medical Payments without regard to fault,Professional Errors and Omissions,CGL Coverage A safeguards against legal exposure stemming from third-party Bodily Injury (BI) and Property Damage (PD).,https://www.webce.com/
"[COMM-LINE-319] A dry cleaning facility suffers total operational interruption from a theft of inventory. Under the Business Income form, the 'Period of Restoration' for business income coverage begins how long after the direct physical loss occurs?",72 hours,Immediately,24 hours,7 days,The default Period of Restoration for Business Income coverage begins exactly 72 hours after the time of direct physical damage.,https://www.webce.com/
"[COMM-LINE-320] A standard Businessowners Policy (BOP) is written for a boutique hotel with a $50,000 structural limit. Which of the following is naturally built into a standard unendorsed BOP?",Business Income and Extra Expense,Professional Liability,Workers Compensation,Flood Insurance,"A standard BOP uniquely packages Property, General Liability, and Business Income/Extra Expense coverages automatically together.",https://www.webce.com/
"[COMM-LINE-321] A medical office clinic experiences a severe accidental fire leading to $10,000 in inventory damage. Under a Commercial Property policy with an 80% Coinsurance clause, the penalty applies if the limit falls below requirements. What is the purpose of Coinsurance?",To encourage insuring to value,To completely eliminate small deductibles,To share moral hazard directly,To provide automatic inflation guard adjustments,Coinsurance functions to incentivize the policyholder to insure their property to a high percentage of its actual replacement value.,https://www.webce.com/
"[COMM-LINE-322] A graphic design studio is insured under a Commercial Package Policy (CPP). Who possesses the sole legal right to request modifications, cancel the policy, or handle premium transactions?",First Named Insured,Any Named Insured,The Designated Lienholder,The Principal Risk Broker,Commercial policies assign administrative control exclusively to the First Named Insured to streamline policy operations.,https://www.webce.com/
"[COMM-LINE-323] A third-party visitor files a lawsuit against a auto repair shop alleging bodily injury. Under the Commercial General Liability (CGL) coverage structure, what does Coverage A address?",Bodily Injury and Property Damage Liability,Personal and Advertising Injury Liability,Medical Payments without regard to fault,Professional Errors and Omissions,CGL Coverage A safeguards against legal exposure stemming from third-party Bodily Injury (BI) and Property Damage (PD).,https://www.webce.com/
"[COMM-LINE-324] A retail storefront suffers total operational interruption from a theft of inventory. Under the Business Income form, the 'Period of Restoration' for business income coverage begins how long after the direct physical loss occurs?",72 hours,Immediately,24 hours,7 days,The default Period of Restoration for Business Income coverage begins exactly 72 hours after the time of direct physical damage.,https://www.webce.com/
"[COMM-LINE-325] A standard Businessowners Policy (BOP) is written for a light manufacturing warehouse with a $50,000 structural limit. Which of the following is naturally built into a standard unendorsed BOP?",Business Income and Extra Expense,Professional Liability,Workers Compensation,Flood Insurance,"A standard BOP uniquely packages Property, General Liability, and Business Income/Extra Expense coverages automatically together.",https://www.webce.com/
"[COMM-LINE-326] A local bakery experiences a severe accidental fire leading to $10,000 in inventory damage. Under a Commercial Property policy with an 80% Coinsurance clause, the penalty applies if the limit falls below requirements. What is the purpose of Coinsurance?",To encourage insuring to value,To completely eliminate small deductibles,To share moral hazard directly,To provide automatic inflation guard adjustments,Coinsurance functions to incentivize the policyholder to insure their property to a high percentage of its actual replacement value.,https://www.webce.com/
"[COMM-LINE-327] A dry cleaning facility is insured under a Commercial Package Policy (CPP). Who possesses the sole legal right to request modifications, cancel the policy, or handle premium transactions?",First Named Insured,Any Named Insured,The Designated Lienholder,The Principal Risk Broker,Commercial policies assign administrative control exclusively to the First Named Insured to streamline policy operations.,https://www.webce.com/
"[COMM-LINE-328] A third-party visitor files a lawsuit against a boutique hotel alleging bodily injury. Under the Commercial General Liability (CGL) coverage structure, what does Coverage A address?",Bodily Injury and Property Damage Liability,Personal and Advertising Injury Liability,Medical Payments without regard to fault,Professional Errors and Omissions,CGL Coverage A safeguards against legal exposure stemming from third-party Bodily Injury (BI) and Property Damage (PD).,https://www.webce.com/
"[COMM-LINE-329] A medical office clinic suffers total operational interruption from a theft of inventory. Under the Business Income form, the 'Period of Restoration' for business income coverage begins how long after the direct physical loss occurs?",72 hours,Immediately,24 hours,7 days,The default Period of Restoration for Business Income coverage begins exactly 72 hours after the time of direct physical damage.,https://www.webce.com/
"[COMM-LINE-330] A standard Businessowners Policy (BOP) is written for a graphic design studio with a $50,000 structural limit. Which of the following is naturally built into a standard unendorsed BOP?",Business Income and Extra Expense,Professional Liability,Workers Compensation,Flood Insurance,"A standard BOP uniquely packages Property, General Liability, and Business Income/Extra Expense coverages automatically together.",https://www.webce.com/
"[COMM-LINE-331] A auto repair shop experiences a severe accidental fire leading to $10,000 in inventory damage. Under a Commercial Property policy with an 80% Coinsurance clause, the penalty applies if the limit falls below requirements. What is the purpose of Coinsurance?",To encourage insuring to value,To completely eliminate small deductibles,To share moral hazard directly,To provide automatic inflation guard adjustments,Coinsurance functions to incentivize the policyholder to insure their property to a high percentage of its actual replacement value.,https://www.webce.com/
"[COMM-LINE-332] A retail storefront is insured under a Commercial Package Policy (CPP). Who possesses the sole legal right to request modifications, cancel the policy, or handle premium transactions?",First Named Insured,Any Named Insured,The Designated Lienholder,The Principal Risk Broker,Commercial policies assign administrative control exclusively to the First Named Insured to streamline policy operations.,https://www.webce.com/
"[COMM-LINE-333] A third-party visitor files a lawsuit against a light manufacturing warehouse alleging bodily injury. Under the Commercial General Liability (CGL) coverage structure, what does Coverage A address?",Bodily Injury and Property Damage Liability,Personal and Advertising Injury Liability,Medical Payments without regard to fault,Professional Errors and Omissions,CGL Coverage A safeguards against legal exposure stemming from third-party Bodily Injury (BI) and Property Damage (PD).,https://www.webce.com/
"[COMM-LINE-334] A local bakery suffers total operational interruption from a theft of inventory. Under the Business Income form, the 'Period of Restoration' for business income coverage begins how long after the direct physical loss occurs?",72 hours,Immediately,24 hours,7 days,The default Period of Restoration for Business Income coverage begins exactly 72 hours after the time of direct physical damage.,https://www.webce.com/
"[COMM-LINE-335] A standard Businessowners Policy (BOP) is written for a dry cleaning facility with a $50,000 structural limit. Which of the following is naturally built into a standard unendorsed BOP?",Business Income and Extra Expense,Professional Liability,Workers Compensation,Flood Insurance,"A standard BOP uniquely packages Property, General Liability, and Business Income/Extra Expense coverages automatically together.",https://www.webce.com/
"[COMM-LINE-336] A boutique hotel experiences a severe accidental fire leading to $10,000 in inventory damage. Under a Commercial Property policy with an 80% Coinsurance clause, the penalty applies if the limit falls below requirements. What is the purpose of Coinsurance?",To encourage insuring to value,To completely eliminate small deductibles,To share moral hazard directly,To provide automatic inflation guard adjustments,Coinsurance functions to incentivize the policyholder to insure their property to a high percentage of its actual replacement value.,https://www.webce.com/
"[COMM-LINE-337] A medical office clinic is insured under a Commercial Package Policy (CPP). Who possesses the sole legal right to request modifications, cancel the policy, or handle premium transactions?",First Named Insured,Any Named Insured,The Designated Lienholder,The Principal Risk Broker,Commercial policies assign administrative control exclusively to the First Named Insured to streamline policy operations.,https://www.webce.com/
"[COMM-LINE-338] A third-party visitor files a lawsuit against a graphic design studio alleging bodily injury. Under the Commercial General Liability (CGL) coverage structure, what does Coverage A address?",Bodily Injury and Property Damage Liability,Personal and Advertising Injury Liability,Medical Payments without regard to fault,Professional Errors and Omissions,CGL Coverage A safeguards against legal exposure stemming from third-party Bodily Injury (BI) and Property Damage (PD).,https://www.webce.com/
"[COMM-LINE-339] A auto repair shop suffers total operational interruption from a theft of inventory. Under the Business Income form, the 'Period of Restoration' for business income coverage begins how long after the direct physical loss occurs?",72 hours,Immediately,24 hours,7 days,The default Period of Restoration for Business Income coverage begins exactly 72 hours after the time of direct physical damage.,https://www.webce.com/
"[COMM-LINE-340] A standard Businessowners Policy (BOP) is written for a retail storefront with a $50,000 structural limit. Which of the following is naturally built into a standard unendorsed BOP?",Business Income and Extra Expense,Professional Liability,Workers Compensation,Flood Insurance,"A standard BOP uniquely packages Property, General Liability, and Business Income/Extra Expense coverages automatically together.",https://www.webce.com/
"[COMM-LINE-341] A light manufacturing warehouse experiences a severe accidental fire leading to $10,000 in inventory damage. Under a Commercial Property policy with an 80% Coinsurance clause, the penalty applies if the limit falls below requirements. What is the purpose of Coinsurance?",To encourage insuring to value,To completely eliminate small deductibles,To share moral hazard directly,To provide automatic inflation guard adjustments,Coinsurance functions to incentivize the policyholder to insure their property to a high percentage of its actual replacement value.,https://www.webce.com/
"[COMM-LINE-342] A local bakery is insured under a Commercial Package Policy (CPP). Who possesses the sole legal right to request modifications, cancel the policy, or handle premium transactions?",First Named Insured,Any Named Insured,The Designated Lienholder,The Principal Risk Broker,Commercial policies assign administrative control exclusively to the First Named Insured to streamline policy operations.,https://www.webce.com/
"[COMM-LINE-343] A third-party visitor files a lawsuit against a dry cleaning facility alleging bodily injury. Under the Commercial General Liability (CGL) coverage structure, what does Coverage A address?",Bodily Injury and Property Damage Liability,Personal and Advertising Injury Liability,Medical Payments without regard to fault,Professional Errors and Omissions,CGL Coverage A safeguards against legal exposure stemming from third-party Bodily Injury (BI) and Property Damage (PD).,https://www.webce.com/
"[COMM-LINE-344] A boutique hotel suffers total operational interruption from a theft of inventory. Under the Business Income form, the 'Period of Restoration' for business income coverage begins how long after the direct physical loss occurs?",72 hours,Immediately,24 hours,7 days,The default Period of Restoration for Business Income coverage begins exactly 72 hours after the time of direct physical damage.,https://www.webce.com/
"[COMM-LINE-345] A standard Businessowners Policy (BOP) is written for a medical office clinic with a $50,000 structural limit. Which of the following is naturally built into a standard unendorsed BOP?",Business Income and Extra Expense,Professional Liability,Workers Compensation,Flood Insurance,"A standard BOP uniquely packages Property, General Liability, and Business Income/Extra Expense coverages automatically together.",https://www.webce.com/
"[COMM-LINE-346] A graphic design studio experiences a severe accidental fire leading to $10,000 in inventory damage. Under a Commercial Property policy with an 80% Coinsurance clause, the penalty applies if the limit falls below requirements. What is the purpose of Coinsurance?",To encourage insuring to value,To completely eliminate small deductibles,To share moral hazard directly,To provide automatic inflation guard adjustments,Coinsurance functions to incentivize the policyholder to insure their property to a high percentage of its actual replacement value.,https://www.webce.com/
"[COMM-LINE-347] A auto repair shop is insured under a Commercial Package Policy (CPP). Who possesses the sole legal right to request modifications, cancel the policy, or handle premium transactions?",First Named Insured,Any Named Insured,The Designated Lienholder,The Principal Risk Broker,Commercial policies assign administrative control exclusively to the First Named Insured to streamline policy operations.,https://www.webce.com/
"[COMM-LINE-348] A third-party visitor files a lawsuit against a retail storefront alleging bodily injury. Under the Commercial General Liability (CGL) coverage structure, what does Coverage A address?",Bodily Injury and Property Damage Liability,Personal and Advertising Injury Liability,Medical Payments without regard to fault,Professional Errors and Omissions,CGL Coverage A safeguards against legal exposure stemming from third-party Bodily Injury (BI) and Property Damage (PD).,https://www.webce.com/
"[COMM-LINE-349] A light manufacturing warehouse suffers total operational interruption from a theft of inventory. Under the Business Income form, the 'Period of Restoration' for business income coverage begins how long after the direct physical loss occurs?",72 hours,Immediately,24 hours,7 days,The default Period of Restoration for Business Income coverage begins exactly 72 hours after the time of direct physical damage.,https://www.webce.com/
"[HO-POLICY-100] A homeowner purchases a dwelling policy structure value at $50,000. If they require an open-peril form on the dwelling but a named-peril scope on personal property, which form fits?",HO-3 Special Form,HO-2 Broad Form,HO-5 Comprehensive Form,HO-8 Modified Form,"The popular HO-3 form delivers broad, open-peril security on real structures but protects contents using specific named perils.",https://www.kaplanfinancial.com/
"[HO-POLICY-101] A policyholder secures an HO-5 policy matching a valuation layout of $100,000. What is the fundamental distinction regarding perils between HO-3 and HO-5 forms?",HO-5 provides open perils on both dwelling and contents,HO-5 covers flood threats natively,HO-3 uses replacement cost on contents,HO-5 excludes liability cover completely,HO-5 upgrades basic coverage parameters to extend open-peril frameworks across both structures (Dwelling) and personal property (Contents).,https://www.kaplanfinancial.com/
"[HO-POLICY-102] A tenant rents an apartment structure. To protect personal property against hazards like water pipe burst, which precise Homeowners policy series should they obtain?",HO-4 Contents Broad Form,HO-6 Unit-Owners Form,HO-1 Basic Form,HO-3 Special Form,"HO-4 is explicitly configured for tenants, shielding personal possessions and providing liability without structural dwelling cover.",https://www.kaplanfinancial.com/
"[HO-POLICY-103] A sudden vandalism causes $100,000 in structural damages under an unendorsed HO-3 policy. Under Coverage C, personal property items moved to a secondary storage location to prevent damage are fully protected for how long?",30 days,10 days,60 days,90 days,Property removed from a threatened site to protect it from an insured peril is covered at the new location for up to 30 days.,https://www.kaplanfinancial.com/
"[HO-POLICY-104] An older historical residence evaluated at $1,000,000 utilizes architecture that makes modern replacement costs impractical. Which specialized Homeowners policy form is designed for this risk?",HO-8 Modified Coverage Form,HO-2 Broad Form,HO-3 Special Form,HO-4 Contents Form,"HO-8 formats policy actions around functional replacement costs, ideal for historical structures where conventional rebuilding methods are prohibitively expensive.",https://www.kaplanfinancial.com/
"[HO-POLICY-105] A homeowner purchases a dwelling policy structure value at $50,000. If they require an open-peril form on the dwelling but a named-peril scope on personal property, which form fits?",HO-3 Special Form,HO-2 Broad Form,HO-5 Comprehensive Form,HO-8 Modified Form,"The popular HO-3 form delivers broad, open-peril security on real structures but protects contents using specific named perils.",https://www.kaplanfinancial.com/
"[HO-POLICY-106] A policyholder secures an HO-5 policy matching a valuation layout of $100,000. What is the fundamental distinction regarding perils between HO-3 and HO-5 forms?",HO-5 provides open perils on both dwelling and contents,HO-5 covers flood threats natively,HO-3 uses replacement cost on contents,HO-5 excludes liability cover completely,HO-5 upgrades basic coverage parameters to extend open-peril frameworks across both structures (Dwelling) and personal property (Contents).,https://www.kaplanfinancial.com/
"[HO-POLICY-107] A tenant rents an apartment structure. To protect personal property against hazards like water pipe burst, which precise Homeowners policy series should they obtain?",HO-4 Contents Broad Form,HO-6 Unit-Owners Form,HO-1 Basic Form,HO-3 Special Form,"HO-4 is explicitly configured for tenants, shielding personal possessions and providing liability without structural dwelling cover.",https://www.kaplanfinancial.com/
"[HO-POLICY-108] A sudden vandalism causes $100,000 in structural damages under an unendorsed HO-3 policy. Under Coverage C, personal property items moved to a secondary storage location to prevent damage are fully protected for how long?",30 days,10 days,60 days,90 days,Property removed from a threatened site to protect it from an insured peril is covered at the new location for up to 30 days.,https://www.kaplanfinancial.com/
"[HO-POLICY-109] An older historical residence evaluated at $1,000,000 utilizes architecture that makes modern replacement costs impractical. Which specialized Homeowners policy form is designed for this risk?",HO-8 Modified Coverage Form,HO-2 Broad Form,HO-3 Special Form,HO-4 Contents Form,"HO-8 formats policy actions around functional replacement costs, ideal for historical structures where conventional rebuilding methods are prohibitively expensive.",https://www.kaplanfinancial.com/
"[HO-POLICY-110] A homeowner purchases a dwelling policy structure value at $50,000. If they require an open-peril form on the dwelling but a named-peril scope on personal property, which form fits?",HO-3 Special Form,HO-2 Broad Form,HO-5 Comprehensive Form,HO-8 Modified Form,"The popular HO-3 form delivers broad, open-peril security on real structures but protects contents using specific named perils.",https://www.kaplanfinancial.com/
"[HO-POLICY-111] A policyholder secures an HO-5 policy matching a valuation layout of $100,000. What is the fundamental distinction regarding perils between HO-3 and HO-5 forms?",HO-5 provides open perils on both dwelling and contents,HO-5 covers flood threats natively,HO-3 uses replacement cost on contents,HO-5 excludes liability cover completely,HO-5 upgrades basic coverage parameters to extend open-peril frameworks across both structures (Dwelling) and personal property (Contents).,https://www.kaplanfinancial.com/
"[HO-POLICY-112] A tenant rents an apartment structure. To protect personal property against hazards like water pipe burst, which precise Homeowners policy series should they obtain?",HO-4 Contents Broad Form,HO-6 Unit-Owners Form,HO-1 Basic Form,HO-3 Special Form,"HO-4 is explicitly configured for tenants, shielding personal possessions and providing liability without structural dwelling cover.",https://www.kaplanfinancial.com/
"[HO-POLICY-113] A sudden vandalism causes $100,000 in structural damages under an unendorsed HO-3 policy. Under Coverage C, personal property items moved to a secondary storage location to prevent damage are fully protected for how long?",30 days,10 days,60 days,90 days,Property removed from a threatened site to protect it from an insured peril is covered at the new location for up to 30 days.,https://www.kaplanfinancial.com/
"[HO-POLICY-114] An older historical residence evaluated at $1,000,000 utilizes architecture that makes modern replacement costs impractical. Which specialized Homeowners policy form is designed for this risk?",HO-8 Modified Coverage Form,HO-2 Broad Form,HO-3 Special Form,HO-4 Contents Form,"HO-8 formats policy actions around functional replacement costs, ideal for historical structures where conventional rebuilding methods are prohibitively expensive.",https://www.kaplanfinancial.com/
"[HO-POLICY-115] A homeowner purchases a dwelling policy structure value at $50,000. If they require an open-peril form on the dwelling but a named-peril scope on personal property, which form fits?",HO-3 Special Form,HO-2 Broad Form,HO-5 Comprehensive Form,HO-8 Modified Form,"The popular HO-3 form delivers broad, open-peril security on real structures but protects contents using specific named perils.",https://www.kaplanfinancial.com/
"[HO-POLICY-116] A policyholder secures an HO-5 policy matching a valuation layout of $100,000. What is the fundamental distinction regarding perils between HO-3 and HO-5 forms?",HO-5 provides open perils on both dwelling and contents,HO-5 covers flood threats natively,HO-3 uses replacement cost on contents,HO-5 excludes liability cover completely,HO-5 upgrades basic coverage parameters to extend open-peril frameworks across both structures (Dwelling) and personal property (Contents).,https://www.kaplanfinancial.com/
"[HO-POLICY-117] A tenant rents an apartment structure. To protect personal property against hazards like water pipe burst, which precise Homeowners policy series should they obtain?",HO-4 Contents Broad Form,HO-6 Unit-Owners Form,HO-1 Basic Form,HO-3 Special Form,"HO-4 is explicitly configured for tenants, shielding personal possessions and providing liability without structural dwelling cover.",https://www.kaplanfinancial.com/
"[HO-POLICY-118] A sudden vandalism causes $100,000 in structural damages under an unendorsed HO-3 policy. Under Coverage C, personal property items moved to a secondary storage location to prevent damage are fully protected for how long?",30 days,10 days,60 days,90 days,Property removed from a threatened site to protect it from an insured peril is covered at the new location for up to 30 days.,https://www.kaplanfinancial.com/
"[HO-POLICY-119] An older historical residence evaluated at $1,000,000 utilizes architecture that makes modern replacement costs impractical. Which specialized Homeowners policy form is designed for this risk?",HO-8 Modified Coverage Form,HO-2 Broad Form,HO-3 Special Form,HO-4 Contents Form,"HO-8 formats policy actions around functional replacement costs, ideal for historical structures where conventional rebuilding methods are prohibitively expensive.",https://www.kaplanfinancial.com/
"[HO-POLICY-120] A homeowner purchases a dwelling policy structure value at $50,000. If they require an open-peril form on the dwelling but a named-peril scope on personal property, which form fits?",HO-3 Special Form,HO-2 Broad Form,HO-5 Comprehensive Form,HO-8 Modified Form,"The popular HO-3 form delivers broad, open-peril security on real structures but protects contents using specific named perils.",https://www.kaplanfinancial.com/
"[HO-POLICY-121] A policyholder secures an HO-5 policy matching a valuation layout of $100,000. What is the fundamental distinction regarding perils between HO-3 and HO-5 forms?",HO-5 provides open perils on both dwelling and contents,HO-5 covers flood threats natively,HO-3 uses replacement cost on contents,HO-5 excludes liability cover completely,HO-5 upgrades basic coverage parameters to extend open-peril frameworks across both structures (Dwelling) and personal property (Contents).,https://www.kaplanfinancial.com/
"[HO-POLICY-122] A tenant rents an apartment structure. To protect personal property against hazards like water pipe burst, which precise Homeowners policy series should they obtain?",HO-4 Contents Broad Form,HO-6 Unit-Owners Form,HO-1 Basic Form,HO-3 Special Form,"HO-4 is explicitly configured for tenants, shielding personal possessions and providing liability without structural dwelling cover.",https://www.kaplanfinancial.com/
"[HO-POLICY-123] A sudden vandalism causes $100,000 in structural damages under an unendorsed HO-3 policy. Under Coverage C, personal property items moved to a secondary storage location to prevent damage are fully protected for how long?",30 days,10 days,60 days,90 days,Property removed from a threatened site to protect it from an insured peril is covered at the new location for up to 30 days.,https://www.kaplanfinancial.com/
"[HO-POLICY-124] An older historical residence evaluated at $1,000,000 utilizes architecture that makes modern replacement costs impractical. Which specialized Homeowners policy form is designed for this risk?",HO-8 Modified Coverage Form,HO-2 Broad Form,HO-3 Special Form,HO-4 Contents Form,"HO-8 formats policy actions around functional replacement costs, ideal for historical structures where conventional rebuilding methods are prohibitively expensive.",https://www.kaplanfinancial.com/
"[HO-POLICY-125] A homeowner purchases a dwelling policy structure value at $50,000. If they require an open-peril form on the dwelling but a named-peril scope on personal property, which form fits?",HO-3 Special Form,HO-2 Broad Form,HO-5 Comprehensive Form,HO-8 Modified Form,"The popular HO-3 form delivers broad, open-peril security on real structures but protects contents using specific named perils.",https://www.kaplanfinancial.com/
"[HO-POLICY-126] A policyholder secures an HO-5 policy matching a valuation layout of $100,000. What is the fundamental distinction regarding perils between HO-3 and HO-5 forms?",HO-5 provides open perils on both dwelling and contents,HO-5 covers flood threats natively,HO-3 uses replacement cost on contents,HO-5 excludes liability cover completely,HO-5 upgrades basic coverage parameters to extend open-peril frameworks across both structures (Dwelling) and personal property (Contents).,https://www.kaplanfinancial.com/
"[HO-POLICY-127] A tenant rents an apartment structure. To protect personal property against hazards like water pipe burst, which precise Homeowners policy series should they obtain?",HO-4 Contents Broad Form,HO-6 Unit-Owners Form,HO-1 Basic Form,HO-3 Special Form,"HO-4 is explicitly configured for tenants, shielding personal possessions and providing liability without structural dwelling cover.",https://www.kaplanfinancial.com/
"[HO-POLICY-128] A sudden vandalism causes $100,000 in structural damages under an unendorsed HO-3 policy. Under Coverage C, personal property items moved to a secondary storage location to prevent damage are fully protected for how long?",30 days,10 days,60 days,90 days,Property removed from a threatened site to protect it from an insured peril is covered at the new location for up to 30 days.,https://www.kaplanfinancial.com/
"[HO-POLICY-129] An older historical residence evaluated at $1,000,000 utilizes architecture that makes modern replacement costs impractical. Which specialized Homeowners policy form is designed for this risk?",HO-8 Modified Coverage Form,HO-2 Broad Form,HO-3 Special Form,HO-4 Contents Form,"HO-8 formats policy actions around functional replacement costs, ideal for historical structures where conventional rebuilding methods are prohibitively expensive.",https://www.kaplanfinancial.com/
"[HO-POLICY-130] A homeowner purchases a dwelling policy structure value at $50,000. If they require an open-peril form on the dwelling but a named-peril scope on personal property, which form fits?",HO-3 Special Form,HO-2 Broad Form,HO-5 Comprehensive Form,HO-8 Modified Form,"The popular HO-3 form delivers broad, open-peril security on real structures but protects contents using specific named perils.",https://www.kaplanfinancial.com/
"[HO-POLICY-131] A policyholder secures an HO-5 policy matching a valuation layout of $100,000. What is the fundamental distinction regarding perils between HO-3 and HO-5 forms?",HO-5 provides open perils on both dwelling and contents,HO-5 covers flood threats natively,HO-3 uses replacement cost on contents,HO-5 excludes liability cover completely,HO-5 upgrades basic coverage parameters to extend open-peril frameworks across both structures (Dwelling) and personal property (Contents).,https://www.kaplanfinancial.com/
"[HO-POLICY-132] A tenant rents an apartment structure. To protect personal property against hazards like water pipe burst, which precise Homeowners policy series should they obtain?",HO-4 Contents Broad Form,HO-6 Unit-Owners Form,HO-1 Basic Form,HO-3 Special Form,"HO-4 is explicitly configured for tenants, shielding personal possessions and providing liability without structural dwelling cover.",https://www.kaplanfinancial.com/
"[HO-POLICY-133] A sudden vandalism causes $100,000 in structural damages under an unendorsed HO-3 policy. Under Coverage C, personal property items moved to a secondary storage location to prevent damage are fully protected for how long?",30 days,10 days,60 days,90 days,Property removed from a threatened site to protect it from an insured peril is covered at the new location for up to 30 days.,https://www.kaplanfinancial.com/
"[HO-POLICY-134] An older historical residence evaluated at $1,000,000 utilizes architecture that makes modern replacement costs impractical. Which specialized Homeowners policy form is designed for this risk?",HO-8 Modified Coverage Form,HO-2 Broad Form,HO-3 Special Form,HO-4 Contents Form,"HO-8 formats policy actions around functional replacement costs, ideal for historical structures where conventional rebuilding methods are prohibitively expensive.",https://www.kaplanfinancial.com/
"[HO-POLICY-135] A homeowner purchases a dwelling policy structure value at $50,000. If they require an open-peril form on the dwelling but a named-peril scope on personal property, which form fits?",HO-3 Special Form,HO-2 Broad Form,HO-5 Comprehensive Form,HO-8 Modified Form,"The popular HO-3 form delivers broad, open-peril security on real structures but protects contents using specific named perils.",https://www.kaplanfinancial.com/
"[HO-POLICY-136] A policyholder secures an HO-5 policy matching a valuation layout of $100,000. What is the fundamental distinction regarding perils between HO-3 and HO-5 forms?",HO-5 provides open perils on both dwelling and contents,HO-5 covers flood threats natively,HO-3 uses replacement cost on contents,HO-5 excludes liability cover completely,HO-5 upgrades basic coverage parameters to extend open-peril frameworks across both structures (Dwelling) and personal property (Contents).,https://www.kaplanfinancial.com/
"[HO-POLICY-137] A tenant rents an apartment structure. To protect personal property against hazards like water pipe burst, which precise Homeowners policy series should they obtain?",HO-4 Contents Broad Form,HO-6 Unit-Owners Form,HO-1 Basic Form,HO-3 Special Form,"HO-4 is explicitly configured for tenants, shielding personal possessions and providing liability without structural dwelling cover.",https://www.kaplanfinancial.com/
"[HO-POLICY-138] A sudden vandalism causes $100,000 in structural damages under an unendorsed HO-3 policy. Under Coverage C, personal property items moved to a secondary storage location to prevent damage are fully protected for how long?",30 days,10 days,60 days,90 days,Property removed from a threatened site to protect it from an insured peril is covered at the new location for up to 30 days.,https://www.kaplanfinancial.com/
"[HO-POLICY-139] An older historical residence evaluated at $1,000,000 utilizes architecture that makes modern replacement costs impractical. Which specialized Homeowners policy form is designed for this risk?",HO-8 Modified Coverage Form,HO-2 Broad Form,HO-3 Special Form,HO-4 Contents Form,"HO-8 formats policy actions around functional replacement costs, ideal for historical structures where conventional rebuilding methods are prohibitively expensive.",https://www.kaplanfinancial.com/
"[HO-POLICY-140] A homeowner purchases a dwelling policy structure value at $50,000. If they require an open-peril form on the dwelling but a named-peril scope on personal property, which form fits?",HO-3 Special Form,HO-2 Broad Form,HO-5 Comprehensive Form,HO-8 Modified Form,"The popular HO-3 form delivers broad, open-peril security on real structures but protects contents using specific named perils.",https://www.kaplanfinancial.com/
"[HO-POLICY-141] A policyholder secures an HO-5 policy matching a valuation layout of $100,000. What is the fundamental distinction regarding perils between HO-3 and HO-5 forms?",HO-5 provides open perils on both dwelling and contents,HO-5 covers flood threats natively,HO-3 uses replacement cost on contents,HO-5 excludes liability cover completely,HO-5 upgrades basic coverage parameters to extend open-peril frameworks across both structures (Dwelling) and personal property (Contents).,https://www.kaplanfinancial.com/
"[HO-POLICY-142] A tenant rents an apartment structure. To protect personal property against hazards like water pipe burst, which precise Homeowners policy series should they obtain?",HO-4 Contents Broad Form,HO-6 Unit-Owners Form,HO-1 Basic Form,HO-3 Special Form,"HO-4 is explicitly configured for tenants, shielding personal possessions and providing liability without structural dwelling cover.",https://www.kaplanfinancial.com/
"[HO-POLICY-143] A sudden vandalism causes $100,000 in structural damages under an unendorsed HO-3 policy. Under Coverage C, personal property items moved to a secondary storage location to prevent damage are fully protected for how long?",30 days,10 days,60 days,90 days,Property removed from a threatened site to protect it from an insured peril is covered at the new location for up to 30 days.,https://www.kaplanfinancial.com/
"[HO-POLICY-144] An older historical residence evaluated at $1,000,000 utilizes architecture that makes modern replacement costs impractical. Which specialized Homeowners policy form is designed for this risk?",HO-8 Modified Coverage Form,HO-2 Broad Form,HO-3 Special Form,HO-4 Contents Form,"HO-8 formats policy actions around functional replacement costs, ideal for historical structures where conventional rebuilding methods are prohibitively expensive.",https://www.kaplanfinancial.com/
"[HO-POLICY-145] A homeowner purchases a dwelling policy structure value at $50,000. If they require an open-peril form on the dwelling but a named-peril scope on personal property, which form fits?",HO-3 Special Form,HO-2 Broad Form,HO-5 Comprehensive Form,HO-8 Modified Form,"The popular HO-3 form delivers broad, open-peril security on real structures but protects contents using specific named perils.",https://www.kaplanfinancial.com/
"[HO-POLICY-146] A policyholder secures an HO-5 policy matching a valuation layout of $100,000. What is the fundamental distinction regarding perils between HO-3 and HO-5 forms?",HO-5 provides open perils on both dwelling and contents,HO-5 covers flood threats natively,HO-3 uses replacement cost on contents,HO-5 excludes liability cover completely,HO-5 upgrades basic coverage parameters to extend open-peril frameworks across both structures (Dwelling) and personal property (Contents).,https://www.kaplanfinancial.com/
"[HO-POLICY-147] A tenant rents an apartment structure. To protect personal property against hazards like water pipe burst, which precise Homeowners policy series should they obtain?",HO-4 Contents Broad Form,HO-6 Unit-Owners Form,HO-1 Basic Form,HO-3 Special Form,"HO-4 is explicitly configured for tenants, shielding personal possessions and providing liability without structural dwelling cover.",https://www.kaplanfinancial.com/
"[HO-POLICY-148] A sudden vandalism causes $100,000 in structural damages under an unendorsed HO-3 policy. Under Coverage C, personal property items moved to a secondary storage location to prevent damage are fully protected for how long?",30 days,10 days,60 days,90 days,Property removed from a threatened site to protect it from an insured peril is covered at the new location for up to 30 days.,https://www.kaplanfinancial.com/
"[HO-POLICY-149] An older historical residence evaluated at $1,000,000 utilizes architecture that makes modern replacement costs impractical. Which specialized Homeowners policy form is designed for this risk?",HO-8 Modified Coverage Form,HO-2 Broad Form,HO-3 Special Form,HO-4 Contents Form,"HO-8 formats policy actions around functional replacement costs, ideal for historical structures where conventional rebuilding methods are prohibitively expensive.",https://www.kaplanfinancial.com/
"[HO-POLICY-150] A homeowner purchases a dwelling policy structure value at $50,000. If they require an open-peril form on the dwelling but a named-peril scope on personal property, which form fits?",HO-3 Special Form,HO-2 Broad Form,HO-5 Comprehensive Form,HO-8 Modified Form,"The popular HO-3 form delivers broad, open-peril security on real structures but protects contents using specific named perils.",https://www.kaplanfinancial.com/
"[HO-POLICY-151] A policyholder secures an HO-5 policy matching a valuation layout of $100,000. What is the fundamental distinction regarding perils between HO-3 and HO-5 forms?",HO-5 provides open perils on both dwelling and contents,HO-5 covers flood threats natively,HO-3 uses replacement cost on contents,HO-5 excludes liability cover completely,HO-5 upgrades basic coverage parameters to extend open-peril frameworks across both structures (Dwelling) and personal property (Contents).,https://www.kaplanfinancial.com/
"[HO-POLICY-152] A tenant rents an apartment structure. To protect personal property against hazards like water pipe burst, which precise Homeowners policy series should they obtain?",HO-4 Contents Broad Form,HO-6 Unit-Owners Form,HO-1 Basic Form,HO-3 Special Form,"HO-4 is explicitly configured for tenants, shielding personal possessions and providing liability without structural dwelling cover.",https://www.kaplanfinancial.com/
"[HO-POLICY-153] A sudden vandalism causes $100,000 in structural damages under an unendorsed HO-3 policy. Under Coverage C, personal property items moved to a secondary storage location to prevent damage are fully protected for how long?",30 days,10 days,60 days,90 days,Property removed from a threatened site to protect it from an insured peril is covered at the new location for up to 30 days.,https://www.kaplanfinancial.com/
"[HO-POLICY-154] An older historical residence evaluated at $1,000,000 utilizes architecture that makes modern replacement costs impractical. Which specialized Homeowners policy form is designed for this risk?",HO-8 Modified Coverage Form,HO-2 Broad Form,HO-3 Special Form,HO-4 Contents Form,"HO-8 formats policy actions around functional replacement costs, ideal for historical structures where conventional rebuilding methods are prohibitively expensive.",https://www.kaplanfinancial.com/
"[HO-POLICY-155] A homeowner purchases a dwelling policy structure value at $50,000. If they require an open-peril form on the dwelling but a named-peril scope on personal property, which form fits?",HO-3 Special Form,HO-2 Broad Form,HO-5 Comprehensive Form,HO-8 Modified Form,"The popular HO-3 form delivers broad, open-peril security on real structures but protects contents using specific named perils.",https://www.kaplanfinancial.com/
"[HO-POLICY-156] A policyholder secures an HO-5 policy matching a valuation layout of $100,000. What is the fundamental distinction regarding perils between HO-3 and HO-5 forms?",HO-5 provides open perils on both dwelling and contents,HO-5 covers flood threats natively,HO-3 uses replacement cost on contents,HO-5 excludes liability cover completely,HO-5 upgrades basic coverage parameters to extend open-peril frameworks across both structures (Dwelling) and personal property (Contents).,https://www.kaplanfinancial.com/
"[HO-POLICY-157] A tenant rents an apartment structure. To protect personal property against hazards like water pipe burst, which precise Homeowners policy series should they obtain?",HO-4 Contents Broad Form,HO-6 Unit-Owners Form,HO-1 Basic Form,HO-3 Special Form,"HO-4 is explicitly configured for tenants, shielding personal possessions and providing liability without structural dwelling cover.",https://www.kaplanfinancial.com/
"[HO-POLICY-158] A sudden vandalism causes $100,000 in structural damages under an unendorsed HO-3 policy. Under Coverage C, personal property items moved to a secondary storage location to prevent damage are fully protected for how long?",30 days,10 days,60 days,90 days,Property removed from a threatened site to protect it from an insured peril is covered at the new location for up to 30 days.,https://www.kaplanfinancial.com/
"[HO-POLICY-159] An older historical residence evaluated at $1,000,000 utilizes architecture that makes modern replacement costs impractical. Which specialized Homeowners policy form is designed for this risk?",HO-8 Modified Coverage Form,HO-2 Broad Form,HO-3 Special Form,HO-4 Contents Form,"HO-8 formats policy actions around functional replacement costs, ideal for historical structures where conventional rebuilding methods are prohibitively expensive.",https://www.kaplanfinancial.com/
"[HO-POLICY-160] A homeowner purchases a dwelling policy structure value at $50,000. If they require an open-peril form on the dwelling but a named-peril scope on personal property, which form fits?",HO-3 Special Form,HO-2 Broad Form,HO-5 Comprehensive Form,HO-8 Modified Form,"The popular HO-3 form delivers broad, open-peril security on real structures but protects contents using specific named perils.",https://www.kaplanfinancial.com/
"[HO-POLICY-161] A policyholder secures an HO-5 policy matching a valuation layout of $100,000. What is the fundamental distinction regarding perils between HO-3 and HO-5 forms?",HO-5 provides open perils on both dwelling and contents,HO-5 covers flood threats natively,HO-3 uses replacement cost on contents,HO-5 excludes liability cover completely,HO-5 upgrades basic coverage parameters to extend open-peril frameworks across both structures (Dwelling) and personal property (Contents).,https://www.kaplanfinancial.com/
"[HO-POLICY-162] A tenant rents an apartment structure. To protect personal property against hazards like water pipe burst, which precise Homeowners policy series should they obtain?",HO-4 Contents Broad Form,HO-6 Unit-Owners Form,HO-1 Basic Form,HO-3 Special Form,"HO-4 is explicitly configured for tenants, shielding personal possessions and providing liability without structural dwelling cover.",https://www.kaplanfinancial.com/
"[HO-POLICY-163] A sudden vandalism causes $100,000 in structural damages under an unendorsed HO-3 policy. Under Coverage C, personal property items moved to a secondary storage location to prevent damage are fully protected for how long?",30 days,10 days,60 days,90 days,Property removed from a threatened site to protect it from an insured peril is covered at the new location for up to 30 days.,https://www.kaplanfinancial.com/
"[HO-POLICY-164] An older historical residence evaluated at $1,000,000 utilizes architecture that makes modern replacement costs impractical. Which specialized Homeowners policy form is designed for this risk?",HO-8 Modified Coverage Form,HO-2 Broad Form,HO-3 Special Form,HO-4 Contents Form,"HO-8 formats policy actions around functional replacement costs, ideal for historical structures where conventional rebuilding methods are prohibitively expensive.",https://www.kaplanfinancial.com/
"[HO-POLICY-165] A homeowner purchases a dwelling policy structure value at $50,000. If they require an open-peril form on the dwelling but a named-peril scope on personal property, which form fits?",HO-3 Special Form,HO-2 Broad Form,HO-5 Comprehensive Form,HO-8 Modified Form,"The popular HO-3 form delivers broad, open-peril security on real structures but protects contents using specific named perils.",https://www.kaplanfinancial.com/
"[HO-POLICY-166] A policyholder secures an HO-5 policy matching a valuation layout of $100,000. What is the fundamental distinction regarding perils between HO-3 and HO-5 forms?",HO-5 provides open perils on both dwelling and contents,HO-5 covers flood threats natively,HO-3 uses replacement cost on contents,HO-5 excludes liability cover completely,HO-5 upgrades basic coverage parameters to extend open-peril frameworks across both structures (Dwelling) and personal property (Contents).,https://www.kaplanfinancial.com/
"[HO-POLICY-167] A tenant rents an apartment structure. To protect personal property against hazards like water pipe burst, which precise Homeowners policy series should they obtain?",HO-4 Contents Broad Form,HO-6 Unit-Owners Form,HO-1 Basic Form,HO-3 Special Form,"HO-4 is explicitly configured for tenants, shielding personal possessions and providing liability without structural dwelling cover.",https://www.kaplanfinancial.com/
"[HO-POLICY-168] A sudden vandalism causes $100,000 in structural damages under an unendorsed HO-3 policy. Under Coverage C, personal property items moved to a secondary storage location to prevent damage are fully protected for how long?",30 days,10 days,60 days,90 days,Property removed from a threatened site to protect it from an insured peril is covered at the new location for up to 30 days.,https://www.kaplanfinancial.com/
"[HO-POLICY-169] An older historical residence evaluated at $1,000,000 utilizes architecture that makes modern replacement costs impractical. Which specialized Homeowners policy form is designed for this risk?",HO-8 Modified Coverage Form,HO-2 Broad Form,HO-3 Special Form,HO-4 Contents Form,"HO-8 formats policy actions around functional replacement costs, ideal for historical structures where conventional rebuilding methods are prohibitively expensive.",https://www.kaplanfinancial.com/
"[HO-POLICY-170] A homeowner purchases a dwelling policy structure value at $50,000. If they require an open-peril form on the dwelling but a named-peril scope on personal property, which form fits?",HO-3 Special Form,HO-2 Broad Form,HO-5 Comprehensive Form,HO-8 Modified Form,"The popular HO-3 form delivers broad, open-peril security on real structures but protects contents using specific named perils.",https://www.kaplanfinancial.com/
"[HO-POLICY-171] A policyholder secures an HO-5 policy matching a valuation layout of $100,000. What is the fundamental distinction regarding perils between HO-3 and HO-5 forms?",HO-5 provides open perils on both dwelling and contents,HO-5 covers flood threats natively,HO-3 uses replacement cost on contents,HO-5 excludes liability cover completely,HO-5 upgrades basic coverage parameters to extend open-peril frameworks across both structures (Dwelling) and personal property (Contents).,https://www.kaplanfinancial.com/
"[HO-POLICY-172] A tenant rents an apartment structure. To protect personal property against hazards like water pipe burst, which precise Homeowners policy series should they obtain?",HO-4 Contents Broad Form,HO-6 Unit-Owners Form,HO-1 Basic Form,HO-3 Special Form,"HO-4 is explicitly configured for tenants, shielding personal possessions and providing liability without structural dwelling cover.",https://www.kaplanfinancial.com/
"[HO-POLICY-173] A sudden vandalism causes $100,000 in structural damages under an unendorsed HO-3 policy. Under Coverage C, personal property items moved to a secondary storage location to prevent damage are fully protected for how long?",30 days,10 days,60 days,90 days,Property removed from a threatened site to protect it from an insured peril is covered at the new location for up to 30 days.,https://www.kaplanfinancial.com/
"[HO-POLICY-174] An older historical residence evaluated at $1,000,000 utilizes architecture that makes modern replacement costs impractical. Which specialized Homeowners policy form is designed for this risk?",HO-8 Modified Coverage Form,HO-2 Broad Form,HO-3 Special Form,HO-4 Contents Form,"HO-8 formats policy actions around functional replacement costs, ideal for historical structures where conventional rebuilding methods are prohibitively expensive.",https://www.kaplanfinancial.com/
"[HO-POLICY-175] A homeowner purchases a dwelling policy structure value at $50,000. If they require an open-peril form on the dwelling but a named-peril scope on personal property, which form fits?",HO-3 Special Form,HO-2 Broad Form,HO-5 Comprehensive Form,HO-8 Modified Form,"The popular HO-3 form delivers broad, open-peril security on real structures but protects contents using specific named perils.",https://www.kaplanfinancial.com/
"[HO-POLICY-176] A policyholder secures an HO-5 policy matching a valuation layout of $100,000. What is the fundamental distinction regarding perils between HO-3 and HO-5 forms?",HO-5 provides open perils on both dwelling and contents,HO-5 covers flood threats natively,HO-3 uses replacement cost on contents,HO-5 excludes liability cover completely,HO-5 upgrades basic coverage parameters to extend open-peril frameworks across both structures (Dwelling) and personal property (Contents).,https://www.kaplanfinancial.com/
"[HO-POLICY-177] A tenant rents an apartment structure. To protect personal property against hazards like water pipe burst, which precise Homeowners policy series should they obtain?",HO-4 Contents Broad Form,HO-6 Unit-Owners Form,HO-1 Basic Form,HO-3 Special Form,"HO-4 is explicitly configured for tenants, shielding personal possessions and providing liability without structural dwelling cover.",https://www.kaplanfinancial.com/
"[HO-POLICY-178] A sudden vandalism causes $100,000 in structural damages under an unendorsed HO-3 policy. Under Coverage C, personal property items moved to a secondary storage location to prevent damage are fully protected for how long?",30 days,10 days,60 days,90 days,Property removed from a threatened site to protect it from an insured peril is covered at the new location for up to 30 days.,https://www.kaplanfinancial.com/
"[HO-POLICY-179] An older historical residence evaluated at $1,000,000 utilizes architecture that makes modern replacement costs impractical. Which specialized Homeowners policy form is designed for this risk?",HO-8 Modified Coverage Form,HO-2 Broad Form,HO-3 Special Form,HO-4 Contents Form,"HO-8 formats policy actions around functional replacement costs, ideal for historical structures where conventional rebuilding methods are prohibitively expensive.",https://www.kaplanfinancial.com/
"[HO-POLICY-180] A homeowner purchases a dwelling policy structure value at $50,000. If they require an open-peril form on the dwelling but a named-peril scope on personal property, which form fits?",HO-3 Special Form,HO-2 Broad Form,HO-5 Comprehensive Form,HO-8 Modified Form,"The popular HO-3 form delivers broad, open-peril security on real structures but protects contents using specific named perils.",https://www.kaplanfinancial.com/
"[HO-POLICY-181] A policyholder secures an HO-5 policy matching a valuation layout of $100,000. What is the fundamental distinction regarding perils between HO-3 and HO-5 forms?",HO-5 provides open perils on both dwelling and contents,HO-5 covers flood threats natively,HO-3 uses replacement cost on contents,HO-5 excludes liability cover completely,HO-5 upgrades basic coverage parameters to extend open-peril frameworks across both structures (Dwelling) and personal property (Contents).,https://www.kaplanfinancial.com/
"[HO-POLICY-182] A tenant rents an apartment structure. To protect personal property against hazards like water pipe burst, which precise Homeowners policy series should they obtain?",HO-4 Contents Broad Form,HO-6 Unit-Owners Form,HO-1 Basic Form,HO-3 Special Form,"HO-4 is explicitly configured for tenants, shielding personal possessions and providing liability without structural dwelling cover.",https://www.kaplanfinancial.com/
"[HO-POLICY-183] A sudden vandalism causes $100,000 in structural damages under an unendorsed HO-3 policy. Under Coverage C, personal property items moved to a secondary storage location to prevent damage are fully protected for how long?",30 days,10 days,60 days,90 days,Property removed from a threatened site to protect it from an insured peril is covered at the new location for up to 30 days.,https://www.kaplanfinancial.com/
"[HO-POLICY-184] An older historical residence evaluated at $1,000,000 utilizes architecture that makes modern replacement costs impractical. Which specialized Homeowners policy form is designed for this risk?",HO-8 Modified Coverage Form,HO-2 Broad Form,HO-3 Special Form,HO-4 Contents Form,"HO-8 formats policy actions around functional replacement costs, ideal for historical structures where conventional rebuilding methods are prohibitively expensive.",https://www.kaplanfinancial.com/
"[HO-POLICY-185] A homeowner purchases a dwelling policy structure value at $50,000. If they require an open-peril form on the dwelling but a named-peril scope on personal property, which form fits?",HO-3 Special Form,HO-2 Broad Form,HO-5 Comprehensive Form,HO-8 Modified Form,"The popular HO-3 form delivers broad, open-peril security on real structures but protects contents using specific named perils.",https://www.kaplanfinancial.com/
"[HO-POLICY-186] A policyholder secures an HO-5 policy matching a valuation layout of $100,000. What is the fundamental distinction regarding perils between HO-3 and HO-5 forms?",HO-5 provides open perils on both dwelling and contents,HO-5 covers flood threats natively,HO-3 uses replacement cost on contents,HO-5 excludes liability cover completely,HO-5 upgrades basic coverage parameters to extend open-peril frameworks across both structures (Dwelling) and personal property (Contents).,https://www.kaplanfinancial.com/
"[HO-POLICY-187] A tenant rents an apartment structure. To protect personal property against hazards like water pipe burst, which precise Homeowners policy series should they obtain?",HO-4 Contents Broad Form,HO-6 Unit-Owners Form,HO-1 Basic Form,HO-3 Special Form,"HO-4 is explicitly configured for tenants, shielding personal possessions and providing liability without structural dwelling cover.",https://www.kaplanfinancial.com/
"[HO-POLICY-188] A sudden vandalism causes $100,000 in structural damages under an unendorsed HO-3 policy. Under Coverage C, personal property items moved to a secondary storage location to prevent damage are fully protected for how long?",30 days,10 days,60 days,90 days,Property removed from a threatened site to protect it from an insured peril is covered at the new location for up to 30 days.,https://www.kaplanfinancial.com/
"[HO-POLICY-189] An older historical residence evaluated at $1,000,000 utilizes architecture that makes modern replacement costs impractical. Which specialized Homeowners policy form is designed for this risk?",HO-8 Modified Coverage Form,HO-2 Broad Form,HO-3 Special Form,HO-4 Contents Form,"HO-8 formats policy actions around functional replacement costs, ideal for historical structures where conventional rebuilding methods are prohibitively expensive.",https://www.kaplanfinancial.com/
"[HO-POLICY-190] A homeowner purchases a dwelling policy structure value at $50,000. If they require an open-peril form on the dwelling but a named-peril scope on personal property, which form fits?",HO-3 Special Form,HO-2 Broad Form,HO-5 Comprehensive Form,HO-8 Modified Form,"The popular HO-3 form delivers broad, open-peril security on real structures but protects contents using specific named perils.",https://www.kaplanfinancial.com/
"[HO-POLICY-191] A policyholder secures an HO-5 policy matching a valuation layout of $100,000. What is the fundamental distinction regarding perils between HO-3 and HO-5 forms?",HO-5 provides open perils on both dwelling and contents,HO-5 covers flood threats natively,HO-3 uses replacement cost on contents,HO-5 excludes liability cover completely,HO-5 upgrades basic coverage parameters to extend open-peril frameworks across both structures (Dwelling) and personal property (Contents).,https://www.kaplanfinancial.com/
"[HO-POLICY-192] A tenant rents an apartment structure. To protect personal property against hazards like water pipe burst, which precise Homeowners policy series should they obtain?",HO-4 Contents Broad Form,HO-6 Unit-Owners Form,HO-1 Basic Form,HO-3 Special Form,"HO-4 is explicitly configured for tenants, shielding personal possessions and providing liability without structural dwelling cover.",https://www.kaplanfinancial.com/
"[HO-POLICY-193] A sudden vandalism causes $100,000 in structural damages under an unendorsed HO-3 policy. Under Coverage C, personal property items moved to a secondary storage location to prevent damage are fully protected for how long?",30 days,10 days,60 days,90 days,Property removed from a threatened site to protect it from an insured peril is covered at the new location for up to 30 days.,https://www.kaplanfinancial.com/
"[HO-POLICY-194] An older historical residence evaluated at $1,000,000 utilizes architecture that makes modern replacement costs impractical. Which specialized Homeowners policy form is designed for this risk?",HO-8 Modified Coverage Form,HO-2 Broad Form,HO-3 Special Form,HO-4 Contents Form,"HO-8 formats policy actions around functional replacement costs, ideal for historical structures where conventional rebuilding methods are prohibitively expensive.",https://www.kaplanfinancial.com/
"[HO-POLICY-195] A homeowner purchases a dwelling policy structure value at $50,000. If they require an open-peril form on the dwelling but a named-peril scope on personal property, which form fits?",HO-3 Special Form,HO-2 Broad Form,HO-5 Comprehensive Form,HO-8 Modified Form,"The popular HO-3 form delivers broad, open-peril security on real structures but protects contents using specific named perils.",https://www.kaplanfinancial.com/
"[HO-POLICY-196] A policyholder secures an HO-5 policy matching a valuation layout of $100,000. What is the fundamental distinction regarding perils between HO-3 and HO-5 forms?",HO-5 provides open perils on both dwelling and contents,HO-5 covers flood threats natively,HO-3 uses replacement cost on contents,HO-5 excludes liability cover completely,HO-5 upgrades basic coverage parameters to extend open-peril frameworks across both structures (Dwelling) and personal property (Contents).,https://www.kaplanfinancial.com/
"[HO-POLICY-197] A tenant rents an apartment structure. To protect personal property against hazards like water pipe burst, which precise Homeowners policy series should they obtain?",HO-4 Contents Broad Form,HO-6 Unit-Owners Form,HO-1 Basic Form,HO-3 Special Form,"HO-4 is explicitly configured for tenants, shielding personal possessions and providing liability without structural dwelling cover.",https://www.kaplanfinancial.com/
"[HO-POLICY-198] A sudden vandalism causes $100,000 in structural damages under an unendorsed HO-3 policy. Under Coverage C, personal property items moved to a secondary storage location to prevent damage are fully protected for how long?",30 days,10 days,60 days,90 days,Property removed from a threatened site to protect it from an insured peril is covered at the new location for up to 30 days.,https://www.kaplanfinancial.com/
"[HO-POLICY-199] An older historical residence evaluated at $1,000,000 utilizes architecture that makes modern replacement costs impractical. Which specialized Homeowners policy form is designed for this risk?",HO-8 Modified Coverage Form,HO-2 Broad Form,HO-3 Special Form,HO-4 Contents Form,"HO-8 formats policy actions around functional replacement costs, ideal for historical structures where conventional rebuilding methods are prohibitively expensive.",https://www.kaplanfinancial.com/
"[HO-POLICY-200] A homeowner purchases a dwelling policy structure value at $50,000. If they require an open-peril form on the dwelling but a named-peril scope on personal property, which form fits?",HO-3 Special Form,HO-2 Broad Form,HO-5 Comprehensive Form,HO-8 Modified Form,"The popular HO-3 form delivers broad, open-peril security on real structures but protects contents using specific named perils.",https://www.kaplanfinancial.com/
"[HO-POLICY-201] A policyholder secures an HO-5 policy matching a valuation layout of $100,000. What is the fundamental distinction regarding perils between HO-3 and HO-5 forms?",HO-5 provides open perils on both dwelling and contents,HO-5 covers flood threats natively,HO-3 uses replacement cost on contents,HO-5 excludes liability cover completely,HO-5 upgrades basic coverage parameters to extend open-peril frameworks across both structures (Dwelling) and personal property (Contents).,https://www.kaplanfinancial.com/
"[HO-POLICY-202] A tenant rents an apartment structure. To protect personal property against hazards like water pipe burst, which precise Homeowners policy series should they obtain?",HO-4 Contents Broad Form,HO-6 Unit-Owners Form,HO-1 Basic Form,HO-3 Special Form,"HO-4 is explicitly configured for tenants, shielding personal possessions and providing liability without structural dwelling cover.",https://www.kaplanfinancial.com/
"[HO-POLICY-203] A sudden vandalism causes $100,000 in structural damages under an unendorsed HO-3 policy. Under Coverage C, personal property items moved to a secondary storage location to prevent damage are fully protected for how long?",30 days,10 days,60 days,90 days,Property removed from a threatened site to protect it from an insured peril is covered at the new location for up to 30 days.,https://www.kaplanfinancial.com/
"[HO-POLICY-204] An older historical residence evaluated at $1,000,000 utilizes architecture that makes modern replacement costs impractical. Which specialized Homeowners policy form is designed for this risk?",HO-8 Modified Coverage Form,HO-2 Broad Form,HO-3 Special Form,HO-4 Contents Form,"HO-8 formats policy actions around functional replacement costs, ideal for historical structures where conventional rebuilding methods are prohibitively expensive.",https://www.kaplanfinancial.com/
"[HO-POLICY-205] A homeowner purchases a dwelling policy structure value at $50,000. If they require an open-peril form on the dwelling but a named-peril scope on personal property, which form fits?",HO-3 Special Form,HO-2 Broad Form,HO-5 Comprehensive Form,HO-8 Modified Form,"The popular HO-3 form delivers broad, open-peril security on real structures but protects contents using specific named perils.",https://www.kaplanfinancial.com/
"[HO-POLICY-206] A policyholder secures an HO-5 policy matching a valuation layout of $100,000. What is the fundamental distinction regarding perils between HO-3 and HO-5 forms?",HO-5 provides open perils on both dwelling and contents,HO-5 covers flood threats natively,HO-3 uses replacement cost on contents,HO-5 excludes liability cover completely,HO-5 upgrades basic coverage parameters to extend open-peril frameworks across both structures (Dwelling) and personal property (Contents).,https://www.kaplanfinancial.com/
"[HO-POLICY-207] A tenant rents an apartment structure. To protect personal property against hazards like water pipe burst, which precise Homeowners policy series should they obtain?",HO-4 Contents Broad Form,HO-6 Unit-Owners Form,HO-1 Basic Form,HO-3 Special Form,"HO-4 is explicitly configured for tenants, shielding personal possessions and providing liability without structural dwelling cover.",https://www.kaplanfinancial.com/
"[HO-POLICY-208] A sudden vandalism causes $100,000 in structural damages under an unendorsed HO-3 policy. Under Coverage C, personal property items moved to a secondary storage location to prevent damage are fully protected for how long?",30 days,10 days,60 days,90 days,Property removed from a threatened site to protect it from an insured peril is covered at the new location for up to 30 days.,https://www.kaplanfinancial.com/
"[HO-POLICY-209] An older historical residence evaluated at $1,000,000 utilizes architecture that makes modern replacement costs impractical. Which specialized Homeowners policy form is designed for this risk?",HO-8 Modified Coverage Form,HO-2 Broad Form,HO-3 Special Form,HO-4 Contents Form,"HO-8 formats policy actions around functional replacement costs, ideal for historical structures where conventional rebuilding methods are prohibitively expensive.",https://www.kaplanfinancial.com/
"[HO-POLICY-210] A homeowner purchases a dwelling policy structure value at $50,000. If they require an open-peril form on the dwelling but a named-peril scope on personal property, which form fits?",HO-3 Special Form,HO-2 Broad Form,HO-5 Comprehensive Form,HO-8 Modified Form,"The popular HO-3 form delivers broad, open-peril security on real structures but protects contents using specific named perils.",https://www.kaplanfinancial.com/
"[HO-POLICY-211] A policyholder secures an HO-5 policy matching a valuation layout of $100,000. What is the fundamental distinction regarding perils between HO-3 and HO-5 forms?",HO-5 provides open perils on both dwelling and contents,HO-5 covers flood threats natively,HO-3 uses replacement cost on contents,HO-5 excludes liability cover completely,HO-5 upgrades basic coverage parameters to extend open-peril frameworks across both structures (Dwelling) and personal property (Contents).,https://www.kaplanfinancial.com/
"[HO-POLICY-212] A tenant rents an apartment structure. To protect personal property against hazards like water pipe burst, which precise Homeowners policy series should they obtain?",HO-4 Contents Broad Form,HO-6 Unit-Owners Form,HO-1 Basic Form,HO-3 Special Form,"HO-4 is explicitly configured for tenants, shielding personal possessions and providing liability without structural dwelling cover.",https://www.kaplanfinancial.com/
"[HO-POLICY-213] A sudden vandalism causes $100,000 in structural damages under an unendorsed HO-3 policy. Under Coverage C, personal property items moved to a secondary storage location to prevent damage are fully protected for how long?",30 days,10 days,60 days,90 days,Property removed from a threatened site to protect it from an insured peril is covered at the new location for up to 30 days.,https://www.kaplanfinancial.com/
"[HO-POLICY-214] An older historical residence evaluated at $1,000,000 utilizes architecture that makes modern replacement costs impractical. Which specialized Homeowners policy form is designed for this risk?",HO-8 Modified Coverage Form,HO-2 Broad Form,HO-3 Special Form,HO-4 Contents Form,"HO-8 formats policy actions around functional replacement costs, ideal for historical structures where conventional rebuilding methods are prohibitively expensive.",https://www.kaplanfinancial.com/
"[HO-POLICY-215] A homeowner purchases a dwelling policy structure value at $50,000. If they require an open-peril form on the dwelling but a named-peril scope on personal property, which form fits?",HO-3 Special Form,HO-2 Broad Form,HO-5 Comprehensive Form,HO-8 Modified Form,"The popular HO-3 form delivers broad, open-peril security on real structures but protects contents using specific named perils.",https://www.kaplanfinancial.com/
"[HO-POLICY-216] A policyholder secures an HO-5 policy matching a valuation layout of $100,000. What is the fundamental distinction regarding perils between HO-3 and HO-5 forms?",HO-5 provides open perils on both dwelling and contents,HO-5 covers flood threats natively,HO-3 uses replacement cost on contents,HO-5 excludes liability cover completely,HO-5 upgrades basic coverage parameters to extend open-peril frameworks across both structures (Dwelling) and personal property (Contents).,https://www.kaplanfinancial.com/
"[HO-POLICY-217] A tenant rents an apartment structure. To protect personal property against hazards like water pipe burst, which precise Homeowners policy series should they obtain?",HO-4 Contents Broad Form,HO-6 Unit-Owners Form,HO-1 Basic Form,HO-3 Special Form,"HO-4 is explicitly configured for tenants, shielding personal possessions and providing liability without structural dwelling cover.",https://www.kaplanfinancial.com/
"[HO-POLICY-218] A sudden vandalism causes $100,000 in structural damages under an unendorsed HO-3 policy. Under Coverage C, personal property items moved to a secondary storage location to prevent damage are fully protected for how long?",30 days,10 days,60 days,90 days,Property removed from a threatened site to protect it from an insured peril is covered at the new location for up to 30 days.,https://www.kaplanfinancial.com/
"[HO-POLICY-219] An older historical residence evaluated at $1,000,000 utilizes architecture that makes modern replacement costs impractical. Which specialized Homeowners policy form is designed for this risk?",HO-8 Modified Coverage Form,HO-2 Broad Form,HO-3 Special Form,HO-4 Contents Form,"HO-8 formats policy actions around functional replacement costs, ideal for historical structures where conventional rebuilding methods are prohibitively expensive.",https://www.kaplanfinancial.com/
"[HO-POLICY-220] A homeowner purchases a dwelling policy structure value at $50,000. If they require an open-peril form on the dwelling but a named-peril scope on personal property, which form fits?",HO-3 Special Form,HO-2 Broad Form,HO-5 Comprehensive Form,HO-8 Modified Form,"The popular HO-3 form delivers broad, open-peril security on real structures but protects contents using specific named perils.",https://www.kaplanfinancial.com/
"[HO-POLICY-221] A policyholder secures an HO-5 policy matching a valuation layout of $100,000. What is the fundamental distinction regarding perils between HO-3 and HO-5 forms?",HO-5 provides open perils on both dwelling and contents,HO-5 covers flood threats natively,HO-3 uses replacement cost on contents,HO-5 excludes liability cover completely,HO-5 upgrades basic coverage parameters to extend open-peril frameworks across both structures (Dwelling) and personal property (Contents).,https://www.kaplanfinancial.com/
"[HO-POLICY-222] A tenant rents an apartment structure. To protect personal property against hazards like water pipe burst, which precise Homeowners policy series should they obtain?",HO-4 Contents Broad Form,HO-6 Unit-Owners Form,HO-1 Basic Form,HO-3 Special Form,"HO-4 is explicitly configured for tenants, shielding personal possessions and providing liability without structural dwelling cover.",https://www.kaplanfinancial.com/
"[HO-POLICY-223] A sudden vandalism causes $100,000 in structural damages under an unendorsed HO-3 policy. Under Coverage C, personal property items moved to a secondary storage location to prevent damage are fully protected for how long?",30 days,10 days,60 days,90 days,Property removed from a threatened site to protect it from an insured peril is covered at the new location for up to 30 days.,https://www.kaplanfinancial.com/
"[HO-POLICY-224] An older historical residence evaluated at $1,000,000 utilizes architecture that makes modern replacement costs impractical. Which specialized Homeowners policy form is designed for this risk?",HO-8 Modified Coverage Form,HO-2 Broad Form,HO-3 Special Form,HO-4 Contents Form,"HO-8 formats policy actions around functional replacement costs, ideal for historical structures where conventional rebuilding methods are prohibitively expensive.",https://www.kaplanfinancial.com/
"[HO-POLICY-225] A homeowner purchases a dwelling policy structure value at $50,000. If they require an open-peril form on the dwelling but a named-peril scope on personal property, which form fits?",HO-3 Special Form,HO-2 Broad Form,HO-5 Comprehensive Form,HO-8 Modified Form,"The popular HO-3 form delivers broad, open-peril security on real structures but protects contents using specific named perils.",https://www.kaplanfinancial.com/
"[HO-POLICY-226] A policyholder secures an HO-5 policy matching a valuation layout of $100,000. What is the fundamental distinction regarding perils between HO-3 and HO-5 forms?",HO-5 provides open perils on both dwelling and contents,HO-5 covers flood threats natively,HO-3 uses replacement cost on contents,HO-5 excludes liability cover completely,HO-5 upgrades basic coverage parameters to extend open-peril frameworks across both structures (Dwelling) and personal property (Contents).,https://www.kaplanfinancial.com/
"[HO-POLICY-227] A tenant rents an apartment structure. To protect personal property against hazards like water pipe burst, which precise Homeowners policy series should they obtain?",HO-4 Contents Broad Form,HO-6 Unit-Owners Form,HO-1 Basic Form,HO-3 Special Form,"HO-4 is explicitly configured for tenants, shielding personal possessions and providing liability without structural dwelling cover.",https://www.kaplanfinancial.com/
"[HO-POLICY-228] A sudden vandalism causes $100,000 in structural damages under an unendorsed HO-3 policy. Under Coverage C, personal property items moved to a secondary storage location to prevent damage are fully protected for how long?",30 days,10 days,60 days,90 days,Property removed from a threatened site to protect it from an insured peril is covered at the new location for up to 30 days.,https://www.kaplanfinancial.com/
"[HO-POLICY-229] An older historical residence evaluated at $1,000,000 utilizes architecture that makes modern replacement costs impractical. Which specialized Homeowners policy form is designed for this risk?",HO-8 Modified Coverage Form,HO-2 Broad Form,HO-3 Special Form,HO-4 Contents Form,"HO-8 formats policy actions around functional replacement costs, ideal for historical structures where conventional rebuilding methods are prohibitively expensive.",https://www.kaplanfinancial.com/
"[HO-POLICY-230] A homeowner purchases a dwelling policy structure value at $50,000. If they require an open-peril form on the dwelling but a named-peril scope on personal property, which form fits?",HO-3 Special Form,HO-2 Broad Form,HO-5 Comprehensive Form,HO-8 Modified Form,"The popular HO-3 form delivers broad, open-peril security on real structures but protects contents using specific named perils.",https://www.kaplanfinancial.com/
"[HO-POLICY-231] A policyholder secures an HO-5 policy matching a valuation layout of $100,000. What is the fundamental distinction regarding perils between HO-3 and HO-5 forms?",HO-5 provides open perils on both dwelling and contents,HO-5 covers flood threats natively,HO-3 uses replacement cost on contents,HO-5 excludes liability cover completely,HO-5 upgrades basic coverage parameters to extend open-peril frameworks across both structures (Dwelling) and personal property (Contents).,https://www.kaplanfinancial.com/
"[HO-POLICY-232] A tenant rents an apartment structure. To protect personal property against hazards like water pipe burst, which precise Homeowners policy series should they obtain?",HO-4 Contents Broad Form,HO-6 Unit-Owners Form,HO-1 Basic Form,HO-3 Special Form,"HO-4 is explicitly configured for tenants, shielding personal possessions and providing liability without structural dwelling cover.",https://www.kaplanfinancial.com/
"[HO-POLICY-233] A sudden vandalism causes $100,000 in structural damages under an unendorsed HO-3 policy. Under Coverage C, personal property items moved to a secondary storage location to prevent damage are fully protected for how long?",30 days,10 days,60 days,90 days,Property removed from a threatened site to protect it from an insured peril is covered at the new location for up to 30 days.,https://www.kaplanfinancial.com/
"[HO-POLICY-234] An older historical residence evaluated at $1,000,000 utilizes architecture that makes modern replacement costs impractical. Which specialized Homeowners policy form is designed for this risk?",HO-8 Modified Coverage Form,HO-2 Broad Form,HO-3 Special Form,HO-4 Contents Form,"HO-8 formats policy actions around functional replacement costs, ideal for historical structures where conventional rebuilding methods are prohibitively expensive.",https://www.kaplanfinancial.com/
"[HO-POLICY-235] A homeowner purchases a dwelling policy structure value at $50,000. If they require an open-peril form on the dwelling but a named-peril scope on personal property, which form fits?",HO-3 Special Form,HO-2 Broad Form,HO-5 Comprehensive Form,HO-8 Modified Form,"The popular HO-3 form delivers broad, open-peril security on real structures but protects contents using specific named perils.",https://www.kaplanfinancial.com/
"[HO-POLICY-236] A policyholder secures an HO-5 policy matching a valuation layout of $100,000. What is the fundamental distinction regarding perils between HO-3 and HO-5 forms?",HO-5 provides open perils on both dwelling and contents,HO-5 covers flood threats natively,HO-3 uses replacement cost on contents,HO-5 excludes liability cover completely,HO-5 upgrades basic coverage parameters to extend open-peril frameworks across both structures (Dwelling) and personal property (Contents).,https://www.kaplanfinancial.com/
"[HO-POLICY-237] A tenant rents an apartment structure. To protect personal property against hazards like water pipe burst, which precise Homeowners policy series should they obtain?",HO-4 Contents Broad Form,HO-6 Unit-Owners Form,HO-1 Basic Form,HO-3 Special Form,"HO-4 is explicitly configured for tenants, shielding personal possessions and providing liability without structural dwelling cover.",https://www.kaplanfinancial.com/
"[HO-POLICY-238] A sudden vandalism causes $100,000 in structural damages under an unendorsed HO-3 policy. Under Coverage C, personal property items moved to a secondary storage location to prevent damage are fully protected for how long?",30 days,10 days,60 days,90 days,Property removed from a threatened site to protect it from an insured peril is covered at the new location for up to 30 days.,https://www.kaplanfinancial.com/
"[HO-POLICY-239] An older historical residence evaluated at $1,000,000 utilizes architecture that makes modern replacement costs impractical. Which specialized Homeowners policy form is designed for this risk?",HO-8 Modified Coverage Form,HO-2 Broad Form,HO-3 Special Form,HO-4 Contents Form,"HO-8 formats policy actions around functional replacement costs, ideal for historical structures where conventional rebuilding methods are prohibitively expensive.",https://www.kaplanfinancial.com/
"[HO-POLICY-240] A homeowner purchases a dwelling policy structure value at $50,000. If they require an open-peril form on the dwelling but a named-peril scope on personal property, which form fits?",HO-3 Special Form,HO-2 Broad Form,HO-5 Comprehensive Form,HO-8 Modified Form,"The popular HO-3 form delivers broad, open-peril security on real structures but protects contents using specific named perils.",https://www.kaplanfinancial.com/
"[HO-POLICY-241] A policyholder secures an HO-5 policy matching a valuation layout of $100,000. What is the fundamental distinction regarding perils between HO-3 and HO-5 forms?",HO-5 provides open perils on both dwelling and contents,HO-5 covers flood threats natively,HO-3 uses replacement cost on contents,HO-5 excludes liability cover completely,HO-5 upgrades basic coverage parameters to extend open-peril frameworks across both structures (Dwelling) and personal property (Contents).,https://www.kaplanfinancial.com/
"[HO-POLICY-242] A tenant rents an apartment structure. To protect personal property against hazards like water pipe burst, which precise Homeowners policy series should they obtain?",HO-4 Contents Broad Form,HO-6 Unit-Owners Form,HO-1 Basic Form,HO-3 Special Form,"HO-4 is explicitly configured for tenants, shielding personal possessions and providing liability without structural dwelling cover.",https://www.kaplanfinancial.com/
"[HO-POLICY-243] A sudden vandalism causes $100,000 in structural damages under an unendorsed HO-3 policy. Under Coverage C, personal property items moved to a secondary storage location to prevent damage are fully protected for how long?",30 days,10 days,60 days,90 days,Property removed from a threatened site to protect it from an insured peril is covered at the new location for up to 30 days.,https://www.kaplanfinancial.com/
"[HO-POLICY-244] An older historical residence evaluated at $1,000,000 utilizes architecture that makes modern replacement costs impractical. Which specialized Homeowners policy form is designed for this risk?",HO-8 Modified Coverage Form,HO-2 Broad Form,HO-3 Special Form,HO-4 Contents Form,"HO-8 formats policy actions around functional replacement costs, ideal for historical structures where conventional rebuilding methods are prohibitively expensive.",https://www.kaplanfinancial.com/
"[HO-POLICY-245] A homeowner purchases a dwelling policy structure value at $50,000. If they require an open-peril form on the dwelling but a named-peril scope on personal property, which form fits?",HO-3 Special Form,HO-2 Broad Form,HO-5 Comprehensive Form,HO-8 Modified Form,"The popular HO-3 form delivers broad, open-peril security on real structures but protects contents using specific named perils.",https://www.kaplanfinancial.com/
"[HO-POLICY-246] A policyholder secures an HO-5 policy matching a valuation layout of $100,000. What is the fundamental distinction regarding perils between HO-3 and HO-5 forms?",HO-5 provides open perils on both dwelling and contents,HO-5 covers flood threats natively,HO-3 uses replacement cost on contents,HO-5 excludes liability cover completely,HO-5 upgrades basic coverage parameters to extend open-peril frameworks across both structures (Dwelling) and personal property (Contents).,https://www.kaplanfinancial.com/
"[HO-POLICY-247] A tenant rents an apartment structure. To protect personal property against hazards like water pipe burst, which precise Homeowners policy series should they obtain?",HO-4 Contents Broad Form,HO-6 Unit-Owners Form,HO-1 Basic Form,HO-3 Special Form,"HO-4 is explicitly configured for tenants, shielding personal possessions and providing liability without structural dwelling cover.",https://www.kaplanfinancial.com/
"[HO-POLICY-248] A sudden vandalism causes $100,000 in structural damages under an unendorsed HO-3 policy. Under Coverage C, personal property items moved to a secondary storage location to prevent damage are fully protected for how long?",30 days,10 days,60 days,90 days,Property removed from a threatened site to protect it from an insured peril is covered at the new location for up to 30 days.,https://www.kaplanfinancial.com/
"[HO-POLICY-249] An older historical residence evaluated at $1,000,000 utilizes architecture that makes modern replacement costs impractical. Which specialized Homeowners policy form is designed for this risk?",HO-8 Modified Coverage Form,HO-2 Broad Form,HO-3 Special Form,HO-4 Contents Form,"HO-8 formats policy actions around functional replacement costs, ideal for historical structures where conventional rebuilding methods are prohibitively expensive.",https://www.kaplanfinancial.com/
"[HO-POLICY-250] A homeowner purchases a dwelling policy structure value at $50,000. If they require an open-peril form on the dwelling but a named-peril scope on personal property, which form fits?",HO-3 Special Form,HO-2 Broad Form,HO-5 Comprehensive Form,HO-8 Modified Form,"The popular HO-3 form delivers broad, open-peril security on real structures but protects contents using specific named perils.",https://www.kaplanfinancial.com/
"[HO-POLICY-251] A policyholder secures an HO-5 policy matching a valuation layout of $100,000. What is the fundamental distinction regarding perils between HO-3 and HO-5 forms?",HO-5 provides open perils on both dwelling and contents,HO-5 covers flood threats natively,HO-3 uses replacement cost on contents,HO-5 excludes liability cover completely,HO-5 upgrades basic coverage parameters to extend open-peril frameworks across both structures (Dwelling) and personal property (Contents).,https://www.kaplanfinancial.com/
"[HO-POLICY-252] A tenant rents an apartment structure. To protect personal property against hazards like water pipe burst, which precise Homeowners policy series should they obtain?",HO-4 Contents Broad Form,HO-6 Unit-Owners Form,HO-1 Basic Form,HO-3 Special Form,"HO-4 is explicitly configured for tenants, shielding personal possessions and providing liability without structural dwelling cover.",https://www.kaplanfinancial.com/
"[HO-POLICY-253] A sudden vandalism causes $100,000 in structural damages under an unendorsed HO-3 policy. Under Coverage C, personal property items moved to a secondary storage location to prevent damage are fully protected for how long?",30 days,10 days,60 days,90 days,Property removed from a threatened site to protect it from an insured peril is covered at the new location for up to 30 days.,https://www.kaplanfinancial.com/
"[HO-POLICY-254] An older historical residence evaluated at $1,000,000 utilizes architecture that makes modern replacement costs impractical. Which specialized Homeowners policy form is designed for this risk?",HO-8 Modified Coverage Form,HO-2 Broad Form,HO-3 Special Form,HO-4 Contents Form,"HO-8 formats policy actions around functional replacement costs, ideal for historical structures where conventional rebuilding methods are prohibitively expensive.",https://www.kaplanfinancial.com/
"[HO-POLICY-255] A homeowner purchases a dwelling policy structure value at $50,000. If they require an open-peril form on the dwelling but a named-peril scope on personal property, which form fits?",HO-3 Special Form,HO-2 Broad Form,HO-5 Comprehensive Form,HO-8 Modified Form,"The popular HO-3 form delivers broad, open-peril security on real structures but protects contents using specific named perils.",https://www.kaplanfinancial.com/
"[HO-POLICY-256] A policyholder secures an HO-5 policy matching a valuation layout of $100,000. What is the fundamental distinction regarding perils between HO-3 and HO-5 forms?",HO-5 provides open perils on both dwelling and contents,HO-5 covers flood threats natively,HO-3 uses replacement cost on contents,HO-5 excludes liability cover completely,HO-5 upgrades basic coverage parameters to extend open-peril frameworks across both structures (Dwelling) and personal property (Contents).,https://www.kaplanfinancial.com/
"[HO-POLICY-257] A tenant rents an apartment structure. To protect personal property against hazards like water pipe burst, which precise Homeowners policy series should they obtain?",HO-4 Contents Broad Form,HO-6 Unit-Owners Form,HO-1 Basic Form,HO-3 Special Form,"HO-4 is explicitly configured for tenants, shielding personal possessions and providing liability without structural dwelling cover.",https://www.kaplanfinancial.com/
"[HO-POLICY-258] A sudden vandalism causes $100,000 in structural damages under an unendorsed HO-3 policy. Under Coverage C, personal property items moved to a secondary storage location to prevent damage are fully protected for how long?",30 days,10 days,60 days,90 days,Property removed from a threatened site to protect it from an insured peril is covered at the new location for up to 30 days.,https://www.kaplanfinancial.com/
"[HO-POLICY-259] An older historical residence evaluated at $1,000,000 utilizes architecture that makes modern replacement costs impractical. Which specialized Homeowners policy form is designed for this risk?",HO-8 Modified Coverage Form,HO-2 Broad Form,HO-3 Special Form,HO-4 Contents Form,"HO-8 formats policy actions around functional replacement costs, ideal for historical structures where conventional rebuilding methods are prohibitively expensive.",https://www.kaplanfinancial.com/
"[HO-POLICY-260] A homeowner purchases a dwelling policy structure value at $50,000. If they require an open-peril form on the dwelling but a named-peril scope on personal property, which form fits?",HO-3 Special Form,HO-2 Broad Form,HO-5 Comprehensive Form,HO-8 Modified Form,"The popular HO-3 form delivers broad, open-peril security on real structures but protects contents using specific named perils.",https://www.kaplanfinancial.com/
"[HO-POLICY-261] A policyholder secures an HO-5 policy matching a valuation layout of $100,000. What is the fundamental distinction regarding perils between HO-3 and HO-5 forms?",HO-5 provides open perils on both dwelling and contents,HO-5 covers flood threats natively,HO-3 uses replacement cost on contents,HO-5 excludes liability cover completely,HO-5 upgrades basic coverage parameters to extend open-peril frameworks across both structures (Dwelling) and personal property (Contents).,https://www.kaplanfinancial.com/
"[HO-POLICY-262] A tenant rents an apartment structure. To protect personal property against hazards like water pipe burst, which precise Homeowners policy series should they obtain?",HO-4 Contents Broad Form,HO-6 Unit-Owners Form,HO-1 Basic Form,HO-3 Special Form,"HO-4 is explicitly configured for tenants, shielding personal possessions and providing liability without structural dwelling cover.",https://www.kaplanfinancial.com/
"[HO-POLICY-263] A sudden vandalism causes $100,000 in structural damages under an unendorsed HO-3 policy. Under Coverage C, personal property items moved to a secondary storage location to prevent damage are fully protected for how long?",30 days,10 days,60 days,90 days,Property removed from a threatened site to protect it from an insured peril is covered at the new location for up to 30 days.,https://www.kaplanfinancial.com/
"[HO-POLICY-264] An older historical residence evaluated at $1,000,000 utilizes architecture that makes modern replacement costs impractical. Which specialized Homeowners policy form is designed for this risk?",HO-8 Modified Coverage Form,HO-2 Broad Form,HO-3 Special Form,HO-4 Contents Form,"HO-8 formats policy actions around functional replacement costs, ideal for historical structures where conventional rebuilding methods are prohibitively expensive.",https://www.kaplanfinancial.com/
"[HO-POLICY-265] A homeowner purchases a dwelling policy structure value at $50,000. If they require an open-peril form on the dwelling but a named-peril scope on personal property, which form fits?",HO-3 Special Form,HO-2 Broad Form,HO-5 Comprehensive Form,HO-8 Modified Form,"The popular HO-3 form delivers broad, open-peril security on real structures but protects contents using specific named perils.",https://www.kaplanfinancial.com/
"[HO-POLICY-266] A policyholder secures an HO-5 policy matching a valuation layout of $100,000. What is the fundamental distinction regarding perils between HO-3 and HO-5 forms?",HO-5 provides open perils on both dwelling and contents,HO-5 covers flood threats natively,HO-3 uses replacement cost on contents,HO-5 excludes liability cover completely,HO-5 upgrades basic coverage parameters to extend open-peril frameworks across both structures (Dwelling) and personal property (Contents).,https://www.kaplanfinancial.com/
"[HO-POLICY-267] A tenant rents an apartment structure. To protect personal property against hazards like water pipe burst, which precise Homeowners policy series should they obtain?",HO-4 Contents Broad Form,HO-6 Unit-Owners Form,HO-1 Basic Form,HO-3 Special Form,"HO-4 is explicitly configured for tenants, shielding personal possessions and providing liability without structural dwelling cover.",https://www.kaplanfinancial.com/
"[HO-POLICY-268] A sudden vandalism causes $100,000 in structural damages under an unendorsed HO-3 policy. Under Coverage C, personal property items moved to a secondary storage location to prevent damage are fully protected for how long?",30 days,10 days,60 days,90 days,Property removed from a threatened site to protect it from an insured peril is covered at the new location for up to 30 days.,https://www.kaplanfinancial.com/
"[HO-POLICY-269] An older historical residence evaluated at $1,000,000 utilizes architecture that makes modern replacement costs impractical. Which specialized Homeowners policy form is designed for this risk?",HO-8 Modified Coverage Form,HO-2 Broad Form,HO-3 Special Form,HO-4 Contents Form,"HO-8 formats policy actions around functional replacement costs, ideal for historical structures where conventional rebuilding methods are prohibitively expensive.",https://www.kaplanfinancial.com/
"[HO-POLICY-270] A homeowner purchases a dwelling policy structure value at $50,000. If they require an open-peril form on the dwelling but a named-peril scope on personal property, which form fits?",HO-3 Special Form,HO-2 Broad Form,HO-5 Comprehensive Form,HO-8 Modified Form,"The popular HO-3 form delivers broad, open-peril security on real structures but protects contents using specific named perils.",https://www.kaplanfinancial.com/
"[HO-POLICY-271] A policyholder secures an HO-5 policy matching a valuation layout of $100,000. What is the fundamental distinction regarding perils between HO-3 and HO-5 forms?",HO-5 provides open perils on both dwelling and contents,HO-5 covers flood threats natively,HO-3 uses replacement cost on contents,HO-5 excludes liability cover completely,HO-5 upgrades basic coverage parameters to extend open-peril frameworks across both structures (Dwelling) and personal property (Contents).,https://www.kaplanfinancial.com/
"[HO-POLICY-272] A tenant rents an apartment structure. To protect personal property against hazards like water pipe burst, which precise Homeowners policy series should they obtain?",HO-4 Contents Broad Form,HO-6 Unit-Owners Form,HO-1 Basic Form,HO-3 Special Form,"HO-4 is explicitly configured for tenants, shielding personal possessions and providing liability without structural dwelling cover.",https://www.kaplanfinancial.com/
"[HO-POLICY-273] A sudden vandalism causes $100,000 in structural damages under an unendorsed HO-3 policy. Under Coverage C, personal property items moved to a secondary storage location to prevent damage are fully protected for how long?",30 days,10 days,60 days,90 days,Property removed from a threatened site to protect it from an insured peril is covered at the new location for up to 30 days.,https://www.kaplanfinancial.com/
"[HO-POLICY-274] An older historical residence evaluated at $1,000,000 utilizes architecture that makes modern replacement costs impractical. Which specialized Homeowners policy form is designed for this risk?",HO-8 Modified Coverage Form,HO-2 Broad Form,HO-3 Special Form,HO-4 Contents Form,"HO-8 formats policy actions around functional replacement costs, ideal for historical structures where conventional rebuilding methods are prohibitively expensive.",https://www.kaplanfinancial.com/
"[HO-POLICY-275] A homeowner purchases a dwelling policy structure value at $50,000. If they require an open-peril form on the dwelling but a named-peril scope on personal property, which form fits?",HO-3 Special Form,HO-2 Broad Form,HO-5 Comprehensive Form,HO-8 Modified Form,"The popular HO-3 form delivers broad, open-peril security on real structures but protects contents using specific named perils.",https://www.kaplanfinancial.com/
"[HO-POLICY-276] A policyholder secures an HO-5 policy matching a valuation layout of $100,000. What is the fundamental distinction regarding perils between HO-3 and HO-5 forms?",HO-5 provides open perils on both dwelling and contents,HO-5 covers flood threats natively,HO-3 uses replacement cost on contents,HO-5 excludes liability cover completely,HO-5 upgrades basic coverage parameters to extend open-peril frameworks across both structures (Dwelling) and personal property (Contents).,https://www.kaplanfinancial.com/
"[HO-POLICY-277] A tenant rents an apartment structure. To protect personal property against hazards like water pipe burst, which precise Homeowners policy series should they obtain?",HO-4 Contents Broad Form,HO-6 Unit-Owners Form,HO-1 Basic Form,HO-3 Special Form,"HO-4 is explicitly configured for tenants, shielding personal possessions and providing liability without structural dwelling cover.",https://www.kaplanfinancial.com/
"[HO-POLICY-278] A sudden vandalism causes $100,000 in structural damages under an unendorsed HO-3 policy. Under Coverage C, personal property items moved to a secondary storage location to prevent damage are fully protected for how long?",30 days,10 days,60 days,90 days,Property removed from a threatened site to protect it from an insured peril is covered at the new location for up to 30 days.,https://www.kaplanfinancial.com/
"[HO-POLICY-279] An older historical residence evaluated at $1,000,000 utilizes architecture that makes modern replacement costs impractical. Which specialized Homeowners policy form is designed for this risk?",HO-8 Modified Coverage Form,HO-2 Broad Form,HO-3 Special Form,HO-4 Contents Form,"HO-8 formats policy actions around functional replacement costs, ideal for historical structures where conventional rebuilding methods are prohibitively expensive.",https://www.kaplanfinancial.com/
"[HO-POLICY-280] A homeowner purchases a dwelling policy structure value at $50,000. If they require an open-peril form on the dwelling but a named-peril scope on personal property, which form fits?",HO-3 Special Form,HO-2 Broad Form,HO-5 Comprehensive Form,HO-8 Modified Form,"The popular HO-3 form delivers broad, open-peril security on real structures but protects contents using specific named perils.",https://www.kaplanfinancial.com/
"[HO-POLICY-281] A policyholder secures an HO-5 policy matching a valuation layout of $100,000. What is the fundamental distinction regarding perils between HO-3 and HO-5 forms?",HO-5 provides open perils on both dwelling and contents,HO-5 covers flood threats natively,HO-3 uses replacement cost on contents,HO-5 excludes liability cover completely,HO-5 upgrades basic coverage parameters to extend open-peril frameworks across both structures (Dwelling) and personal property (Contents).,https://www.kaplanfinancial.com/
"[HO-POLICY-282] A tenant rents an apartment structure. To protect personal property against hazards like water pipe burst, which precise Homeowners policy series should they obtain?",HO-4 Contents Broad Form,HO-6 Unit-Owners Form,HO-1 Basic Form,HO-3 Special Form,"HO-4 is explicitly configured for tenants, shielding personal possessions and providing liability without structural dwelling cover.",https://www.kaplanfinancial.com/
"[HO-POLICY-283] A sudden vandalism causes $100,000 in structural damages under an unendorsed HO-3 policy. Under Coverage C, personal property items moved to a secondary storage location to prevent damage are fully protected for how long?",30 days,10 days,60 days,90 days,Property removed from a threatened site to protect it from an insured peril is covered at the new location for up to 30 days.,https://www.kaplanfinancial.com/
"[HO-POLICY-284] An older historical residence evaluated at $1,000,000 utilizes architecture that makes modern replacement costs impractical. Which specialized Homeowners policy form is designed for this risk?",HO-8 Modified Coverage Form,HO-2 Broad Form,HO-3 Special Form,HO-4 Contents Form,"HO-8 formats policy actions around functional replacement costs, ideal for historical structures where conventional rebuilding methods are prohibitively expensive.",https://www.kaplanfinancial.com/
"[HO-POLICY-285] A homeowner purchases a dwelling policy structure value at $50,000. If they require an open-peril form on the dwelling but a named-peril scope on personal property, which form fits?",HO-3 Special Form,HO-2 Broad Form,HO-5 Comprehensive Form,HO-8 Modified Form,"The popular HO-3 form delivers broad, open-peril security on real structures but protects contents using specific named perils.",https://www.kaplanfinancial.com/
"[HO-POLICY-286] A policyholder secures an HO-5 policy matching a valuation layout of $100,000. What is the fundamental distinction regarding perils between HO-3 and HO-5 forms?",HO-5 provides open perils on both dwelling and contents,HO-5 covers flood threats natively,HO-3 uses replacement cost on contents,HO-5 excludes liability cover completely,HO-5 upgrades basic coverage parameters to extend open-peril frameworks across both structures (Dwelling) and personal property (Contents).,https://www.kaplanfinancial.com/
"[HO-POLICY-287] A tenant rents an apartment structure. To protect personal property against hazards like water pipe burst, which precise Homeowners policy series should they obtain?",HO-4 Contents Broad Form,HO-6 Unit-Owners Form,HO-1 Basic Form,HO-3 Special Form,"HO-4 is explicitly configured for tenants, shielding personal possessions and providing liability without structural dwelling cover.",https://www.kaplanfinancial.com/
"[HO-POLICY-288] A sudden vandalism causes $100,000 in structural damages under an unendorsed HO-3 policy. Under Coverage C, personal property items moved to a secondary storage location to prevent damage are fully protected for how long?",30 days,10 days,60 days,90 days,Property removed from a threatened site to protect it from an insured peril is covered at the new location for up to 30 days.,https://www.kaplanfinancial.com/
"[HO-POLICY-289] An older historical residence evaluated at $1,000,000 utilizes architecture that makes modern replacement costs impractical. Which specialized Homeowners policy form is designed for this risk?",HO-8 Modified Coverage Form,HO-2 Broad Form,HO-3 Special Form,HO-4 Contents Form,"HO-8 formats policy actions around functional replacement costs, ideal for historical structures where conventional rebuilding methods are prohibitively expensive.",https://www.kaplanfinancial.com/
"[HO-POLICY-290] A homeowner purchases a dwelling policy structure value at $50,000. If they require an open-peril form on the dwelling but a named-peril scope on personal property, which form fits?",HO-3 Special Form,HO-2 Broad Form,HO-5 Comprehensive Form,HO-8 Modified Form,"The popular HO-3 form delivers broad, open-peril security on real structures but protects contents using specific named perils.",https://www.kaplanfinancial.com/
"[HO-POLICY-291] A policyholder secures an HO-5 policy matching a valuation layout of $100,000. What is the fundamental distinction regarding perils between HO-3 and HO-5 forms?",HO-5 provides open perils on both dwelling and contents,HO-5 covers flood threats natively,HO-3 uses replacement cost on contents,HO-5 excludes liability cover completely,HO-5 upgrades basic coverage parameters to extend open-peril frameworks across both structures (Dwelling) and personal property (Contents).,https://www.kaplanfinancial.com/
"[HO-POLICY-292] A tenant rents an apartment structure. To protect personal property against hazards like water pipe burst, which precise Homeowners policy series should they obtain?",HO-4 Contents Broad Form,HO-6 Unit-Owners Form,HO-1 Basic Form,HO-3 Special Form,"HO-4 is explicitly configured for tenants, shielding personal possessions and providing liability without structural dwelling cover.",https://www.kaplanfinancial.com/
"[HO-POLICY-293] A sudden vandalism causes $100,000 in structural damages under an unendorsed HO-3 policy. Under Coverage C, personal property items moved to a secondary storage location to prevent damage are fully protected for how long?",30 days,10 days,60 days,90 days,Property removed from a threatened site to protect it from an insured peril is covered at the new location for up to 30 days.,https://www.kaplanfinancial.com/
"[HO-POLICY-294] An older historical residence evaluated at $1,000,000 utilizes architecture that makes modern replacement costs impractical. Which specialized Homeowners policy form is designed for this risk?",HO-8 Modified Coverage Form,HO-2 Broad Form,HO-3 Special Form,HO-4 Contents Form,"HO-8 formats policy actions around functional replacement costs, ideal for historical structures where conventional rebuilding methods are prohibitively expensive.",https://www.kaplanfinancial.com/
"[HO-POLICY-295] A homeowner purchases a dwelling policy structure value at $50,000. If they require an open-peril form on the dwelling but a named-peril scope on personal property, which form fits?",HO-3 Special Form,HO-2 Broad Form,HO-5 Comprehensive Form,HO-8 Modified Form,"The popular HO-3 form delivers broad, open-peril security on real structures but protects contents using specific named perils.",https://www.kaplanfinancial.com/
"[HO-POLICY-296] A policyholder secures an HO-5 policy matching a valuation layout of $100,000. What is the fundamental distinction regarding perils between HO-3 and HO-5 forms?",HO-5 provides open perils on both dwelling and contents,HO-5 covers flood threats natively,HO-3 uses replacement cost on contents,HO-5 excludes liability cover completely,HO-5 upgrades basic coverage parameters to extend open-peril frameworks across both structures (Dwelling) and personal property (Contents).,https://www.kaplanfinancial.com/
"[HO-POLICY-297] A tenant rents an apartment structure. To protect personal property against hazards like water pipe burst, which precise Homeowners policy series should they obtain?",HO-4 Contents Broad Form,HO-6 Unit-Owners Form,HO-1 Basic Form,HO-3 Special Form,"HO-4 is explicitly configured for tenants, shielding personal possessions and providing liability without structural dwelling cover.",https://www.kaplanfinancial.com/
"[HO-POLICY-298] A sudden vandalism causes $100,000 in structural damages under an unendorsed HO-3 policy. Under Coverage C, personal property items moved to a secondary storage location to prevent damage are fully protected for how long?",30 days,10 days,60 days,90 days,Property removed from a threatened site to protect it from an insured peril is covered at the new location for up to 30 days.,https://www.kaplanfinancial.com/
"[HO-POLICY-299] An older historical residence evaluated at $1,000,000 utilizes architecture that makes modern replacement costs impractical. Which specialized Homeowners policy form is designed for this risk?",HO-8 Modified Coverage Form,HO-2 Broad Form,HO-3 Special Form,HO-4 Contents Form,"HO-8 formats policy actions around functional replacement costs, ideal for historical structures where conventional rebuilding methods are prohibitively expensive.",https://www.kaplanfinancial.com/
"[HO-POLICY-300] A homeowner purchases a dwelling policy structure value at $50,000. If they require an open-peril form on the dwelling but a named-peril scope on personal property, which form fits?",HO-3 Special Form,HO-2 Broad Form,HO-5 Comprehensive Form,HO-8 Modified Form,"The popular HO-3 form delivers broad, open-peril security on real structures but protects contents using specific named perils.",https://www.kaplanfinancial.com/
"[HO-POLICY-301] A policyholder secures an HO-5 policy matching a valuation layout of $100,000. What is the fundamental distinction regarding perils between HO-3 and HO-5 forms?",HO-5 provides open perils on both dwelling and contents,HO-5 covers flood threats natively,HO-3 uses replacement cost on contents,HO-5 excludes liability cover completely,HO-5 upgrades basic coverage parameters to extend open-peril frameworks across both structures (Dwelling) and personal property (Contents).,https://www.kaplanfinancial.com/
"[HO-POLICY-302] A tenant rents an apartment structure. To protect personal property against hazards like water pipe burst, which precise Homeowners policy series should they obtain?",HO-4 Contents Broad Form,HO-6 Unit-Owners Form,HO-1 Basic Form,HO-3 Special Form,"HO-4 is explicitly configured for tenants, shielding personal possessions and providing liability without structural dwelling cover.",https://www.kaplanfinancial.com/
"[HO-POLICY-303] A sudden vandalism causes $100,000 in structural damages under an unendorsed HO-3 policy. Under Coverage C, personal property items moved to a secondary storage location to prevent damage are fully protected for how long?",30 days,10 days,60 days,90 days,Property removed from a threatened site to protect it from an insured peril is covered at the new location for up to 30 days.,https://www.kaplanfinancial.com/
"[HO-POLICY-304] An older historical residence evaluated at $1,000,000 utilizes architecture that makes modern replacement costs impractical. Which specialized Homeowners policy form is designed for this risk?",HO-8 Modified Coverage Form,HO-2 Broad Form,HO-3 Special Form,HO-4 Contents Form,"HO-8 formats policy actions around functional replacement costs, ideal for historical structures where conventional rebuilding methods are prohibitively expensive.",https://www.kaplanfinancial.com/
"[HO-POLICY-305] A homeowner purchases a dwelling policy structure value at $50,000. If they require an open-peril form on the dwelling but a named-peril scope on personal property, which form fits?",HO-3 Special Form,HO-2 Broad Form,HO-5 Comprehensive Form,HO-8 Modified Form,"The popular HO-3 form delivers broad, open-peril security on real structures but protects contents using specific named perils.",https://www.kaplanfinancial.com/
"[HO-POLICY-306] A policyholder secures an HO-5 policy matching a valuation layout of $100,000. What is the fundamental distinction regarding perils between HO-3 and HO-5 forms?",HO-5 provides open perils on both dwelling and contents,HO-5 covers flood threats natively,HO-3 uses replacement cost on contents,HO-5 excludes liability cover completely,HO-5 upgrades basic coverage parameters to extend open-peril frameworks across both structures (Dwelling) and personal property (Contents).,https://www.kaplanfinancial.com/
"[HO-POLICY-307] A tenant rents an apartment structure. To protect personal property against hazards like water pipe burst, which precise Homeowners policy series should they obtain?",HO-4 Contents Broad Form,HO-6 Unit-Owners Form,HO-1 Basic Form,HO-3 Special Form,"HO-4 is explicitly configured for tenants, shielding personal possessions and providing liability without structural dwelling cover.",https://www.kaplanfinancial.com/
"[HO-POLICY-308] A sudden vandalism causes $100,000 in structural damages under an unendorsed HO-3 policy. Under Coverage C, personal property items moved to a secondary storage location to prevent damage are fully protected for how long?",30 days,10 days,60 days,90 days,Property removed from a threatened site to protect it from an insured peril is covered at the new location for up to 30 days.,https://www.kaplanfinancial.com/
"[HO-POLICY-309] An older historical residence evaluated at $1,000,000 utilizes architecture that makes modern replacement costs impractical. Which specialized Homeowners policy form is designed for this risk?",HO-8 Modified Coverage Form,HO-2 Broad Form,HO-3 Special Form,HO-4 Contents Form,"HO-8 formats policy actions around functional replacement costs, ideal for historical structures where conventional rebuilding methods are prohibitively expensive.",https://www.kaplanfinancial.com/
"[HO-POLICY-310] A homeowner purchases a dwelling policy structure value at $50,000. If they require an open-peril form on the dwelling but a named-peril scope on personal property, which form fits?",HO-3 Special Form,HO-2 Broad Form,HO-5 Comprehensive Form,HO-8 Modified Form,"The popular HO-3 form delivers broad, open-peril security on real structures but protects contents using specific named perils.",https://www.kaplanfinancial.com/
"[HO-POLICY-311] A policyholder secures an HO-5 policy matching a valuation layout of $100,000. What is the fundamental distinction regarding perils between HO-3 and HO-5 forms?",HO-5 provides open perils on both dwelling and contents,HO-5 covers flood threats natively,HO-3 uses replacement cost on contents,HO-5 excludes liability cover completely,HO-5 upgrades basic coverage parameters to extend open-peril frameworks across both structures (Dwelling) and personal property (Contents).,https://www.kaplanfinancial.com/
"[HO-POLICY-312] A tenant rents an apartment structure. To protect personal property against hazards like water pipe burst, which precise Homeowners policy series should they obtain?",HO-4 Contents Broad Form,HO-6 Unit-Owners Form,HO-1 Basic Form,HO-3 Special Form,"HO-4 is explicitly configured for tenants, shielding personal possessions and providing liability without structural dwelling cover.",https://www.kaplanfinancial.com/
"[HO-POLICY-313] A sudden vandalism causes $100,000 in structural damages under an unendorsed HO-3 policy. Under Coverage C, personal property items moved to a secondary storage location to prevent damage are fully protected for how long?",30 days,10 days,60 days,90 days,Property removed from a threatened site to protect it from an insured peril is covered at the new location for up to 30 days.,https://www.kaplanfinancial.com/
"[HO-POLICY-314] An older historical residence evaluated at $1,000,000 utilizes architecture that makes modern replacement costs impractical. Which specialized Homeowners policy form is designed for this risk?",HO-8 Modified Coverage Form,HO-2 Broad Form,HO-3 Special Form,HO-4 Contents Form,"HO-8 formats policy actions around functional replacement costs, ideal for historical structures where conventional rebuilding methods are prohibitively expensive.",https://www.kaplanfinancial.com/
"[HO-POLICY-315] A homeowner purchases a dwelling policy structure value at $50,000. If they require an open-peril form on the dwelling but a named-peril scope on personal property, which form fits?",HO-3 Special Form,HO-2 Broad Form,HO-5 Comprehensive Form,HO-8 Modified Form,"The popular HO-3 form delivers broad, open-peril security on real structures but protects contents using specific named perils.",https://www.kaplanfinancial.com/
"[HO-POLICY-316] A policyholder secures an HO-5 policy matching a valuation layout of $100,000. What is the fundamental distinction regarding perils between HO-3 and HO-5 forms?",HO-5 provides open perils on both dwelling and contents,HO-5 covers flood threats natively,HO-3 uses replacement cost on contents,HO-5 excludes liability cover completely,HO-5 upgrades basic coverage parameters to extend open-peril frameworks across both structures (Dwelling) and personal property (Contents).,https://www.kaplanfinancial.com/
"[HO-POLICY-317] A tenant rents an apartment structure. To protect personal property against hazards like water pipe burst, which precise Homeowners policy series should they obtain?",HO-4 Contents Broad Form,HO-6 Unit-Owners Form,HO-1 Basic Form,HO-3 Special Form,"HO-4 is explicitly configured for tenants, shielding personal possessions and providing liability without structural dwelling cover.",https://www.kaplanfinancial.com/
"[HO-POLICY-318] A sudden vandalism causes $100,000 in structural damages under an unendorsed HO-3 policy. Under Coverage C, personal property items moved to a secondary storage location to prevent damage are fully protected for how long?",30 days,10 days,60 days,90 days,Property removed from a threatened site to protect it from an insured peril is covered at the new location for up to 30 days.,https://www.kaplanfinancial.com/
"[HO-POLICY-319] An older historical residence evaluated at $1,000,000 utilizes architecture that makes modern replacement costs impractical. Which specialized Homeowners policy form is designed for this risk?",HO-8 Modified Coverage Form,HO-2 Broad Form,HO-3 Special Form,HO-4 Contents Form,"HO-8 formats policy actions around functional replacement costs, ideal for historical structures where conventional rebuilding methods are prohibitively expensive.",https://www.kaplanfinancial.com/
"[HO-POLICY-320] A homeowner purchases a dwelling policy structure value at $50,000. If they require an open-peril form on the dwelling but a named-peril scope on personal property, which form fits?",HO-3 Special Form,HO-2 Broad Form,HO-5 Comprehensive Form,HO-8 Modified Form,"The popular HO-3 form delivers broad, open-peril security on real structures but protects contents using specific named perils.",https://www.kaplanfinancial.com/
"[HO-POLICY-321] A policyholder secures an HO-5 policy matching a valuation layout of $100,000. What is the fundamental distinction regarding perils between HO-3 and HO-5 forms?",HO-5 provides open perils on both dwelling and contents,HO-5 covers flood threats natively,HO-3 uses replacement cost on contents,HO-5 excludes liability cover completely,HO-5 upgrades basic coverage parameters to extend open-peril frameworks across both structures (Dwelling) and personal property (Contents).,https://www.kaplanfinancial.com/
"[HO-POLICY-322] A tenant rents an apartment structure. To protect personal property against hazards like water pipe burst, which precise Homeowners policy series should they obtain?",HO-4 Contents Broad Form,HO-6 Unit-Owners Form,HO-1 Basic Form,HO-3 Special Form,"HO-4 is explicitly configured for tenants, shielding personal possessions and providing liability without structural dwelling cover.",https://www.kaplanfinancial.com/
"[HO-POLICY-323] A sudden vandalism causes $100,000 in structural damages under an unendorsed HO-3 policy. Under Coverage C, personal property items moved to a secondary storage location to prevent damage are fully protected for how long?",30 days,10 days,60 days,90 days,Property removed from a threatened site to protect it from an insured peril is covered at the new location for up to 30 days.,https://www.kaplanfinancial.com/
"[HO-POLICY-324] An older historical residence evaluated at $1,000,000 utilizes architecture that makes modern replacement costs impractical. Which specialized Homeowners policy form is designed for this risk?",HO-8 Modified Coverage Form,HO-2 Broad Form,HO-3 Special Form,HO-4 Contents Form,"HO-8 formats policy actions around functional replacement costs, ideal for historical structures where conventional rebuilding methods are prohibitively expensive.",https://www.kaplanfinancial.com/
"[HO-POLICY-325] A homeowner purchases a dwelling policy structure value at $50,000. If they require an open-peril form on the dwelling but a named-peril scope on personal property, which form fits?",HO-3 Special Form,HO-2 Broad Form,HO-5 Comprehensive Form,HO-8 Modified Form,"The popular HO-3 form delivers broad, open-peril security on real structures but protects contents using specific named perils.",https://www.kaplanfinancial.com/
"[HO-POLICY-326] A policyholder secures an HO-5 policy matching a valuation layout of $100,000. What is the fundamental distinction regarding perils between HO-3 and HO-5 forms?",HO-5 provides open perils on both dwelling and contents,HO-5 covers flood threats natively,HO-3 uses replacement cost on contents,HO-5 excludes liability cover completely,HO-5 upgrades basic coverage parameters to extend open-peril frameworks across both structures (Dwelling) and personal property (Contents).,https://www.kaplanfinancial.com/
"[HO-POLICY-327] A tenant rents an apartment structure. To protect personal property against hazards like water pipe burst, which precise Homeowners policy series should they obtain?",HO-4 Contents Broad Form,HO-6 Unit-Owners Form,HO-1 Basic Form,HO-3 Special Form,"HO-4 is explicitly configured for tenants, shielding personal possessions and providing liability without structural dwelling cover.",https://www.kaplanfinancial.com/
"[HO-POLICY-328] A sudden vandalism causes $100,000 in structural damages under an unendorsed HO-3 policy. Under Coverage C, personal property items moved to a secondary storage location to prevent damage are fully protected for how long?",30 days,10 days,60 days,90 days,Property removed from a threatened site to protect it from an insured peril is covered at the new location for up to 30 days.,https://www.kaplanfinancial.com/
"[HO-POLICY-329] An older historical residence evaluated at $1,000,000 utilizes architecture that makes modern replacement costs impractical. Which specialized Homeowners policy form is designed for this risk?",HO-8 Modified Coverage Form,HO-2 Broad Form,HO-3 Special Form,HO-4 Contents Form,"HO-8 formats policy actions around functional replacement costs, ideal for historical structures where conventional rebuilding methods are prohibitively expensive.",https://www.kaplanfinancial.com/
"[HO-POLICY-330] A homeowner purchases a dwelling policy structure value at $50,000. If they require an open-peril form on the dwelling but a named-peril scope on personal property, which form fits?",HO-3 Special Form,HO-2 Broad Form,HO-5 Comprehensive Form,HO-8 Modified Form,"The popular HO-3 form delivers broad, open-peril security on real structures but protects contents using specific named perils.",https://www.kaplanfinancial.com/
"[HO-POLICY-331] A policyholder secures an HO-5 policy matching a valuation layout of $100,000. What is the fundamental distinction regarding perils between HO-3 and HO-5 forms?",HO-5 provides open perils on both dwelling and contents,HO-5 covers flood threats natively,HO-3 uses replacement cost on contents,HO-5 excludes liability cover completely,HO-5 upgrades basic coverage parameters to extend open-peril frameworks across both structures (Dwelling) and personal property (Contents).,https://www.kaplanfinancial.com/
"[HO-POLICY-332] A tenant rents an apartment structure. To protect personal property against hazards like water pipe burst, which precise Homeowners policy series should they obtain?",HO-4 Contents Broad Form,HO-6 Unit-Owners Form,HO-1 Basic Form,HO-3 Special Form,"HO-4 is explicitly configured for tenants, shielding personal possessions and providing liability without structural dwelling cover.",https://www.kaplanfinancial.com/
"[HO-POLICY-333] A sudden vandalism causes $100,000 in structural damages under an unendorsed HO-3 policy. Under Coverage C, personal property items moved to a secondary storage location to prevent damage are fully protected for how long?",30 days,10 days,60 days,90 days,Property removed from a threatened site to protect it from an insured peril is covered at the new location for up to 30 days.,https://www.kaplanfinancial.com/
"[HO-POLICY-334] An older historical residence evaluated at $1,000,000 utilizes architecture that makes modern replacement costs impractical. Which specialized Homeowners policy form is designed for this risk?",HO-8 Modified Coverage Form,HO-2 Broad Form,HO-3 Special Form,HO-4 Contents Form,"HO-8 formats policy actions around functional replacement costs, ideal for historical structures where conventional rebuilding methods are prohibitively expensive.",https://www.kaplanfinancial.com/
"[HO-POLICY-335] A homeowner purchases a dwelling policy structure value at $50,000. If they require an open-peril form on the dwelling but a named-peril scope on personal property, which form fits?",HO-3 Special Form,HO-2 Broad Form,HO-5 Comprehensive Form,HO-8 Modified Form,"The popular HO-3 form delivers broad, open-peril security on real structures but protects contents using specific named perils.",https://www.kaplanfinancial.com/
"[HO-POLICY-336] A policyholder secures an HO-5 policy matching a valuation layout of $100,000. What is the fundamental distinction regarding perils between HO-3 and HO-5 forms?",HO-5 provides open perils on both dwelling and contents,HO-5 covers flood threats natively,HO-3 uses replacement cost on contents,HO-5 excludes liability cover completely,HO-5 upgrades basic coverage parameters to extend open-peril frameworks across both structures (Dwelling) and personal property (Contents).,https://www.kaplanfinancial.com/
"[HO-POLICY-337] A tenant rents an apartment structure. To protect personal property against hazards like water pipe burst, which precise Homeowners policy series should they obtain?",HO-4 Contents Broad Form,HO-6 Unit-Owners Form,HO-1 Basic Form,HO-3 Special Form,"HO-4 is explicitly configured for tenants, shielding personal possessions and providing liability without structural dwelling cover.",https://www.kaplanfinancial.com/
"[HO-POLICY-338] A sudden vandalism causes $100,000 in structural damages under an unendorsed HO-3 policy. Under Coverage C, personal property items moved to a secondary storage location to prevent damage are fully protected for how long?",30 days,10 days,60 days,90 days,Property removed from a threatened site to protect it from an insured peril is covered at the new location for up to 30 days.,https://www.kaplanfinancial.com/
"[HO-POLICY-339] An older historical residence evaluated at $1,000,000 utilizes architecture that makes modern replacement costs impractical. Which specialized Homeowners policy form is designed for this risk?",HO-8 Modified Coverage Form,HO-2 Broad Form,HO-3 Special Form,HO-4 Contents Form,"HO-8 formats policy actions around functional replacement costs, ideal for historical structures where conventional rebuilding methods are prohibitively expensive.",https://www.kaplanfinancial.com/
"[HO-POLICY-340] A homeowner purchases a dwelling policy structure value at $50,000. If they require an open-peril form on the dwelling but a named-peril scope on personal property, which form fits?",HO-3 Special Form,HO-2 Broad Form,HO-5 Comprehensive Form,HO-8 Modified Form,"The popular HO-3 form delivers broad, open-peril security on real structures but protects contents using specific named perils.",https://www.kaplanfinancial.com/
"[HO-POLICY-341] A policyholder secures an HO-5 policy matching a valuation layout of $100,000. What is the fundamental distinction regarding perils between HO-3 and HO-5 forms?",HO-5 provides open perils on both dwelling and contents,HO-5 covers flood threats natively,HO-3 uses replacement cost on contents,HO-5 excludes liability cover completely,HO-5 upgrades basic coverage parameters to extend open-peril frameworks across both structures (Dwelling) and personal property (Contents).,https://www.kaplanfinancial.com/
"[HO-POLICY-342] A tenant rents an apartment structure. To protect personal property against hazards like water pipe burst, which precise Homeowners policy series should they obtain?",HO-4 Contents Broad Form,HO-6 Unit-Owners Form,HO-1 Basic Form,HO-3 Special Form,"HO-4 is explicitly configured for tenants, shielding personal possessions and providing liability without structural dwelling cover.",https://www.kaplanfinancial.com/
"[HO-POLICY-343] A sudden vandalism causes $100,000 in structural damages under an unendorsed HO-3 policy. Under Coverage C, personal property items moved to a secondary storage location to prevent damage are fully protected for how long?",30 days,10 days,60 days,90 days,Property removed from a threatened site to protect it from an insured peril is covered at the new location for up to 30 days.,https://www.kaplanfinancial.com/
"[HO-POLICY-344] An older historical residence evaluated at $1,000,000 utilizes architecture that makes modern replacement costs impractical. Which specialized Homeowners policy form is designed for this risk?",HO-8 Modified Coverage Form,HO-2 Broad Form,HO-3 Special Form,HO-4 Contents Form,"HO-8 formats policy actions around functional replacement costs, ideal for historical structures where conventional rebuilding methods are prohibitively expensive.",https://www.kaplanfinancial.com/
"[HO-POLICY-345] A homeowner purchases a dwelling policy structure value at $50,000. If they require an open-peril form on the dwelling but a named-peril scope on personal property, which form fits?",HO-3 Special Form,HO-2 Broad Form,HO-5 Comprehensive Form,HO-8 Modified Form,"The popular HO-3 form delivers broad, open-peril security on real structures but protects contents using specific named perils.",https://www.kaplanfinancial.com/
"[HO-POLICY-346] A policyholder secures an HO-5 policy matching a valuation layout of $100,000. What is the fundamental distinction regarding perils between HO-3 and HO-5 forms?",HO-5 provides open perils on both dwelling and contents,HO-5 covers flood threats natively,HO-3 uses replacement cost on contents,HO-5 excludes liability cover completely,HO-5 upgrades basic coverage parameters to extend open-peril frameworks across both structures (Dwelling) and personal property (Contents).,https://www.kaplanfinancial.com/
"[HO-POLICY-347] A tenant rents an apartment structure. To protect personal property against hazards like water pipe burst, which precise Homeowners policy series should they obtain?",HO-4 Contents Broad Form,HO-6 Unit-Owners Form,HO-1 Basic Form,HO-3 Special Form,"HO-4 is explicitly configured for tenants, shielding personal possessions and providing liability without structural dwelling cover.",https://www.kaplanfinancial.com/
"[HO-POLICY-348] A sudden vandalism causes $100,000 in structural damages under an unendorsed HO-3 policy. Under Coverage C, personal property items moved to a secondary storage location to prevent damage are fully protected for how long?",30 days,10 days,60 days,90 days,Property removed from a threatened site to protect it from an insured peril is covered at the new location for up to 30 days.,https://www.kaplanfinancial.com/
"[HO-POLICY-349] An older historical residence evaluated at $1,000,000 utilizes architecture that makes modern replacement costs impractical. Which specialized Homeowners policy form is designed for this risk?",HO-8 Modified Coverage Form,HO-2 Broad Form,HO-3 Special Form,HO-4 Contents Form,"HO-8 formats policy actions around functional replacement costs, ideal for historical structures where conventional rebuilding methods are prohibitively expensive.",https://www.kaplanfinancial.com/
[PRIN-100] An insured attempts to collect double compensation for a claim from both their carrier and a responsible third party. Which basic insurance principle prevents this action?,Principle of Indemnity,Principle of Adhesion,Principle of Estoppel,Principle of Subrogation,"The Principle of Indemnity states that insurance contracts should restore an insured to their approximate pre-loss financial position, not allow a windfall profit.",https://www.iii.org/
[PRIN-101] An insurer pays a major property loss claim caused by an outside contractor's negligence. The process through which the insurer recovers those funds from the negligent party is called:,Subrogation,Indemnification,Contribution,Assignment,"Subrogation allows the insurer, after paying a claim, to step into the insured's legal position to recover funds from the party actually responsible for the loss.",https://www.iii.org/
[PRIN-102] A person attempts to purchase a life insurance policy on a stranger with whom they have no financial or family relationship. Which principle prevents this policy from being valid?,Insurable Interest,Utmost Good Faith,Principle of Contribution,Doctrine of Concealment,"Insurable interest requires that the policyholder would suffer genuine financial loss from the insured event, which prevents insurance from being used as a wagering contract.",https://www.iii.org/
[PRIN-103] An applicant knowingly fails to disclose a material fact that would have influenced the insurer's decision to issue a policy. This omission violates which fundamental principle of insurance contracts?,Utmost Good Faith,Principle of Indemnity,Doctrine of Reasonable Expectations,Principle of Subrogation,Utmost Good Faith requires both the insurer and insured to disclose all material facts honestly during the formation of the insurance contract.,https://www.iii.org/
"[PRIN-104] An insurance policy is drafted entirely by the insurer, leaving the insured only the option to accept or reject its pre-written terms. This describes which legal characteristic of insurance contracts?",Contract of Adhesion,Aleatory Contract,Unilateral Contract,Conditional Contract,"Because the insurer alone drafts the contract language and the insured simply adheres to it, any resulting ambiguity is legally construed against the insurer.",https://www.iii.org/
[PRIN-105] An insured attempts to collect double compensation for a claim from both their carrier and a responsible third party. Which basic insurance principle prevents this action?,Principle of Indemnity,Principle of Adhesion,Principle of Estoppel,Principle of Subrogation,"The Principle of Indemnity states that insurance contracts should restore an insured to their approximate pre-loss financial position, not allow a windfall profit.",https://www.iii.org/
[PRIN-106] An insurer pays a major property loss claim caused by an outside contractor's negligence. The process through which the insurer recovers those funds from the negligent party is called:,Subrogation,Indemnification,Contribution,Assignment,"Subrogation allows the insurer, after paying a claim, to step into the insured's legal position to recover funds from the party actually responsible for the loss.",https://www.iii.org/
[PRIN-107] A person attempts to purchase a life insurance policy on a stranger with whom they have no financial or family relationship. Which principle prevents this policy from being valid?,Insurable Interest,Utmost Good Faith,Principle of Contribution,Doctrine of Concealment,"Insurable interest requires that the policyholder would suffer genuine financial loss from the insured event, which prevents insurance from being used as a wagering contract.",https://www.iii.org/
[PRIN-108] An applicant knowingly fails to disclose a material fact that would have influenced the insurer's decision to issue a policy. This omission violates which fundamental principle of insurance contracts?,Utmost Good Faith,Principle of Indemnity,Doctrine of Reasonable Expectations,Principle of Subrogation,Utmost Good Faith requires both the insurer and insured to disclose all material facts honestly during the formation of the insurance contract.,https://www.iii.org/
"[PRIN-109] An insurance policy is drafted entirely by the insurer, leaving the insured only the option to accept or reject its pre-written terms. This describes which legal characteristic of insurance contracts?",Contract of Adhesion,Aleatory Contract,Unilateral Contract,Conditional Contract,"Because the insurer alone drafts the contract language and the insured simply adheres to it, any resulting ambiguity is legally construed against the insurer.",https://www.iii.org/
[PRIN-110] An insured attempts to collect double compensation for a claim from both their carrier and a responsible third party. Which basic insurance principle prevents this action?,Principle of Indemnity,Principle of Adhesion,Principle of Estoppel,Principle of Subrogation,"The Principle of Indemnity states that insurance contracts should restore an insured to their approximate pre-loss financial position, not allow a windfall profit.",https://www.iii.org/
[PRIN-111] An insurer pays a major property loss claim caused by an outside contractor's negligence. The process through which the insurer recovers those funds from the negligent party is called:,Subrogation,Indemnification,Contribution,Assignment,"Subrogation allows the insurer, after paying a claim, to step into the insured's legal position to recover funds from the party actually responsible for the loss.",https://www.iii.org/
[PRIN-112] A person attempts to purchase a life insurance policy on a stranger with whom they have no financial or family relationship. Which principle prevents this policy from being valid?,Insurable Interest,Utmost Good Faith,Principle of Contribution,Doctrine of Concealment,"Insurable interest requires that the policyholder would suffer genuine financial loss from the insured event, which prevents insurance from being used as a wagering contract.",https://www.iii.org/
[PRIN-113] An applicant knowingly fails to disclose a material fact that would have influenced the insurer's decision to issue a policy. This omission violates which fundamental principle of insurance contracts?,Utmost Good Faith,Principle of Indemnity,Doctrine of Reasonable Expectations,Principle of Subrogation,Utmost Good Faith requires both the insurer and insured to disclose all material facts honestly during the formation of the insurance contract.,https://www.iii.org/
"[PRIN-114] An insurance policy is drafted entirely by the insurer, leaving the insured only the option to accept or reject its pre-written terms. This describes which legal characteristic of insurance contracts?",Contract of Adhesion,Aleatory Contract,Unilateral Contract,Conditional Contract,"Because the insurer alone drafts the contract language and the insured simply adheres to it, any resulting ambiguity is legally construed against the insurer.",https://www.iii.org/
[PRIN-115] An insured attempts to collect double compensation for a claim from both their carrier and a responsible third party. Which basic insurance principle prevents this action?,Principle of Indemnity,Principle of Adhesion,Principle of Estoppel,Principle of Subrogation,"The Principle of Indemnity states that insurance contracts should restore an insured to their approximate pre-loss financial position, not allow a windfall profit.",https://www.iii.org/
[PRIN-116] An insurer pays a major property loss claim caused by an outside contractor's negligence. The process through which the insurer recovers those funds from the negligent party is called:,Subrogation,Indemnification,Contribution,Assignment,"Subrogation allows the insurer, after paying a claim, to step into the insured's legal position to recover funds from the party actually responsible for the loss.",https://www.iii.org/
[PRIN-117] A person attempts to purchase a life insurance policy on a stranger with whom they have no financial or family relationship. Which principle prevents this policy from being valid?,Insurable Interest,Utmost Good Faith,Principle of Contribution,Doctrine of Concealment,"Insurable interest requires that the policyholder would suffer genuine financial loss from the insured event, which prevents insurance from being used as a wagering contract.",https://www.iii.org/
[PRIN-118] An applicant knowingly fails to disclose a material fact that would have influenced the insurer's decision to issue a policy. This omission violates which fundamental principle of insurance contracts?,Utmost Good Faith,Principle of Indemnity,Doctrine of Reasonable Expectations,Principle of Subrogation,Utmost Good Faith requires both the insurer and insured to disclose all material facts honestly during the formation of the insurance contract.,https://www.iii.org/
"[PRIN-119] An insurance policy is drafted entirely by the insurer, leaving the insured only the option to accept or reject its pre-written terms. This describes which legal characteristic of insurance contracts?",Contract of Adhesion,Aleatory Contract,Unilateral Contract,Conditional Contract,"Because the insurer alone drafts the contract language and the insured simply adheres to it, any resulting ambiguity is legally construed against the insurer.",https://www.iii.org/
[PRIN-120] An insured attempts to collect double compensation for a claim from both their carrier and a responsible third party. Which basic insurance principle prevents this action?,Principle of Indemnity,Principle of Adhesion,Principle of Estoppel,Principle of Subrogation,"The Principle of Indemnity states that insurance contracts should restore an insured to their approximate pre-loss financial position, not allow a windfall profit.",https://www.iii.org/
[PRIN-121] An insurer pays a major property loss claim caused by an outside contractor's negligence. The process through which the insurer recovers those funds from the negligent party is called:,Subrogation,Indemnification,Contribution,Assignment,"Subrogation allows the insurer, after paying a claim, to step into the insured's legal position to recover funds from the party actually responsible for the loss.",https://www.iii.org/
[PRIN-122] A person attempts to purchase a life insurance policy on a stranger with whom they have no financial or family relationship. Which principle prevents this policy from being valid?,Insurable Interest,Utmost Good Faith,Principle of Contribution,Doctrine of Concealment,"Insurable interest requires that the policyholder would suffer genuine financial loss from the insured event, which prevents insurance from being used as a wagering contract.",https://www.iii.org/
[PRIN-123] An applicant knowingly fails to disclose a material fact that would have influenced the insurer's decision to issue a policy. This omission violates which fundamental principle of insurance contracts?,Utmost Good Faith,Principle of Indemnity,Doctrine of Reasonable Expectations,Principle of Subrogation,Utmost Good Faith requires both the insurer and insured to disclose all material facts honestly during the formation of the insurance contract.,https://www.iii.org/
"[PRIN-124] An insurance policy is drafted entirely by the insurer, leaving the insured only the option to accept or reject its pre-written terms. This describes which legal characteristic of insurance contracts?",Contract of Adhesion,Aleatory Contract,Unilateral Contract,Conditional Contract,"Because the insurer alone drafts the contract language and the insured simply adheres to it, any resulting ambiguity is legally construed against the insurer.",https://www.iii.org/
[PRIN-125] An insured attempts to collect double compensation for a claim from both their carrier and a responsible third party. Which basic insurance principle prevents this action?,Principle of Indemnity,Principle of Adhesion,Principle of Estoppel,Principle of Subrogation,"The Principle of Indemnity states that insurance contracts should restore an insured to their approximate pre-loss financial position, not allow a windfall profit.",https://www.iii.org/
[PRIN-126] An insurer pays a major property loss claim caused by an outside contractor's negligence. The process through which the insurer recovers those funds from the negligent party is called:,Subrogation,Indemnification,Contribution,Assignment,"Subrogation allows the insurer, after paying a claim, to step into the insured's legal position to recover funds from the party actually responsible for the loss.",https://www.iii.org/
[PRIN-127] A person attempts to purchase a life insurance policy on a stranger with whom they have no financial or family relationship. Which principle prevents this policy from being valid?,Insurable Interest,Utmost Good Faith,Principle of Contribution,Doctrine of Concealment,"Insurable interest requires that the policyholder would suffer genuine financial loss from the insured event, which prevents insurance from being used as a wagering contract.",https://www.iii.org/
[PRIN-128] An applicant knowingly fails to disclose a material fact that would have influenced the insurer's decision to issue a policy. This omission violates which fundamental principle of insurance contracts?,Utmost Good Faith,Principle of Indemnity,Doctrine of Reasonable Expectations,Principle of Subrogation,Utmost Good Faith requires both the insurer and insured to disclose all material facts honestly during the formation of the insurance contract.,https://www.iii.org/
"[PRIN-129] An insurance policy is drafted entirely by the insurer, leaving the insured only the option to accept or reject its pre-written terms. This describes which legal characteristic of insurance contracts?",Contract of Adhesion,Aleatory Contract,Unilateral Contract,Conditional Contract,"Because the insurer alone drafts the contract language and the insured simply adheres to it, any resulting ambiguity is legally construed against the insurer.",https://www.iii.org/
[PRIN-130] An insured attempts to collect double compensation for a claim from both their carrier and a responsible third party. Which basic insurance principle prevents this action?,Principle of Indemnity,Principle of Adhesion,Principle of Estoppel,Principle of Subrogation,"The Principle of Indemnity states that insurance contracts should restore an insured to their approximate pre-loss financial position, not allow a windfall profit.",https://www.iii.org/
[PRIN-131] An insurer pays a major property loss claim caused by an outside contractor's negligence. The process through which the insurer recovers those funds from the negligent party is called:,Subrogation,Indemnification,Contribution,Assignment,"Subrogation allows the insurer, after paying a claim, to step into the insured's legal position to recover funds from the party actually responsible for the loss.",https://www.iii.org/
[PRIN-132] A person attempts to purchase a life insurance policy on a stranger with whom they have no financial or family relationship. Which principle prevents this policy from being valid?,Insurable Interest,Utmost Good Faith,Principle of Contribution,Doctrine of Concealment,"Insurable interest requires that the policyholder would suffer genuine financial loss from the insured event, which prevents insurance from being used as a wagering contract.",https://www.iii.org/
[PRIN-133] An applicant knowingly fails to disclose a material fact that would have influenced the insurer's decision to issue a policy. This omission violates which fundamental principle of insurance contracts?,Utmost Good Faith,Principle of Indemnity,Doctrine of Reasonable Expectations,Principle of Subrogation,Utmost Good Faith requires both the insurer and insured to disclose all material facts honestly during the formation of the insurance contract.,https://www.iii.org/
"[PRIN-134] An insurance policy is drafted entirely by the insurer, leaving the insured only the option to accept or reject its pre-written terms. This describes which legal characteristic of insurance contracts?",Contract of Adhesion,Aleatory Contract,Unilateral Contract,Conditional Contract,"Because the insurer alone drafts the contract language and the insured simply adheres to it, any resulting ambiguity is legally construed against the insurer.",https://www.iii.org/
[PRIN-135] An insured attempts to collect double compensation for a claim from both their carrier and a responsible third party. Which basic insurance principle prevents this action?,Principle of Indemnity,Principle of Adhesion,Principle of Estoppel,Principle of Subrogation,"The Principle of Indemnity states that insurance contracts should restore an insured to their approximate pre-loss financial position, not allow a windfall profit.",https://www.iii.org/
[PRIN-136] An insurer pays a major property loss claim caused by an outside contractor's negligence. The process through which the insurer recovers those funds from the negligent party is called:,Subrogation,Indemnification,Contribution,Assignment,"Subrogation allows the insurer, after paying a claim, to step into the insured's legal position to recover funds from the party actually responsible for the loss.",https://www.iii.org/
[PRIN-137] A person attempts to purchase a life insurance policy on a stranger with whom they have no financial or family relationship. Which principle prevents this policy from being valid?,Insurable Interest,Utmost Good Faith,Principle of Contribution,Doctrine of Concealment,"Insurable interest requires that the policyholder would suffer genuine financial loss from the insured event, which prevents insurance from being used as a wagering contract.",https://www.iii.org/
[PRIN-138] An applicant knowingly fails to disclose a material fact that would have influenced the insurer's decision to issue a policy. This omission violates which fundamental principle of insurance contracts?,Utmost Good Faith,Principle of Indemnity,Doctrine of Reasonable Expectations,Principle of Subrogation,Utmost Good Faith requires both the insurer and insured to disclose all material facts honestly during the formation of the insurance contract.,https://www.iii.org/
"[PRIN-139] An insurance policy is drafted entirely by the insurer, leaving the insured only the option to accept or reject its pre-written terms. This describes which legal characteristic of insurance contracts?",Contract of Adhesion,Aleatory Contract,Unilateral Contract,Conditional Contract,"Because the insurer alone drafts the contract language and the insured simply adheres to it, any resulting ambiguity is legally construed against the insurer.",https://www.iii.org/
[PRIN-140] An insured attempts to collect double compensation for a claim from both their carrier and a responsible third party. Which basic insurance principle prevents this action?,Principle of Indemnity,Principle of Adhesion,Principle of Estoppel,Principle of Subrogation,"The Principle of Indemnity states that insurance contracts should restore an insured to their approximate pre-loss financial position, not allow a windfall profit.",https://www.iii.org/
[PRIN-141] An insurer pays a major property loss claim caused by an outside contractor's negligence. The process through which the insurer recovers those funds from the negligent party is called:,Subrogation,Indemnification,Contribution,Assignment,"Subrogation allows the insurer, after paying a claim, to step into the insured's legal position to recover funds from the party actually responsible for the loss.",https://www.iii.org/
[PRIN-142] A person attempts to purchase a life insurance policy on a stranger with whom they have no financial or family relationship. Which principle prevents this policy from being valid?,Insurable Interest,Utmost Good Faith,Principle of Contribution,Doctrine of Concealment,"Insurable interest requires that the policyholder would suffer genuine financial loss from the insured event, which prevents insurance from being used as a wagering contract.",https://www.iii.org/
[PRIN-143] An applicant knowingly fails to disclose a material fact that would have influenced the insurer's decision to issue a policy. This omission violates which fundamental principle of insurance contracts?,Utmost Good Faith,Principle of Indemnity,Doctrine of Reasonable Expectations,Principle of Subrogation,Utmost Good Faith requires both the insurer and insured to disclose all material facts honestly during the formation of the insurance contract.,https://www.iii.org/
"[PRIN-144] An insurance policy is drafted entirely by the insurer, leaving the insured only the option to accept or reject its pre-written terms. This describes which legal characteristic of insurance contracts?",Contract of Adhesion,Aleatory Contract,Unilateral Contract,Conditional Contract,"Because the insurer alone drafts the contract language and the insured simply adheres to it, any resulting ambiguity is legally construed against the insurer.",https://www.iii.org/
[PRIN-145] An insured attempts to collect double compensation for a claim from both their carrier and a responsible third party. Which basic insurance principle prevents this action?,Principle of Indemnity,Principle of Adhesion,Principle of Estoppel,Principle of Subrogation,"The Principle of Indemnity states that insurance contracts should restore an insured to their approximate pre-loss financial position, not allow a windfall profit.",https://www.iii.org/
[PRIN-146] An insurer pays a major property loss claim caused by an outside contractor's negligence. The process through which the insurer recovers those funds from the negligent party is called:,Subrogation,Indemnification,Contribution,Assignment,"Subrogation allows the insurer, after paying a claim, to step into the insured's legal position to recover funds from the party actually responsible for the loss.",https://www.iii.org/
[PRIN-147] A person attempts to purchase a life insurance policy on a stranger with whom they have no financial or family relationship. Which principle prevents this policy from being valid?,Insurable Interest,Utmost Good Faith,Principle of Contribution,Doctrine of Concealment,"Insurable interest requires that the policyholder would suffer genuine financial loss from the insured event, which prevents insurance from being used as a wagering contract.",https://www.iii.org/
[PRIN-148] An applicant knowingly fails to disclose a material fact that would have influenced the insurer's decision to issue a policy. This omission violates which fundamental principle of insurance contracts?,Utmost Good Faith,Principle of Indemnity,Doctrine of Reasonable Expectations,Principle of Subrogation,Utmost Good Faith requires both the insurer and insured to disclose all material facts honestly during the formation of the insurance contract.,https://www.iii.org/
"[PRIN-149] An insurance policy is drafted entirely by the insurer, leaving the insured only the option to accept or reject its pre-written terms. This describes which legal characteristic of insurance contracts?",Contract of Adhesion,Aleatory Contract,Unilateral Contract,Conditional Contract,"Because the insurer alone drafts the contract language and the insured simply adheres to it, any resulting ambiguity is legally construed against the insurer.",https://www.iii.org/
[PRIN-150] An insured attempts to collect double compensation for a claim from both their carrier and a responsible third party. Which basic insurance principle prevents this action?,Principle of Indemnity,Principle of Adhesion,Principle of Estoppel,Principle of Subrogation,"The Principle of Indemnity states that insurance contracts should restore an insured to their approximate pre-loss financial position, not allow a windfall profit.",https://www.iii.org/
[PRIN-151] An insurer pays a major property loss claim caused by an outside contractor's negligence. The process through which the insurer recovers those funds from the negligent party is called:,Subrogation,Indemnification,Contribution,Assignment,"Subrogation allows the insurer, after paying a claim, to step into the insured's legal position to recover funds from the party actually responsible for the loss.",https://www.iii.org/
[PRIN-152] A person attempts to purchase a life insurance policy on a stranger with whom they have no financial or family relationship. Which principle prevents this policy from being valid?,Insurable Interest,Utmost Good Faith,Principle of Contribution,Doctrine of Concealment,"Insurable interest requires that the policyholder would suffer genuine financial loss from the insured event, which prevents insurance from being used as a wagering contract.",https://www.iii.org/
[PRIN-153] An applicant knowingly fails to disclose a material fact that would have influenced the insurer's decision to issue a policy. This omission violates which fundamental principle of insurance contracts?,Utmost Good Faith,Principle of Indemnity,Doctrine of Reasonable Expectations,Principle of Subrogation,Utmost Good Faith requires both the insurer and insured to disclose all material facts honestly during the formation of the insurance contract.,https://www.iii.org/
"[PRIN-154] An insurance policy is drafted entirely by the insurer, leaving the insured only the option to accept or reject its pre-written terms. This describes which legal characteristic of insurance contracts?",Contract of Adhesion,Aleatory Contract,Unilateral Contract,Conditional Contract,"Because the insurer alone drafts the contract language and the insured simply adheres to it, any resulting ambiguity is legally construed against the insurer.",https://www.iii.org/
[PRIN-155] An insured attempts to collect double compensation for a claim from both their carrier and a responsible third party. Which basic insurance principle prevents this action?,Principle of Indemnity,Principle of Adhesion,Principle of Estoppel,Principle of Subrogation,"The Principle of Indemnity states that insurance contracts should restore an insured to their approximate pre-loss financial position, not allow a windfall profit.",https://www.iii.org/
[PRIN-156] An insurer pays a major property loss claim caused by an outside contractor's negligence. The process through which the insurer recovers those funds from the negligent party is called:,Subrogation,Indemnification,Contribution,Assignment,"Subrogation allows the insurer, after paying a claim, to step into the insured's legal position to recover funds from the party actually responsible for the loss.",https://www.iii.org/
[PRIN-157] A person attempts to purchase a life insurance policy on a stranger with whom they have no financial or family relationship. Which principle prevents this policy from being valid?,Insurable Interest,Utmost Good Faith,Principle of Contribution,Doctrine of Concealment,"Insurable interest requires that the policyholder would suffer genuine financial loss from the insured event, which prevents insurance from being used as a wagering contract.",https://www.iii.org/
[PRIN-158] An applicant knowingly fails to disclose a material fact that would have influenced the insurer's decision to issue a policy. This omission violates which fundamental principle of insurance contracts?,Utmost Good Faith,Principle of Indemnity,Doctrine of Reasonable Expectations,Principle of Subrogation,Utmost Good Faith requires both the insurer and insured to disclose all material facts honestly during the formation of the insurance contract.,https://www.iii.org/
"[PRIN-159] An insurance policy is drafted entirely by the insurer, leaving the insured only the option to accept or reject its pre-written terms. This describes which legal characteristic of insurance contracts?",Contract of Adhesion,Aleatory Contract,Unilateral Contract,Conditional Contract,"Because the insurer alone drafts the contract language and the insured simply adheres to it, any resulting ambiguity is legally construed against the insurer.",https://www.iii.org/
[PRIN-160] An insured attempts to collect double compensation for a claim from both their carrier and a responsible third party. Which basic insurance principle prevents this action?,Principle of Indemnity,Principle of Adhesion,Principle of Estoppel,Principle of Subrogation,"The Principle of Indemnity states that insurance contracts should restore an insured to their approximate pre-loss financial position, not allow a windfall profit.",https://www.iii.org/
[PRIN-161] An insurer pays a major property loss claim caused by an outside contractor's negligence. The process through which the insurer recovers those funds from the negligent party is called:,Subrogation,Indemnification,Contribution,Assignment,"Subrogation allows the insurer, after paying a claim, to step into the insured's legal position to recover funds from the party actually responsible for the loss.",https://www.iii.org/
[PRIN-162] A person attempts to purchase a life insurance policy on a stranger with whom they have no financial or family relationship. Which principle prevents this policy from being valid?,Insurable Interest,Utmost Good Faith,Principle of Contribution,Doctrine of Concealment,"Insurable interest requires that the policyholder would suffer genuine financial loss from the insured event, which prevents insurance from being used as a wagering contract.",https://www.iii.org/
[PRIN-163] An applicant knowingly fails to disclose a material fact that would have influenced the insurer's decision to issue a policy. This omission violates which fundamental principle of insurance contracts?,Utmost Good Faith,Principle of Indemnity,Doctrine of Reasonable Expectations,Principle of Subrogation,Utmost Good Faith requires both the insurer and insured to disclose all material facts honestly during the formation of the insurance contract.,https://www.iii.org/
"[PRIN-164] An insurance policy is drafted entirely by the insurer, leaving the insured only the option to accept or reject its pre-written terms. This describes which legal characteristic of insurance contracts?",Contract of Adhesion,Aleatory Contract,Unilateral Contract,Conditional Contract,"Because the insurer alone drafts the contract language and the insured simply adheres to it, any resulting ambiguity is legally construed against the insurer.",https://www.iii.org/
[PRIN-165] An insured attempts to collect double compensation for a claim from both their carrier and a responsible third party. Which basic insurance principle prevents this action?,Principle of Indemnity,Principle of Adhesion,Principle of Estoppel,Principle of Subrogation,"The Principle of Indemnity states that insurance contracts should restore an insured to their approximate pre-loss financial position, not allow a windfall profit.",https://www.iii.org/
[PRIN-166] An insurer pays a major property loss claim caused by an outside contractor's negligence. The process through which the insurer recovers those funds from the negligent party is called:,Subrogation,Indemnification,Contribution,Assignment,"Subrogation allows the insurer, after paying a claim, to step into the insured's legal position to recover funds from the party actually responsible for the loss.",https://www.iii.org/
[PRIN-167] A person attempts to purchase a life insurance policy on a stranger with whom they have no financial or family relationship. Which principle prevents this policy from being valid?,Insurable Interest,Utmost Good Faith,Principle of Contribution,Doctrine of Concealment,"Insurable interest requires that the policyholder would suffer genuine financial loss from the insured event, which prevents insurance from being used as a wagering contract.",https://www.iii.org/
[PRIN-168] An applicant knowingly fails to disclose a material fact that would have influenced the insurer's decision to issue a policy. This omission violates which fundamental principle of insurance contracts?,Utmost Good Faith,Principle of Indemnity,Doctrine of Reasonable Expectations,Principle of Subrogation,Utmost Good Faith requires both the insurer and insured to disclose all material facts honestly during the formation of the insurance contract.,https://www.iii.org/
"[PRIN-169] An insurance policy is drafted entirely by the insurer, leaving the insured only the option to accept or reject its pre-written terms. This describes which legal characteristic of insurance contracts?",Contract of Adhesion,Aleatory Contract,Unilateral Contract,Conditional Contract,"Because the insurer alone drafts the contract language and the insured simply adheres to it, any resulting ambiguity is legally construed against the insurer.",https://www.iii.org/
[PRIN-170] An insured attempts to collect double compensation for a claim from both their carrier and a responsible third party. Which basic insurance principle prevents this action?,Principle of Indemnity,Principle of Adhesion,Principle of Estoppel,Principle of Subrogation,"The Principle of Indemnity states that insurance contracts should restore an insured to their approximate pre-loss financial position, not allow a windfall profit.",https://www.iii.org/
[PRIN-171] An insurer pays a major property loss claim caused by an outside contractor's negligence. The process through which the insurer recovers those funds from the negligent party is called:,Subrogation,Indemnification,Contribution,Assignment,"Subrogation allows the insurer, after paying a claim, to step into the insured's legal position to recover funds from the party actually responsible for the loss.",https://www.iii.org/
[PRIN-172] A person attempts to purchase a life insurance policy on a stranger with whom they have no financial or family relationship. Which principle prevents this policy from being valid?,Insurable Interest,Utmost Good Faith,Principle of Contribution,Doctrine of Concealment,"Insurable interest requires that the policyholder would suffer genuine financial loss from the insured event, which prevents insurance from being used as a wagering contract.",https://www.iii.org/
[PRIN-173] An applicant knowingly fails to disclose a material fact that would have influenced the insurer's decision to issue a policy. This omission violates which fundamental principle of insurance contracts?,Utmost Good Faith,Principle of Indemnity,Doctrine of Reasonable Expectations,Principle of Subrogation,Utmost Good Faith requires both the insurer and insured to disclose all material facts honestly during the formation of the insurance contract.,https://www.iii.org/
"[PRIN-174] An insurance policy is drafted entirely by the insurer, leaving the insured only the option to accept or reject its pre-written terms. This describes which legal characteristic of insurance contracts?",Contract of Adhesion,Aleatory Contract,Unilateral Contract,Conditional Contract,"Because the insurer alone drafts the contract language and the insured simply adheres to it, any resulting ambiguity is legally construed against the insurer.",https://www.iii.org/
[PRIN-175] An insured attempts to collect double compensation for a claim from both their carrier and a responsible third party. Which basic insurance principle prevents this action?,Principle of Indemnity,Principle of Adhesion,Principle of Estoppel,Principle of Subrogation,"The Principle of Indemnity states that insurance contracts should restore an insured to their approximate pre-loss financial position, not allow a windfall profit.",https://www.iii.org/
[PRIN-176] An insurer pays a major property loss claim caused by an outside contractor's negligence. The process through which the insurer recovers those funds from the negligent party is called:,Subrogation,Indemnification,Contribution,Assignment,"Subrogation allows the insurer, after paying a claim, to step into the insured's legal position to recover funds from the party actually responsible for the loss.",https://www.iii.org/
[PRIN-177] A person attempts to purchase a life insurance policy on a stranger with whom they have no financial or family relationship. Which principle prevents this policy from being valid?,Insurable Interest,Utmost Good Faith,Principle of Contribution,Doctrine of Concealment,"Insurable interest requires that the policyholder would suffer genuine financial loss from the insured event, which prevents insurance from being used as a wagering contract.",https://www.iii.org/
[PRIN-178] An applicant knowingly fails to disclose a material fact that would have influenced the insurer's decision to issue a policy. This omission violates which fundamental principle of insurance contracts?,Utmost Good Faith,Principle of Indemnity,Doctrine of Reasonable Expectations,Principle of Subrogation,Utmost Good Faith requires both the insurer and insured to disclose all material facts honestly during the formation of the insurance contract.,https://www.iii.org/
"[PRIN-179] An insurance policy is drafted entirely by the insurer, leaving the insured only the option to accept or reject its pre-written terms. This describes which legal characteristic of insurance contracts?",Contract of Adhesion,Aleatory Contract,Unilateral Contract,Conditional Contract,"Because the insurer alone drafts the contract language and the insured simply adheres to it, any resulting ambiguity is legally construed against the insurer.",https://www.iii.org/
[PRIN-180] An insured attempts to collect double compensation for a claim from both their carrier and a responsible third party. Which basic insurance principle prevents this action?,Principle of Indemnity,Principle of Adhesion,Principle of Estoppel,Principle of Subrogation,"The Principle of Indemnity states that insurance contracts should restore an insured to their approximate pre-loss financial position, not allow a windfall profit.",https://www.iii.org/
[PRIN-181] An insurer pays a major property loss claim caused by an outside contractor's negligence. The process through which the insurer recovers those funds from the negligent party is called:,Subrogation,Indemnification,Contribution,Assignment,"Subrogation allows the insurer, after paying a claim, to step into the insured's legal position to recover funds from the party actually responsible for the loss.",https://www.iii.org/
[PRIN-182] A person attempts to purchase a life insurance policy on a stranger with whom they have no financial or family relationship. Which principle prevents this policy from being valid?,Insurable Interest,Utmost Good Faith,Principle of Contribution,Doctrine of Concealment,"Insurable interest requires that the policyholder would suffer genuine financial loss from the insured event, which prevents insurance from being used as a wagering contract.",https://www.iii.org/
[PRIN-183] An applicant knowingly fails to disclose a material fact that would have influenced the insurer's decision to issue a policy. This omission violates which fundamental principle of insurance contracts?,Utmost Good Faith,Principle of Indemnity,Doctrine of Reasonable Expectations,Principle of Subrogation,Utmost Good Faith requires both the insurer and insured to disclose all material facts honestly during the formation of the insurance contract.,https://www.iii.org/
"[PRIN-184] An insurance policy is drafted entirely by the insurer, leaving the insured only the option to accept or reject its pre-written terms. This describes which legal characteristic of insurance contracts?",Contract of Adhesion,Aleatory Contract,Unilateral Contract,Conditional Contract,"Because the insurer alone drafts the contract language and the insured simply adheres to it, any resulting ambiguity is legally construed against the insurer.",https://www.iii.org/
[PRIN-185] An insured attempts to collect double compensation for a claim from both their carrier and a responsible third party. Which basic insurance principle prevents this action?,Principle of Indemnity,Principle of Adhesion,Principle of Estoppel,Principle of Subrogation,"The Principle of Indemnity states that insurance contracts should restore an insured to their approximate pre-loss financial position, not allow a windfall profit.",https://www.iii.org/
[PRIN-186] An insurer pays a major property loss claim caused by an outside contractor's negligence. The process through which the insurer recovers those funds from the negligent party is called:,Subrogation,Indemnification,Contribution,Assignment,"Subrogation allows the insurer, after paying a claim, to step into the insured's legal position to recover funds from the party actually responsible for the loss.",https://www.iii.org/
[PRIN-187] A person attempts to purchase a life insurance policy on a stranger with whom they have no financial or family relationship. Which principle prevents this policy from being valid?,Insurable Interest,Utmost Good Faith,Principle of Contribution,Doctrine of Concealment,"Insurable interest requires that the policyholder would suffer genuine financial loss from the insured event, which prevents insurance from being used as a wagering contract.",https://www.iii.org/
[PRIN-188] An applicant knowingly fails to disclose a material fact that would have influenced the insurer's decision to issue a policy. This omission violates which fundamental principle of insurance contracts?,Utmost Good Faith,Principle of Indemnity,Doctrine of Reasonable Expectations,Principle of Subrogation,Utmost Good Faith requires both the insurer and insured to disclose all material facts honestly during the formation of the insurance contract.,https://www.iii.org/
"[PRIN-189] An insurance policy is drafted entirely by the insurer, leaving the insured only the option to accept or reject its pre-written terms. This describes which legal characteristic of insurance contracts?",Contract of Adhesion,Aleatory Contract,Unilateral Contract,Conditional Contract,"Because the insurer alone drafts the contract language and the insured simply adheres to it, any resulting ambiguity is legally construed against the insurer.",https://www.iii.org/
[PRIN-190] An insured attempts to collect double compensation for a claim from both their carrier and a responsible third party. Which basic insurance principle prevents this action?,Principle of Indemnity,Principle of Adhesion,Principle of Estoppel,Principle of Subrogation,"The Principle of Indemnity states that insurance contracts should restore an insured to their approximate pre-loss financial position, not allow a windfall profit.",https://www.iii.org/
[PRIN-191] An insurer pays a major property loss claim caused by an outside contractor's negligence. The process through which the insurer recovers those funds from the negligent party is called:,Subrogation,Indemnification,Contribution,Assignment,"Subrogation allows the insurer, after paying a claim, to step into the insured's legal position to recover funds from the party actually responsible for the loss.",https://www.iii.org/
[PRIN-192] A person attempts to purchase a life insurance policy on a stranger with whom they have no financial or family relationship. Which principle prevents this policy from being valid?,Insurable Interest,Utmost Good Faith,Principle of Contribution,Doctrine of Concealment,"Insurable interest requires that the policyholder would suffer genuine financial loss from the insured event, which prevents insurance from being used as a wagering contract.",https://www.iii.org/
[PRIN-193] An applicant knowingly fails to disclose a material fact that would have influenced the insurer's decision to issue a policy. This omission violates which fundamental principle of insurance contracts?,Utmost Good Faith,Principle of Indemnity,Doctrine of Reasonable Expectations,Principle of Subrogation,Utmost Good Faith requires both the insurer and insured to disclose all material facts honestly during the formation of the insurance contract.,https://www.iii.org/
"[PRIN-194] An insurance policy is drafted entirely by the insurer, leaving the insured only the option to accept or reject its pre-written terms. This describes which legal characteristic of insurance contracts?",Contract of Adhesion,Aleatory Contract,Unilateral Contract,Conditional Contract,"Because the insurer alone drafts the contract language and the insured simply adheres to it, any resulting ambiguity is legally construed against the insurer.",https://www.iii.org/
[PRIN-195] An insured attempts to collect double compensation for a claim from both their carrier and a responsible third party. Which basic insurance principle prevents this action?,Principle of Indemnity,Principle of Adhesion,Principle of Estoppel,Principle of Subrogation,"The Principle of Indemnity states that insurance contracts should restore an insured to their approximate pre-loss financial position, not allow a windfall profit.",https://www.iii.org/
[PRIN-196] An insurer pays a major property loss claim caused by an outside contractor's negligence. The process through which the insurer recovers those funds from the negligent party is called:,Subrogation,Indemnification,Contribution,Assignment,"Subrogation allows the insurer, after paying a claim, to step into the insured's legal position to recover funds from the party actually responsible for the loss.",https://www.iii.org/
[PRIN-197] A person attempts to purchase a life insurance policy on a stranger with whom they have no financial or family relationship. Which principle prevents this policy from being valid?,Insurable Interest,Utmost Good Faith,Principle of Contribution,Doctrine of Concealment,"Insurable interest requires that the policyholder would suffer genuine financial loss from the insured event, which prevents insurance from being used as a wagering contract.",https://www.iii.org/
[PRIN-198] An applicant knowingly fails to disclose a material fact that would have influenced the insurer's decision to issue a policy. This omission violates which fundamental principle of insurance contracts?,Utmost Good Faith,Principle of Indemnity,Doctrine of Reasonable Expectations,Principle of Subrogation,Utmost Good Faith requires both the insurer and insured to disclose all material facts honestly during the formation of the insurance contract.,https://www.iii.org/
"[PRIN-199] An insurance policy is drafted entirely by the insurer, leaving the insured only the option to accept or reject its pre-written terms. This describes which legal characteristic of insurance contracts?",Contract of Adhesion,Aleatory Contract,Unilateral Contract,Conditional Contract,"Because the insurer alone drafts the contract language and the insured simply adheres to it, any resulting ambiguity is legally construed against the insurer.",https://www.iii.org/
[PRIN-200] An insured attempts to collect double compensation for a claim from both their carrier and a responsible third party. Which basic insurance principle prevents this action?,Principle of Indemnity,Principle of Adhesion,Principle of Estoppel,Principle of Subrogation,"The Principle of Indemnity states that insurance contracts should restore an insured to their approximate pre-loss financial position, not allow a windfall profit.",https://www.iii.org/
[PRIN-201] An insurer pays a major property loss claim caused by an outside contractor's negligence. The process through which the insurer recovers those funds from the negligent party is called:,Subrogation,Indemnification,Contribution,Assignment,"Subrogation allows the insurer, after paying a claim, to step into the insured's legal position to recover funds from the party actually responsible for the loss.",https://www.iii.org/
[PRIN-202] A person attempts to purchase a life insurance policy on a stranger with whom they have no financial or family relationship. Which principle prevents this policy from being valid?,Insurable Interest,Utmost Good Faith,Principle of Contribution,Doctrine of Concealment,"Insurable interest requires that the policyholder would suffer genuine financial loss from the insured event, which prevents insurance from being used as a wagering contract.",https://www.iii.org/
[PRIN-203] An applicant knowingly fails to disclose a material fact that would have influenced the insurer's decision to issue a policy. This omission violates which fundamental principle of insurance contracts?,Utmost Good Faith,Principle of Indemnity,Doctrine of Reasonable Expectations,Principle of Subrogation,Utmost Good Faith requires both the insurer and insured to disclose all material facts honestly during the formation of the insurance contract.,https://www.iii.org/
"[PRIN-204] An insurance policy is drafted entirely by the insurer, leaving the insured only the option to accept or reject its pre-written terms. This describes which legal characteristic of insurance contracts?",Contract of Adhesion,Aleatory Contract,Unilateral Contract,Conditional Contract,"Because the insurer alone drafts the contract language and the insured simply adheres to it, any resulting ambiguity is legally construed against the insurer.",https://www.iii.org/
[PRIN-205] An insured attempts to collect double compensation for a claim from both their carrier and a responsible third party. Which basic insurance principle prevents this action?,Principle of Indemnity,Principle of Adhesion,Principle of Estoppel,Principle of Subrogation,"The Principle of Indemnity states that insurance contracts should restore an insured to their approximate pre-loss financial position, not allow a windfall profit.",https://www.iii.org/
[PRIN-206] An insurer pays a major property loss claim caused by an outside contractor's negligence. The process through which the insurer recovers those funds from the negligent party is called:,Subrogation,Indemnification,Contribution,Assignment,"Subrogation allows the insurer, after paying a claim, to step into the insured's legal position to recover funds from the party actually responsible for the loss.",https://www.iii.org/
[PRIN-207] A person attempts to purchase a life insurance policy on a stranger with whom they have no financial or family relationship. Which principle prevents this policy from being valid?,Insurable Interest,Utmost Good Faith,Principle of Contribution,Doctrine of Concealment,"Insurable interest requires that the policyholder would suffer genuine financial loss from the insured event, which prevents insurance from being used as a wagering contract.",https://www.iii.org/
[PRIN-208] An applicant knowingly fails to disclose a material fact that would have influenced the insurer's decision to issue a policy. This omission violates which fundamental principle of insurance contracts?,Utmost Good Faith,Principle of Indemnity,Doctrine of Reasonable Expectations,Principle of Subrogation,Utmost Good Faith requires both the insurer and insured to disclose all material facts honestly during the formation of the insurance contract.,https://www.iii.org/
"[PRIN-209] An insurance policy is drafted entirely by the insurer, leaving the insured only the option to accept or reject its pre-written terms. This describes which legal characteristic of insurance contracts?",Contract of Adhesion,Aleatory Contract,Unilateral Contract,Conditional Contract,"Because the insurer alone drafts the contract language and the insured simply adheres to it, any resulting ambiguity is legally construed against the insurer.",https://www.iii.org/
[PRIN-210] An insured attempts to collect double compensation for a claim from both their carrier and a responsible third party. Which basic insurance principle prevents this action?,Principle of Indemnity,Principle of Adhesion,Principle of Estoppel,Principle of Subrogation,"The Principle of Indemnity states that insurance contracts should restore an insured to their approximate pre-loss financial position, not allow a windfall profit.",https://www.iii.org/
[PRIN-211] An insurer pays a major property loss claim caused by an outside contractor's negligence. The process through which the insurer recovers those funds from the negligent party is called:,Subrogation,Indemnification,Contribution,Assignment,"Subrogation allows the insurer, after paying a claim, to step into the insured's legal position to recover funds from the party actually responsible for the loss.",https://www.iii.org/
[PRIN-212] A person attempts to purchase a life insurance policy on a stranger with whom they have no financial or family relationship. Which principle prevents this policy from being valid?,Insurable Interest,Utmost Good Faith,Principle of Contribution,Doctrine of Concealment,"Insurable interest requires that the policyholder would suffer genuine financial loss from the insured event, which prevents insurance from being used as a wagering contract.",https://www.iii.org/
[PRIN-213] An applicant knowingly fails to disclose a material fact that would have influenced the insurer's decision to issue a policy. This omission violates which fundamental principle of insurance contracts?,Utmost Good Faith,Principle of Indemnity,Doctrine of Reasonable Expectations,Principle of Subrogation,Utmost Good Faith requires both the insurer and insured to disclose all material facts honestly during the formation of the insurance contract.,https://www.iii.org/
"[PRIN-214] An insurance policy is drafted entirely by the insurer, leaving the insured only the option to accept or reject its pre-written terms. This describes which legal characteristic of insurance contracts?",Contract of Adhesion,Aleatory Contract,Unilateral Contract,Conditional Contract,"Because the insurer alone drafts the contract language and the insured simply adheres to it, any resulting ambiguity is legally construed against the insurer.",https://www.iii.org/
[PRIN-215] An insured attempts to collect double compensation for a claim from both their carrier and a responsible third party. Which basic insurance principle prevents this action?,Principle of Indemnity,Principle of Adhesion,Principle of Estoppel,Principle of Subrogation,"The Principle of Indemnity states that insurance contracts should restore an insured to their approximate pre-loss financial position, not allow a windfall profit.",https://www.iii.org/
[PRIN-216] An insurer pays a major property loss claim caused by an outside contractor's negligence. The process through which the insurer recovers those funds from the negligent party is called:,Subrogation,Indemnification,Contribution,Assignment,"Subrogation allows the insurer, after paying a claim, to step into the insured's legal position to recover funds from the party actually responsible for the loss.",https://www.iii.org/
[PRIN-217] A person attempts to purchase a life insurance policy on a stranger with whom they have no financial or family relationship. Which principle prevents this policy from being valid?,Insurable Interest,Utmost Good Faith,Principle of Contribution,Doctrine of Concealment,"Insurable interest requires that the policyholder would suffer genuine financial loss from the insured event, which prevents insurance from being used as a wagering contract.",https://www.iii.org/
[PRIN-218] An applicant knowingly fails to disclose a material fact that would have influenced the insurer's decision to issue a policy. This omission violates which fundamental principle of insurance contracts?,Utmost Good Faith,Principle of Indemnity,Doctrine of Reasonable Expectations,Principle of Subrogation,Utmost Good Faith requires both the insurer and insured to disclose all material facts honestly during the formation of the insurance contract.,https://www.iii.org/
"[PRIN-219] An insurance policy is drafted entirely by the insurer, leaving the insured only the option to accept or reject its pre-written terms. This describes which legal characteristic of insurance contracts?",Contract of Adhesion,Aleatory Contract,Unilateral Contract,Conditional Contract,"Because the insurer alone drafts the contract language and the insured simply adheres to it, any resulting ambiguity is legally construed against the insurer.",https://www.iii.org/
[PRIN-220] An insured attempts to collect double compensation for a claim from both their carrier and a responsible third party. Which basic insurance principle prevents this action?,Principle of Indemnity,Principle of Adhesion,Principle of Estoppel,Principle of Subrogation,"The Principle of Indemnity states that insurance contracts should restore an insured to their approximate pre-loss financial position, not allow a windfall profit.",https://www.iii.org/
[PRIN-221] An insurer pays a major property loss claim caused by an outside contractor's negligence. The process through which the insurer recovers those funds from the negligent party is called:,Subrogation,Indemnification,Contribution,Assignment,"Subrogation allows the insurer, after paying a claim, to step into the insured's legal position to recover funds from the party actually responsible for the loss.",https://www.iii.org/
[PRIN-222] A person attempts to purchase a life insurance policy on a stranger with whom they have no financial or family relationship. Which principle prevents this policy from being valid?,Insurable Interest,Utmost Good Faith,Principle of Contribution,Doctrine of Concealment,"Insurable interest requires that the policyholder would suffer genuine financial loss from the insured event, which prevents insurance from being used as a wagering contract.",https://www.iii.org/
[PRIN-223] An applicant knowingly fails to disclose a material fact that would have influenced the insurer's decision to issue a policy. This omission violates which fundamental principle of insurance contracts?,Utmost Good Faith,Principle of Indemnity,Doctrine of Reasonable Expectations,Principle of Subrogation,Utmost Good Faith requires both the insurer and insured to disclose all material facts honestly during the formation of the insurance contract.,https://www.iii.org/
"[PRIN-224] An insurance policy is drafted entirely by the insurer, leaving the insured only the option to accept or reject its pre-written terms. This describes which legal characteristic of insurance contracts?",Contract of Adhesion,Aleatory Contract,Unilateral Contract,Conditional Contract,"Because the insurer alone drafts the contract language and the insured simply adheres to it, any resulting ambiguity is legally construed against the insurer.",https://www.iii.org/
[PRIN-225] An insured attempts to collect double compensation for a claim from both their carrier and a responsible third party. Which basic insurance principle prevents this action?,Principle of Indemnity,Principle of Adhesion,Principle of Estoppel,Principle of Subrogation,"The Principle of Indemnity states that insurance contracts should restore an insured to their approximate pre-loss financial position, not allow a windfall profit.",https://www.iii.org/
[PRIN-226] An insurer pays a major property loss claim caused by an outside contractor's negligence. The process through which the insurer recovers those funds from the negligent party is called:,Subrogation,Indemnification,Contribution,Assignment,"Subrogation allows the insurer, after paying a claim, to step into the insured's legal position to recover funds from the party actually responsible for the loss.",https://www.iii.org/
[PRIN-227] A person attempts to purchase a life insurance policy on a stranger with whom they have no financial or family relationship. Which principle prevents this policy from being valid?,Insurable Interest,Utmost Good Faith,Principle of Contribution,Doctrine of Concealment,"Insurable interest requires that the policyholder would suffer genuine financial loss from the insured event, which prevents insurance from being used as a wagering contract.",https://www.iii.org/
[PRIN-228] An applicant knowingly fails to disclose a material fact that would have influenced the insurer's decision to issue a policy. This omission violates which fundamental principle of insurance contracts?,Utmost Good Faith,Principle of Indemnity,Doctrine of Reasonable Expectations,Principle of Subrogation,Utmost Good Faith requires both the insurer and insured to disclose all material facts honestly during the formation of the insurance contract.,https://www.iii.org/
"[PRIN-229] An insurance policy is drafted entirely by the insurer, leaving the insured only the option to accept or reject its pre-written terms. This describes which legal characteristic of insurance contracts?",Contract of Adhesion,Aleatory Contract,Unilateral Contract,Conditional Contract,"Because the insurer alone drafts the contract language and the insured simply adheres to it, any resulting ambiguity is legally construed against the insurer.",https://www.iii.org/
[PRIN-230] An insured attempts to collect double compensation for a claim from both their carrier and a responsible third party. Which basic insurance principle prevents this action?,Principle of Indemnity,Principle of Adhesion,Principle of Estoppel,Principle of Subrogation,"The Principle of Indemnity states that insurance contracts should restore an insured to their approximate pre-loss financial position, not allow a windfall profit.",https://www.iii.org/
[PRIN-231] An insurer pays a major property loss claim caused by an outside contractor's negligence. The process through which the insurer recovers those funds from the negligent party is called:,Subrogation,Indemnification,Contribution,Assignment,"Subrogation allows the insurer, after paying a claim, to step into the insured's legal position to recover funds from the party actually responsible for the loss.",https://www.iii.org/
[PRIN-232] A person attempts to purchase a life insurance policy on a stranger with whom they have no financial or family relationship. Which principle prevents this policy from being valid?,Insurable Interest,Utmost Good Faith,Principle of Contribution,Doctrine of Concealment,"Insurable interest requires that the policyholder would suffer genuine financial loss from the insured event, which prevents insurance from being used as a wagering contract.",https://www.iii.org/
[PRIN-233] An applicant knowingly fails to disclose a material fact that would have influenced the insurer's decision to issue a policy. This omission violates which fundamental principle of insurance contracts?,Utmost Good Faith,Principle of Indemnity,Doctrine of Reasonable Expectations,Principle of Subrogation,Utmost Good Faith requires both the insurer and insured to disclose all material facts honestly during the formation of the insurance contract.,https://www.iii.org/
"[PRIN-234] An insurance policy is drafted entirely by the insurer, leaving the insured only the option to accept or reject its pre-written terms. This describes which legal characteristic of insurance contracts?",Contract of Adhesion,Aleatory Contract,Unilateral Contract,Conditional Contract,"Because the insurer alone drafts the contract language and the insured simply adheres to it, any resulting ambiguity is legally construed against the insurer.",https://www.iii.org/
[PRIN-235] An insured attempts to collect double compensation for a claim from both their carrier and a responsible third party. Which basic insurance principle prevents this action?,Principle of Indemnity,Principle of Adhesion,Principle of Estoppel,Principle of Subrogation,"The Principle of Indemnity states that insurance contracts should restore an insured to their approximate pre-loss financial position, not allow a windfall profit.",https://www.iii.org/
[PRIN-236] An insurer pays a major property loss claim caused by an outside contractor's negligence. The process through which the insurer recovers those funds from the negligent party is called:,Subrogation,Indemnification,Contribution,Assignment,"Subrogation allows the insurer, after paying a claim, to step into the insured's legal position to recover funds from the party actually responsible for the loss.",https://www.iii.org/
[PRIN-237] A person attempts to purchase a life insurance policy on a stranger with whom they have no financial or family relationship. Which principle prevents this policy from being valid?,Insurable Interest,Utmost Good Faith,Principle of Contribution,Doctrine of Concealment,"Insurable interest requires that the policyholder would suffer genuine financial loss from the insured event, which prevents insurance from being used as a wagering contract.",https://www.iii.org/
[PRIN-238] An applicant knowingly fails to disclose a material fact that would have influenced the insurer's decision to issue a policy. This omission violates which fundamental principle of insurance contracts?,Utmost Good Faith,Principle of Indemnity,Doctrine of Reasonable Expectations,Principle of Subrogation,Utmost Good Faith requires both the insurer and insured to disclose all material facts honestly during the formation of the insurance contract.,https://www.iii.org/
"[PRIN-239] An insurance policy is drafted entirely by the insurer, leaving the insured only the option to accept or reject its pre-written terms. This describes which legal characteristic of insurance contracts?",Contract of Adhesion,Aleatory Contract,Unilateral Contract,Conditional Contract,"Because the insurer alone drafts the contract language and the insured simply adheres to it, any resulting ambiguity is legally construed against the insurer.",https://www.iii.org/
[PRIN-240] An insured attempts to collect double compensation for a claim from both their carrier and a responsible third party. Which basic insurance principle prevents this action?,Principle of Indemnity,Principle of Adhesion,Principle of Estoppel,Principle of Subrogation,"The Principle of Indemnity states that insurance contracts should restore an insured to their approximate pre-loss financial position, not allow a windfall profit.",https://www.iii.org/
[PRIN-241] An insurer pays a major property loss claim caused by an outside contractor's negligence. The process through which the insurer recovers those funds from the negligent party is called:,Subrogation,Indemnification,Contribution,Assignment,"Subrogation allows the insurer, after paying a claim, to step into the insured's legal position to recover funds from the party actually responsible for the loss.",https://www.iii.org/
[PRIN-242] A person attempts to purchase a life insurance policy on a stranger with whom they have no financial or family relationship. Which principle prevents this policy from being valid?,Insurable Interest,Utmost Good Faith,Principle of Contribution,Doctrine of Concealment,"Insurable interest requires that the policyholder would suffer genuine financial loss from the insured event, which prevents insurance from being used as a wagering contract.",https://www.iii.org/
[PRIN-243] An applicant knowingly fails to disclose a material fact that would have influenced the insurer's decision to issue a policy. This omission violates which fundamental principle of insurance contracts?,Utmost Good Faith,Principle of Indemnity,Doctrine of Reasonable Expectations,Principle of Subrogation,Utmost Good Faith requires both the insurer and insured to disclose all material facts honestly during the formation of the insurance contract.,https://www.iii.org/
"[PRIN-244] An insurance policy is drafted entirely by the insurer, leaving the insured only the option to accept or reject its pre-written terms. This describes which legal characteristic of insurance contracts?",Contract of Adhesion,Aleatory Contract,Unilateral Contract,Conditional Contract,"Because the insurer alone drafts the contract language and the insured simply adheres to it, any resulting ambiguity is legally construed against the insurer.",https://www.iii.org/
[PRIN-245] An insured attempts to collect double compensation for a claim from both their carrier and a responsible third party. Which basic insurance principle prevents this action?,Principle of Indemnity,Principle of Adhesion,Principle of Estoppel,Principle of Subrogation,"The Principle of Indemnity states that insurance contracts should restore an insured to their approximate pre-loss financial position, not allow a windfall profit.",https://www.iii.org/
[PRIN-246] An insurer pays a major property loss claim caused by an outside contractor's negligence. The process through which the insurer recovers those funds from the negligent party is called:,Subrogation,Indemnification,Contribution,Assignment,"Subrogation allows the insurer, after paying a claim, to step into the insured's legal position to recover funds from the party actually responsible for the loss.",https://www.iii.org/
[PRIN-247] A person attempts to purchase a life insurance policy on a stranger with whom they have no financial or family relationship. Which principle prevents this policy from being valid?,Insurable Interest,Utmost Good Faith,Principle of Contribution,Doctrine of Concealment,"Insurable interest requires that the policyholder would suffer genuine financial loss from the insured event, which prevents insurance from being used as a wagering contract.",https://www.iii.org/
[PRIN-248] An applicant knowingly fails to disclose a material fact that would have influenced the insurer's decision to issue a policy. This omission violates which fundamental principle of insurance contracts?,Utmost Good Faith,Principle of Indemnity,Doctrine of Reasonable Expectations,Principle of Subrogation,Utmost Good Faith requires both the insurer and insured to disclose all material facts honestly during the formation of the insurance contract.,https://www.iii.org/
"[PRIN-249] An insurance policy is drafted entirely by the insurer, leaving the insured only the option to accept or reject its pre-written terms. This describes which legal characteristic of insurance contracts?",Contract of Adhesion,Aleatory Contract,Unilateral Contract,Conditional Contract,"Because the insurer alone drafts the contract language and the insured simply adheres to it, any resulting ambiguity is legally construed against the insurer.",https://www.iii.org/
[PRIN-250] An insured attempts to collect double compensation for a claim from both their carrier and a responsible third party. Which basic insurance principle prevents this action?,Principle of Indemnity,Principle of Adhesion,Principle of Estoppel,Principle of Subrogation,"The Principle of Indemnity states that insurance contracts should restore an insured to their approximate pre-loss financial position, not allow a windfall profit.",https://www.iii.org/
[PRIN-251] An insurer pays a major property loss claim caused by an outside contractor's negligence. The process through which the insurer recovers those funds from the negligent party is called:,Subrogation,Indemnification,Contribution,Assignment,"Subrogation allows the insurer, after paying a claim, to step into the insured's legal position to recover funds from the party actually responsible for the loss.",https://www.iii.org/
[PRIN-252] A person attempts to purchase a life insurance policy on a stranger with whom they have no financial or family relationship. Which principle prevents this policy from being valid?,Insurable Interest,Utmost Good Faith,Principle of Contribution,Doctrine of Concealment,"Insurable interest requires that the policyholder would suffer genuine financial loss from the insured event, which prevents insurance from being used as a wagering contract.",https://www.iii.org/
[PRIN-253] An applicant knowingly fails to disclose a material fact that would have influenced the insurer's decision to issue a policy. This omission violates which fundamental principle of insurance contracts?,Utmost Good Faith,Principle of Indemnity,Doctrine of Reasonable Expectations,Principle of Subrogation,Utmost Good Faith requires both the insurer and insured to disclose all material facts honestly during the formation of the insurance contract.,https://www.iii.org/
"[PRIN-254] An insurance policy is drafted entirely by the insurer, leaving the insured only the option to accept or reject its pre-written terms. This describes which legal characteristic of insurance contracts?",Contract of Adhesion,Aleatory Contract,Unilateral Contract,Conditional Contract,"Because the insurer alone drafts the contract language and the insured simply adheres to it, any resulting ambiguity is legally construed against the insurer.",https://www.iii.org/
[PRIN-255] An insured attempts to collect double compensation for a claim from both their carrier and a responsible third party. Which basic insurance principle prevents this action?,Principle of Indemnity,Principle of Adhesion,Principle of Estoppel,Principle of Subrogation,"The Principle of Indemnity states that insurance contracts should restore an insured to their approximate pre-loss financial position, not allow a windfall profit.",https://www.iii.org/
[PRIN-256] An insurer pays a major property loss claim caused by an outside contractor's negligence. The process through which the insurer recovers those funds from the negligent party is called:,Subrogation,Indemnification,Contribution,Assignment,"Subrogation allows the insurer, after paying a claim, to step into the insured's legal position to recover funds from the party actually responsible for the loss.",https://www.iii.org/
[PRIN-257] A person attempts to purchase a life insurance policy on a stranger with whom they have no financial or family relationship. Which principle prevents this policy from being valid?,Insurable Interest,Utmost Good Faith,Principle of Contribution,Doctrine of Concealment,"Insurable interest requires that the policyholder would suffer genuine financial loss from the insured event, which prevents insurance from being used as a wagering contract.",https://www.iii.org/
[PRIN-258] An applicant knowingly fails to disclose a material fact that would have influenced the insurer's decision to issue a policy. This omission violates which fundamental principle of insurance contracts?,Utmost Good Faith,Principle of Indemnity,Doctrine of Reasonable Expectations,Principle of Subrogation,Utmost Good Faith requires both the insurer and insured to disclose all material facts honestly during the formation of the insurance contract.,https://www.iii.org/
"[PRIN-259] An insurance policy is drafted entirely by the insurer, leaving the insured only the option to accept or reject its pre-written terms. This describes which legal characteristic of insurance contracts?",Contract of Adhesion,Aleatory Contract,Unilateral Contract,Conditional Contract,"Because the insurer alone drafts the contract language and the insured simply adheres to it, any resulting ambiguity is legally construed against the insurer.",https://www.iii.org/
[PRIN-260] An insured attempts to collect double compensation for a claim from both their carrier and a responsible third party. Which basic insurance principle prevents this action?,Principle of Indemnity,Principle of Adhesion,Principle of Estoppel,Principle of Subrogation,"The Principle of Indemnity states that insurance contracts should restore an insured to their approximate pre-loss financial position, not allow a windfall profit.",https://www.iii.org/
[PRIN-261] An insurer pays a major property loss claim caused by an outside contractor's negligence. The process through which the insurer recovers those funds from the negligent party is called:,Subrogation,Indemnification,Contribution,Assignment,"Subrogation allows the insurer, after paying a claim, to step into the insured's legal position to recover funds from the party actually responsible for the loss.",https://www.iii.org/
[PRIN-262] A person attempts to purchase a life insurance policy on a stranger with whom they have no financial or family relationship. Which principle prevents this policy from being valid?,Insurable Interest,Utmost Good Faith,Principle of Contribution,Doctrine of Concealment,"Insurable interest requires that the policyholder would suffer genuine financial loss from the insured event, which prevents insurance from being used as a wagering contract.",https://www.iii.org/
[PRIN-263] An applicant knowingly fails to disclose a material fact that would have influenced the insurer's decision to issue a policy. This omission violates which fundamental principle of insurance contracts?,Utmost Good Faith,Principle of Indemnity,Doctrine of Reasonable Expectations,Principle of Subrogation,Utmost Good Faith requires both the insurer and insured to disclose all material facts honestly during the formation of the insurance contract.,https://www.iii.org/
"[PRIN-264] An insurance policy is drafted entirely by the insurer, leaving the insured only the option to accept or reject its pre-written terms. This describes which legal characteristic of insurance contracts?",Contract of Adhesion,Aleatory Contract,Unilateral Contract,Conditional Contract,"Because the insurer alone drafts the contract language and the insured simply adheres to it, any resulting ambiguity is legally construed against the insurer.",https://www.iii.org/
[PRIN-265] An insured attempts to collect double compensation for a claim from both their carrier and a responsible third party. Which basic insurance principle prevents this action?,Principle of Indemnity,Principle of Adhesion,Principle of Estoppel,Principle of Subrogation,"The Principle of Indemnity states that insurance contracts should restore an insured to their approximate pre-loss financial position, not allow a windfall profit.",https://www.iii.org/
[PRIN-266] An insurer pays a major property loss claim caused by an outside contractor's negligence. The process through which the insurer recovers those funds from the negligent party is called:,Subrogation,Indemnification,Contribution,Assignment,"Subrogation allows the insurer, after paying a claim, to step into the insured's legal position to recover funds from the party actually responsible for the loss.",https://www.iii.org/
[PRIN-267] A person attempts to purchase a life insurance policy on a stranger with whom they have no financial or family relationship. Which principle prevents this policy from being valid?,Insurable Interest,Utmost Good Faith,Principle of Contribution,Doctrine of Concealment,"Insurable interest requires that the policyholder would suffer genuine financial loss from the insured event, which prevents insurance from being used as a wagering contract.",https://www.iii.org/
[PRIN-268] An applicant knowingly fails to disclose a material fact that would have influenced the insurer's decision to issue a policy. This omission violates which fundamental principle of insurance contracts?,Utmost Good Faith,Principle of Indemnity,Doctrine of Reasonable Expectations,Principle of Subrogation,Utmost Good Faith requires both the insurer and insured to disclose all material facts honestly during the formation of the insurance contract.,https://www.iii.org/
"[PRIN-269] An insurance policy is drafted entirely by the insurer, leaving the insured only the option to accept or reject its pre-written terms. This describes which legal characteristic of insurance contracts?",Contract of Adhesion,Aleatory Contract,Unilateral Contract,Conditional Contract,"Because the insurer alone drafts the contract language and the insured simply adheres to it, any resulting ambiguity is legally construed against the insurer.",https://www.iii.org/
[PRIN-270] An insured attempts to collect double compensation for a claim from both their carrier and a responsible third party. Which basic insurance principle prevents this action?,Principle of Indemnity,Principle of Adhesion,Principle of Estoppel,Principle of Subrogation,"The Principle of Indemnity states that insurance contracts should restore an insured to their approximate pre-loss financial position, not allow a windfall profit.",https://www.iii.org/
[PRIN-271] An insurer pays a major property loss claim caused by an outside contractor's negligence. The process through which the insurer recovers those funds from the negligent party is called:,Subrogation,Indemnification,Contribution,Assignment,"Subrogation allows the insurer, after paying a claim, to step into the insured's legal position to recover funds from the party actually responsible for the loss.",https://www.iii.org/
[PRIN-272] A person attempts to purchase a life insurance policy on a stranger with whom they have no financial or family relationship. Which principle prevents this policy from being valid?,Insurable Interest,Utmost Good Faith,Principle of Contribution,Doctrine of Concealment,"Insurable interest requires that the policyholder would suffer genuine financial loss from the insured event, which prevents insurance from being used as a wagering contract.",https://www.iii.org/
[PRIN-273] An applicant knowingly fails to disclose a material fact that would have influenced the insurer's decision to issue a policy. This omission violates which fundamental principle of insurance contracts?,Utmost Good Faith,Principle of Indemnity,Doctrine of Reasonable Expectations,Principle of Subrogation,Utmost Good Faith requires both the insurer and insured to disclose all material facts honestly during the formation of the insurance contract.,https://www.iii.org/
"[PRIN-274] An insurance policy is drafted entirely by the insurer, leaving the insured only the option to accept or reject its pre-written terms. This describes which legal characteristic of insurance contracts?",Contract of Adhesion,Aleatory Contract,Unilateral Contract,Conditional Contract,"Because the insurer alone drafts the contract language and the insured simply adheres to it, any resulting ambiguity is legally construed against the insurer.",https://www.iii.org/
[PRIN-275] An insured attempts to collect double compensation for a claim from both their carrier and a responsible third party. Which basic insurance principle prevents this action?,Principle of Indemnity,Principle of Adhesion,Principle of Estoppel,Principle of Subrogation,"The Principle of Indemnity states that insurance contracts should restore an insured to their approximate pre-loss financial position, not allow a windfall profit.",https://www.iii.org/
[PRIN-276] An insurer pays a major property loss claim caused by an outside contractor's negligence. The process through which the insurer recovers those funds from the negligent party is called:,Subrogation,Indemnification,Contribution,Assignment,"Subrogation allows the insurer, after paying a claim, to step into the insured's legal position to recover funds from the party actually responsible for the loss.",https://www.iii.org/
[PRIN-277] A person attempts to purchase a life insurance policy on a stranger with whom they have no financial or family relationship. Which principle prevents this policy from being valid?,Insurable Interest,Utmost Good Faith,Principle of Contribution,Doctrine of Concealment,"Insurable interest requires that the policyholder would suffer genuine financial loss from the insured event, which prevents insurance from being used as a wagering contract.",https://www.iii.org/
[PRIN-278] An applicant knowingly fails to disclose a material fact that would have influenced the insurer's decision to issue a policy. This omission violates which fundamental principle of insurance contracts?,Utmost Good Faith,Principle of Indemnity,Doctrine of Reasonable Expectations,Principle of Subrogation,Utmost Good Faith requires both the insurer and insured to disclose all material facts honestly during the formation of the insurance contract.,https://www.iii.org/
"[PRIN-279] An insurance policy is drafted entirely by the insurer, leaving the insured only the option to accept or reject its pre-written terms. This describes which legal characteristic of insurance contracts?",Contract of Adhesion,Aleatory Contract,Unilateral Contract,Conditional Contract,"Because the insurer alone drafts the contract language and the insured simply adheres to it, any resulting ambiguity is legally construed against the insurer.",https://www.iii.org/
[PRIN-280] An insured attempts to collect double compensation for a claim from both their carrier and a responsible third party. Which basic insurance principle prevents this action?,Principle of Indemnity,Principle of Adhesion,Principle of Estoppel,Principle of Subrogation,"The Principle of Indemnity states that insurance contracts should restore an insured to their approximate pre-loss financial position, not allow a windfall profit.",https://www.iii.org/
[PRIN-281] An insurer pays a major property loss claim caused by an outside contractor's negligence. The process through which the insurer recovers those funds from the negligent party is called:,Subrogation,Indemnification,Contribution,Assignment,"Subrogation allows the insurer, after paying a claim, to step into the insured's legal position to recover funds from the party actually responsible for the loss.",https://www.iii.org/
[PRIN-282] A person attempts to purchase a life insurance policy on a stranger with whom they have no financial or family relationship. Which principle prevents this policy from being valid?,Insurable Interest,Utmost Good Faith,Principle of Contribution,Doctrine of Concealment,"Insurable interest requires that the policyholder would suffer genuine financial loss from the insured event, which prevents insurance from being used as a wagering contract.",https://www.iii.org/
[PRIN-283] An applicant knowingly fails to disclose a material fact that would have influenced the insurer's decision to issue a policy. This omission violates which fundamental principle of insurance contracts?,Utmost Good Faith,Principle of Indemnity,Doctrine of Reasonable Expectations,Principle of Subrogation,Utmost Good Faith requires both the insurer and insured to disclose all material facts honestly during the formation of the insurance contract.,https://www.iii.org/
"[PRIN-284] An insurance policy is drafted entirely by the insurer, leaving the insured only the option to accept or reject its pre-written terms. This describes which legal characteristic of insurance contracts?",Contract of Adhesion,Aleatory Contract,Unilateral Contract,Conditional Contract,"Because the insurer alone drafts the contract language and the insured simply adheres to it, any resulting ambiguity is legally construed against the insurer.",https://www.iii.org/
[PRIN-285] An insured attempts to collect double compensation for a claim from both their carrier and a responsible third party. Which basic insurance principle prevents this action?,Principle of Indemnity,Principle of Adhesion,Principle of Estoppel,Principle of Subrogation,"The Principle of Indemnity states that insurance contracts should restore an insured to their approximate pre-loss financial position, not allow a windfall profit.",https://www.iii.org/
[PRIN-286] An insurer pays a major property loss claim caused by an outside contractor's negligence. The process through which the insurer recovers those funds from the negligent party is called:,Subrogation,Indemnification,Contribution,Assignment,"Subrogation allows the insurer, after paying a claim, to step into the insured's legal position to recover funds from the party actually responsible for the loss.",https://www.iii.org/
[PRIN-287] A person attempts to purchase a life insurance policy on a stranger with whom they have no financial or family relationship. Which principle prevents this policy from being valid?,Insurable Interest,Utmost Good Faith,Principle of Contribution,Doctrine of Concealment,"Insurable interest requires that the policyholder would suffer genuine financial loss from the insured event, which prevents insurance from being used as a wagering contract.",https://www.iii.org/
[PRIN-288] An applicant knowingly fails to disclose a material fact that would have influenced the insurer's decision to issue a policy. This omission violates which fundamental principle of insurance contracts?,Utmost Good Faith,Principle of Indemnity,Doctrine of Reasonable Expectations,Principle of Subrogation,Utmost Good Faith requires both the insurer and insured to disclose all material facts honestly during the formation of the insurance contract.,https://www.iii.org/
"[PRIN-289] An insurance policy is drafted entirely by the insurer, leaving the insured only the option to accept or reject its pre-written terms. This describes which legal characteristic of insurance contracts?",Contract of Adhesion,Aleatory Contract,Unilateral Contract,Conditional Contract,"Because the insurer alone drafts the contract language and the insured simply adheres to it, any resulting ambiguity is legally construed against the insurer.",https://www.iii.org/
[PRIN-290] An insured attempts to collect double compensation for a claim from both their carrier and a responsible third party. Which basic insurance principle prevents this action?,Principle of Indemnity,Principle of Adhesion,Principle of Estoppel,Principle of Subrogation,"The Principle of Indemnity states that insurance contracts should restore an insured to their approximate pre-loss financial position, not allow a windfall profit.",https://www.iii.org/
[PRIN-291] An insurer pays a major property loss claim caused by an outside contractor's negligence. The process through which the insurer recovers those funds from the negligent party is called:,Subrogation,Indemnification,Contribution,Assignment,"Subrogation allows the insurer, after paying a claim, to step into the insured's legal position to recover funds from the party actually responsible for the loss.",https://www.iii.org/
[PRIN-292] A person attempts to purchase a life insurance policy on a stranger with whom they have no financial or family relationship. Which principle prevents this policy from being valid?,Insurable Interest,Utmost Good Faith,Principle of Contribution,Doctrine of Concealment,"Insurable interest requires that the policyholder would suffer genuine financial loss from the insured event, which prevents insurance from being used as a wagering contract.",https://www.iii.org/
[PRIN-293] An applicant knowingly fails to disclose a material fact that would have influenced the insurer's decision to issue a policy. This omission violates which fundamental principle of insurance contracts?,Utmost Good Faith,Principle of Indemnity,Doctrine of Reasonable Expectations,Principle of Subrogation,Utmost Good Faith requires both the insurer and insured to disclose all material facts honestly during the formation of the insurance contract.,https://www.iii.org/
"[PRIN-294] An insurance policy is drafted entirely by the insurer, leaving the insured only the option to accept or reject its pre-written terms. This describes which legal characteristic of insurance contracts?",Contract of Adhesion,Aleatory Contract,Unilateral Contract,Conditional Contract,"Because the insurer alone drafts the contract language and the insured simply adheres to it, any resulting ambiguity is legally construed against the insurer.",https://www.iii.org/
[PRIN-295] An insured attempts to collect double compensation for a claim from both their carrier and a responsible third party. Which basic insurance principle prevents this action?,Principle of Indemnity,Principle of Adhesion,Principle of Estoppel,Principle of Subrogation,"The Principle of Indemnity states that insurance contracts should restore an insured to their approximate pre-loss financial position, not allow a windfall profit.",https://www.iii.org/
[PRIN-296] An insurer pays a major property loss claim caused by an outside contractor's negligence. The process through which the insurer recovers those funds from the negligent party is called:,Subrogation,Indemnification,Contribution,Assignment,"Subrogation allows the insurer, after paying a claim, to step into the insured's legal position to recover funds from the party actually responsible for the loss.",https://www.iii.org/
[PRIN-297] A person attempts to purchase a life insurance policy on a stranger with whom they have no financial or family relationship. Which principle prevents this policy from being valid?,Insurable Interest,Utmost Good Faith,Principle of Contribution,Doctrine of Concealment,"Insurable interest requires that the policyholder would suffer genuine financial loss from the insured event, which prevents insurance from being used as a wagering contract.",https://www.iii.org/
[PRIN-298] An applicant knowingly fails to disclose a material fact that would have influenced the insurer's decision to issue a policy. This omission violates which fundamental principle of insurance contracts?,Utmost Good Faith,Principle of Indemnity,Doctrine of Reasonable Expectations,Principle of Subrogation,Utmost Good Faith requires both the insurer and insured to disclose all material facts honestly during the formation of the insurance contract.,https://www.iii.org/
"[PRIN-299] An insurance policy is drafted entirely by the insurer, leaving the insured only the option to accept or reject its pre-written terms. This describes which legal characteristic of insurance contracts?",Contract of Adhesion,Aleatory Contract,Unilateral Contract,Conditional Contract,"Because the insurer alone drafts the contract language and the insured simply adheres to it, any resulting ambiguity is legally construed against the insurer.",https://www.iii.org/
[PRIN-300] An insured attempts to collect double compensation for a claim from both their carrier and a responsible third party. Which basic insurance principle prevents this action?,Principle of Indemnity,Principle of Adhesion,Principle of Estoppel,Principle of Subrogation,"The Principle of Indemnity states that insurance contracts should restore an insured to their approximate pre-loss financial position, not allow a windfall profit.",https://www.iii.org/
[PRIN-301] An insurer pays a major property loss claim caused by an outside contractor's negligence. The process through which the insurer recovers those funds from the negligent party is called:,Subrogation,Indemnification,Contribution,Assignment,"Subrogation allows the insurer, after paying a claim, to step into the insured's legal position to recover funds from the party actually responsible for the loss.",https://www.iii.org/
[PRIN-302] A person attempts to purchase a life insurance policy on a stranger with whom they have no financial or family relationship. Which principle prevents this policy from being valid?,Insurable Interest,Utmost Good Faith,Principle of Contribution,Doctrine of Concealment,"Insurable interest requires that the policyholder would suffer genuine financial loss from the insured event, which prevents insurance from being used as a wagering contract.",https://www.iii.org/
[PRIN-303] An applicant knowingly fails to disclose a material fact that would have influenced the insurer's decision to issue a policy. This omission violates which fundamental principle of insurance contracts?,Utmost Good Faith,Principle of Indemnity,Doctrine of Reasonable Expectations,Principle of Subrogation,Utmost Good Faith requires both the insurer and insured to disclose all material facts honestly during the formation of the insurance contract.,https://www.iii.org/
"[PRIN-304] An insurance policy is drafted entirely by the insurer, leaving the insured only the option to accept or reject its pre-written terms. This describes which legal characteristic of insurance contracts?",Contract of Adhesion,Aleatory Contract,Unilateral Contract,Conditional Contract,"Because the insurer alone drafts the contract language and the insured simply adheres to it, any resulting ambiguity is legally construed against the insurer.",https://www.iii.org/
[PRIN-305] An insured attempts to collect double compensation for a claim from both their carrier and a responsible third party. Which basic insurance principle prevents this action?,Principle of Indemnity,Principle of Adhesion,Principle of Estoppel,Principle of Subrogation,"The Principle of Indemnity states that insurance contracts should restore an insured to their approximate pre-loss financial position, not allow a windfall profit.",https://www.iii.org/
[PRIN-306] An insurer pays a major property loss claim caused by an outside contractor's negligence. The process through which the insurer recovers those funds from the negligent party is called:,Subrogation,Indemnification,Contribution,Assignment,"Subrogation allows the insurer, after paying a claim, to step into the insured's legal position to recover funds from the party actually responsible for the loss.",https://www.iii.org/
[PRIN-307] A person attempts to purchase a life insurance policy on a stranger with whom they have no financial or family relationship. Which principle prevents this policy from being valid?,Insurable Interest,Utmost Good Faith,Principle of Contribution,Doctrine of Concealment,"Insurable interest requires that the policyholder would suffer genuine financial loss from the insured event, which prevents insurance from being used as a wagering contract.",https://www.iii.org/
[PRIN-308] An applicant knowingly fails to disclose a material fact that would have influenced the insurer's decision to issue a policy. This omission violates which fundamental principle of insurance contracts?,Utmost Good Faith,Principle of Indemnity,Doctrine of Reasonable Expectations,Principle of Subrogation,Utmost Good Faith requires both the insurer and insured to disclose all material facts honestly during the formation of the insurance contract.,https://www.iii.org/
"[PRIN-309] An insurance policy is drafted entirely by the insurer, leaving the insured only the option to accept or reject its pre-written terms. This describes which legal characteristic of insurance contracts?",Contract of Adhesion,Aleatory Contract,Unilateral Contract,Conditional Contract,"Because the insurer alone drafts the contract language and the insured simply adheres to it, any resulting ambiguity is legally construed against the insurer.",https://www.iii.org/
[PRIN-310] An insured attempts to collect double compensation for a claim from both their carrier and a responsible third party. Which basic insurance principle prevents this action?,Principle of Indemnity,Principle of Adhesion,Principle of Estoppel,Principle of Subrogation,"The Principle of Indemnity states that insurance contracts should restore an insured to their approximate pre-loss financial position, not allow a windfall profit.",https://www.iii.org/
[PRIN-311] An insurer pays a major property loss claim caused by an outside contractor's negligence. The process through which the insurer recovers those funds from the negligent party is called:,Subrogation,Indemnification,Contribution,Assignment,"Subrogation allows the insurer, after paying a claim, to step into the insured's legal position to recover funds from the party actually responsible for the loss.",https://www.iii.org/
[PRIN-312] A person attempts to purchase a life insurance policy on a stranger with whom they have no financial or family relationship. Which principle prevents this policy from being valid?,Insurable Interest,Utmost Good Faith,Principle of Contribution,Doctrine of Concealment,"Insurable interest requires that the policyholder would suffer genuine financial loss from the insured event, which prevents insurance from being used as a wagering contract.",https://www.iii.org/
[PRIN-313] An applicant knowingly fails to disclose a material fact that would have influenced the insurer's decision to issue a policy. This omission violates which fundamental principle of insurance contracts?,Utmost Good Faith,Principle of Indemnity,Doctrine of Reasonable Expectations,Principle of Subrogation,Utmost Good Faith requires both the insurer and insured to disclose all material facts honestly during the formation of the insurance contract.,https://www.iii.org/
"[PRIN-314] An insurance policy is drafted entirely by the insurer, leaving the insured only the option to accept or reject its pre-written terms. This describes which legal characteristic of insurance contracts?",Contract of Adhesion,Aleatory Contract,Unilateral Contract,Conditional Contract,"Because the insurer alone drafts the contract language and the insured simply adheres to it, any resulting ambiguity is legally construed against the insurer.",https://www.iii.org/
[PRIN-315] An insured attempts to collect double compensation for a claim from both their carrier and a responsible third party. Which basic insurance principle prevents this action?,Principle of Indemnity,Principle of Adhesion,Principle of Estoppel,Principle of Subrogation,"The Principle of Indemnity states that insurance contracts should restore an insured to their approximate pre-loss financial position, not allow a windfall profit.",https://www.iii.org/
[PRIN-316] An insurer pays a major property loss claim caused by an outside contractor's negligence. The process through which the insurer recovers those funds from the negligent party is called:,Subrogation,Indemnification,Contribution,Assignment,"Subrogation allows the insurer, after paying a claim, to step into the insured's legal position to recover funds from the party actually responsible for the loss.",https://www.iii.org/
[PRIN-317] A person attempts to purchase a life insurance policy on a stranger with whom they have no financial or family relationship. Which principle prevents this policy from being valid?,Insurable Interest,Utmost Good Faith,Principle of Contribution,Doctrine of Concealment,"Insurable interest requires that the policyholder would suffer genuine financial loss from the insured event, which prevents insurance from being used as a wagering contract.",https://www.iii.org/
[PRIN-318] An applicant knowingly fails to disclose a material fact that would have influenced the insurer's decision to issue a policy. This omission violates which fundamental principle of insurance contracts?,Utmost Good Faith,Principle of Indemnity,Doctrine of Reasonable Expectations,Principle of Subrogation,Utmost Good Faith requires both the insurer and insured to disclose all material facts honestly during the formation of the insurance contract.,https://www.iii.org/
"[PRIN-319] An insurance policy is drafted entirely by the insurer, leaving the insured only the option to accept or reject its pre-written terms. This describes which legal characteristic of insurance contracts?",Contract of Adhesion,Aleatory Contract,Unilateral Contract,Conditional Contract,"Because the insurer alone drafts the contract language and the insured simply adheres to it, any resulting ambiguity is legally construed against the insurer.",https://www.iii.org/
[PRIN-320] An insured attempts to collect double compensation for a claim from both their carrier and a responsible third party. Which basic insurance principle prevents this action?,Principle of Indemnity,Principle of Adhesion,Principle of Estoppel,Principle of Subrogation,"The Principle of Indemnity states that insurance contracts should restore an insured to their approximate pre-loss financial position, not allow a windfall profit.",https://www.iii.org/
[PRIN-321] An insurer pays a major property loss claim caused by an outside contractor's negligence. The process through which the insurer recovers those funds from the negligent party is called:,Subrogation,Indemnification,Contribution,Assignment,"Subrogation allows the insurer, after paying a claim, to step into the insured's legal position to recover funds from the party actually responsible for the loss.",https://www.iii.org/
[PRIN-322] A person attempts to purchase a life insurance policy on a stranger with whom they have no financial or family relationship. Which principle prevents this policy from being valid?,Insurable Interest,Utmost Good Faith,Principle of Contribution,Doctrine of Concealment,"Insurable interest requires that the policyholder would suffer genuine financial loss from the insured event, which prevents insurance from being used as a wagering contract.",https://www.iii.org/
[PRIN-323] An applicant knowingly fails to disclose a material fact that would have influenced the insurer's decision to issue a policy. This omission violates which fundamental principle of insurance contracts?,Utmost Good Faith,Principle of Indemnity,Doctrine of Reasonable Expectations,Principle of Subrogation,Utmost Good Faith requires both the insurer and insured to disclose all material facts honestly during the formation of the insurance contract.,https://www.iii.org/
"[PRIN-324] An insurance policy is drafted entirely by the insurer, leaving the insured only the option to accept or reject its pre-written terms. This describes which legal characteristic of insurance contracts?",Contract of Adhesion,Aleatory Contract,Unilateral Contract,Conditional Contract,"Because the insurer alone drafts the contract language and the insured simply adheres to it, any resulting ambiguity is legally construed against the insurer.",https://www.iii.org/
[PRIN-325] An insured attempts to collect double compensation for a claim from both their carrier and a responsible third party. Which basic insurance principle prevents this action?,Principle of Indemnity,Principle of Adhesion,Principle of Estoppel,Principle of Subrogation,"The Principle of Indemnity states that insurance contracts should restore an insured to their approximate pre-loss financial position, not allow a windfall profit.",https://www.iii.org/
[PRIN-326] An insurer pays a major property loss claim caused by an outside contractor's negligence. The process through which the insurer recovers those funds from the negligent party is called:,Subrogation,Indemnification,Contribution,Assignment,"Subrogation allows the insurer, after paying a claim, to step into the insured's legal position to recover funds from the party actually responsible for the loss.",https://www.iii.org/
[PRIN-327] A person attempts to purchase a life insurance policy on a stranger with whom they have no financial or family relationship. Which principle prevents this policy from being valid?,Insurable Interest,Utmost Good Faith,Principle of Contribution,Doctrine of Concealment,"Insurable interest requires that the policyholder would suffer genuine financial loss from the insured event, which prevents insurance from being used as a wagering contract.",https://www.iii.org/
[PRIN-328] An applicant knowingly fails to disclose a material fact that would have influenced the insurer's decision to issue a policy. This omission violates which fundamental principle of insurance contracts?,Utmost Good Faith,Principle of Indemnity,Doctrine of Reasonable Expectations,Principle of Subrogation,Utmost Good Faith requires both the insurer and insured to disclose all material facts honestly during the formation of the insurance contract.,https://www.iii.org/
"[PRIN-329] An insurance policy is drafted entirely by the insurer, leaving the insured only the option to accept or reject its pre-written terms. This describes which legal characteristic of insurance contracts?",Contract of Adhesion,Aleatory Contract,Unilateral Contract,Conditional Contract,"Because the insurer alone drafts the contract language and the insured simply adheres to it, any resulting ambiguity is legally construed against the insurer.",https://www.iii.org/
[PRIN-330] An insured attempts to collect double compensation for a claim from both their carrier and a responsible third party. Which basic insurance principle prevents this action?,Principle of Indemnity,Principle of Adhesion,Principle of Estoppel,Principle of Subrogation,"The Principle of Indemnity states that insurance contracts should restore an insured to their approximate pre-loss financial position, not allow a windfall profit.",https://www.iii.org/
[PRIN-331] An insurer pays a major property loss claim caused by an outside contractor's negligence. The process through which the insurer recovers those funds from the negligent party is called:,Subrogation,Indemnification,Contribution,Assignment,"Subrogation allows the insurer, after paying a claim, to step into the insured's legal position to recover funds from the party actually responsible for the loss.",https://www.iii.org/
[PRIN-332] A person attempts to purchase a life insurance policy on a stranger with whom they have no financial or family relationship. Which principle prevents this policy from being valid?,Insurable Interest,Utmost Good Faith,Principle of Contribution,Doctrine of Concealment,"Insurable interest requires that the policyholder would suffer genuine financial loss from the insured event, which prevents insurance from being used as a wagering contract.",https://www.iii.org/
[PRIN-333] An applicant knowingly fails to disclose a material fact that would have influenced the insurer's decision to issue a policy. This omission violates which fundamental principle of insurance contracts?,Utmost Good Faith,Principle of Indemnity,Doctrine of Reasonable Expectations,Principle of Subrogation,Utmost Good Faith requires both the insurer and insured to disclose all material facts honestly during the formation of the insurance contract.,https://www.iii.org/
"[PRIN-334] An insurance policy is drafted entirely by the insurer, leaving the insured only the option to accept or reject its pre-written terms. This describes which legal characteristic of insurance contracts?",Contract of Adhesion,Aleatory Contract,Unilateral Contract,Conditional Contract,"Because the insurer alone drafts the contract language and the insured simply adheres to it, any resulting ambiguity is legally construed against the insurer.",https://www.iii.org/
[PRIN-335] An insured attempts to collect double compensation for a claim from both their carrier and a responsible third party. Which basic insurance principle prevents this action?,Principle of Indemnity,Principle of Adhesion,Principle of Estoppel,Principle of Subrogation,"The Principle of Indemnity states that insurance contracts should restore an insured to their approximate pre-loss financial position, not allow a windfall profit.",https://www.iii.org/
[PRIN-336] An insurer pays a major property loss claim caused by an outside contractor's negligence. The process through which the insurer recovers those funds from the negligent party is called:,Subrogation,Indemnification,Contribution,Assignment,"Subrogation allows the insurer, after paying a claim, to step into the insured's legal position to recover funds from the party actually responsible for the loss.",https://www.iii.org/
[PRIN-337] A person attempts to purchase a life insurance policy on a stranger with whom they have no financial or family relationship. Which principle prevents this policy from being valid?,Insurable Interest,Utmost Good Faith,Principle of Contribution,Doctrine of Concealment,"Insurable interest requires that the policyholder would suffer genuine financial loss from the insured event, which prevents insurance from being used as a wagering contract.",https://www.iii.org/
[PRIN-338] An applicant knowingly fails to disclose a material fact that would have influenced the insurer's decision to issue a policy. This omission violates which fundamental principle of insurance contracts?,Utmost Good Faith,Principle of Indemnity,Doctrine of Reasonable Expectations,Principle of Subrogation,Utmost Good Faith requires both the insurer and insured to disclose all material facts honestly during the formation of the insurance contract.,https://www.iii.org/
"[PRIN-339] An insurance policy is drafted entirely by the insurer, leaving the insured only the option to accept or reject its pre-written terms. This describes which legal characteristic of insurance contracts?",Contract of Adhesion,Aleatory Contract,Unilateral Contract,Conditional Contract,"Because the insurer alone drafts the contract language and the insured simply adheres to it, any resulting ambiguity is legally construed against the insurer.",https://www.iii.org/
[PRIN-340] An insured attempts to collect double compensation for a claim from both their carrier and a responsible third party. Which basic insurance principle prevents this action?,Principle of Indemnity,Principle of Adhesion,Principle of Estoppel,Principle of Subrogation,"The Principle of Indemnity states that insurance contracts should restore an insured to their approximate pre-loss financial position, not allow a windfall profit.",https://www.iii.org/
[PRIN-341] An insurer pays a major property loss claim caused by an outside contractor's negligence. The process through which the insurer recovers those funds from the negligent party is called:,Subrogation,Indemnification,Contribution,Assignment,"Subrogation allows the insurer, after paying a claim, to step into the insured's legal position to recover funds from the party actually responsible for the loss.",https://www.iii.org/
[PRIN-342] A person attempts to purchase a life insurance policy on a stranger with whom they have no financial or family relationship. Which principle prevents this policy from being valid?,Insurable Interest,Utmost Good Faith,Principle of Contribution,Doctrine of Concealment,"Insurable interest requires that the policyholder would suffer genuine financial loss from the insured event, which prevents insurance from being used as a wagering contract.",https://www.iii.org/
[PRIN-343] An applicant knowingly fails to disclose a material fact that would have influenced the insurer's decision to issue a policy. This omission violates which fundamental principle of insurance contracts?,Utmost Good Faith,Principle of Indemnity,Doctrine of Reasonable Expectations,Principle of Subrogation,Utmost Good Faith requires both the insurer and insured to disclose all material facts honestly during the formation of the insurance contract.,https://www.iii.org/
"[PRIN-344] An insurance policy is drafted entirely by the insurer, leaving the insured only the option to accept or reject its pre-written terms. This describes which legal characteristic of insurance contracts?",Contract of Adhesion,Aleatory Contract,Unilateral Contract,Conditional Contract,"Because the insurer alone drafts the contract language and the insured simply adheres to it, any resulting ambiguity is legally construed against the insurer.",https://www.iii.org/
[PRIN-345] An insured attempts to collect double compensation for a claim from both their carrier and a responsible third party. Which basic insurance principle prevents this action?,Principle of Indemnity,Principle of Adhesion,Principle of Estoppel,Principle of Subrogation,"The Principle of Indemnity states that insurance contracts should restore an insured to their approximate pre-loss financial position, not allow a windfall profit.",https://www.iii.org/
[PRIN-346] An insurer pays a major property loss claim caused by an outside contractor's negligence. The process through which the insurer recovers those funds from the negligent party is called:,Subrogation,Indemnification,Contribution,Assignment,"Subrogation allows the insurer, after paying a claim, to step into the insured's legal position to recover funds from the party actually responsible for the loss.",https://www.iii.org/
[PRIN-347] A person attempts to purchase a life insurance policy on a stranger with whom they have no financial or family relationship. Which principle prevents this policy from being valid?,Insurable Interest,Utmost Good Faith,Principle of Contribution,Doctrine of Concealment,"Insurable interest requires that the policyholder would suffer genuine financial loss from the insured event, which prevents insurance from being used as a wagering contract.",https://www.iii.org/
[PRIN-348] An applicant knowingly fails to disclose a material fact that would have influenced the insurer's decision to issue a policy. This omission violates which fundamental principle of insurance contracts?,Utmost Good Faith,Principle of Indemnity,Doctrine of Reasonable Expectations,Principle of Subrogation,Utmost Good Faith requires both the insurer and insured to disclose all material facts honestly during the formation of the insurance contract.,https://www.iii.org/
"[PRIN-349] An insurance policy is drafted entirely by the insurer, leaving the insured only the option to accept or reject its pre-written terms. This describes which legal characteristic of insurance contracts?",Contract of Adhesion,Aleatory Contract,Unilateral Contract,Conditional Contract,"Because the insurer alone drafts the contract language and the insured simply adheres to it, any resulting ambiguity is legally construed against the insurer.",https://www.iii.org/
