id,category,question,option_a,option_b,option_c,option_d,correct_option,explanation,link,blueprint_section
1,Insurance Basics,What is the primary purpose of insurance?,To transfer the financial risk of loss from an individual to a group (the insurer/pool),To guarantee that a loss will never occur,To eliminate the need for risk management,To provide a savings account for the policyholder,A,"Insurance is a risk-transfer mechanism: many people pay premiums into a shared pool so that the few who suffer losses are indemnified, spreading risk across the group.",https://www.irmi.com/term,Property and Casualty Insurance Basics
2,Insurance Basics,The principle of 'indemnity' in insurance means that:,"The insured should be restored to approximately the same financial position as before the loss, not better",The insured automatically receives the full face value of the policy regardless of loss amount,The insurer pays double the actual loss as a penalty,The insured must pay the insurer back for any claim paid,A,"Indemnity is a core insurance principle preventing the insured from profiting from a loss — payment is meant to restore, not enrich.",https://www.irmi.com/term,Property and Casualty Insurance Basics
3,Insurance Basics,An 'insurable interest' exists when:,The insured would suffer a genuine financial loss if the insured property were damaged or destroyed,The insured simply likes the property,The insured lives near the property,The insured has visited the property once,A,"Insurable interest requires a real financial stake in the property or life insured; without it, a policy is typically void as it would resemble a wagering contract.",https://www.irmi.com/term,Property and Casualty Insurance Basics
4,Insurance Basics,'Adverse selection' in insurance refers to:,The tendency of higher-risk individuals to seek insurance more than lower-risk individuals,An insurer selecting only low-risk applicants,A random selection process used to price policies,The cancellation of a policy for non-payment,A,"Adverse selection describes the risk pool skewing toward higher-risk applicants because they perceive more benefit from coverage, which underwriting is designed to counteract.",https://www.irmi.com/term,Property and Casualty Insurance Basics
5,Insurance Basics,Which best defines 'peril' as used in insurance policies?,"The specific cause of a loss, such as fire, windstorm, or theft",The condition that increases the chance of loss,The amount of money paid to settle a claim,The written contract itself,A,"A peril is the cause of loss (fire, collision, theft). A hazard, by contrast, is a condition that increases the likelihood or severity of a loss from a peril.",https://www.irmi.com/term,Property and Casualty Insurance Basics
6,Insurance Basics,A 'hazard' in insurance terminology is best described as:,A condition that increases the probability or severity of a loss,The event that directly causes damage,The premium charged for a policy,A type of insurance company,A,"Hazards do not directly cause loss; they increase the chance a peril will result in loss (e.g., oily rags in a garage is a hazard; fire is the peril).",https://www.irmi.com/term,Property and Casualty Insurance Basics
7,Insurance Basics,'Moral hazard' refers to:,Dishonesty or carelessness that increases the likelihood of a loss because the insured is covered,A hazard caused by poor building construction,A hazard related to weather conditions,The legal risk of being sued,A,"Moral hazard is the increased risk of loss (including intentional loss) arising from an insured's character or dishonesty, sometimes motivated by the existence of coverage.",https://www.irmi.com/term,Property and Casualty Insurance Basics
8,Insurance Basics,'Morale hazard' (as distinct from moral hazard) refers to:,Carelessness or indifference to loss because the insured knows insurance will cover it,An intent to defraud the insurer,A hazard arising strictly from building materials,The insurer's own financial instability,A,"Morale hazard involves carelessness, not dishonesty — the insured simply becomes less careful because a loss would be covered by insurance.",https://www.irmi.com/term,Property and Casualty Insurance Basics
9,Insurance Basics,The 'law of large numbers' allows insurers to:,Predict losses more accurately as the number of similar exposure units increases,Guarantee that no policyholder will ever file a claim,Avoid the need for reinsurance,Set premiums without any underwriting,A,"As the pool of similar, independent exposure units grows, actual loss experience tends to approach the expected/predicted loss, allowing more accurate pricing.",https://www.irmi.com/term,Property and Casualty Insurance Basics
10,Insurance Basics,Which of these is generally NOT an essential element of an insurable risk?,"The loss must be certain to happen at a known, predetermined time","The loss must be fortuitous (accidental, not intentional)",The loss must be definite and measurable,"There must be a large number of similar, independent exposure units",A,"An insurable loss must be uncertain in timing/occurrence — if a loss were certain to happen at a known time, it wouldn't be an insurable fortuitous risk.",https://www.irmi.com/term,Property and Casualty Insurance Basics
11,Legal Principles,An insurance policy is considered a contract of 'adhesion' because:,"It is drafted entirely by the insurer, and the insured can only accept or reject its terms as written",Both parties negotiate every clause equally,It requires witnesses to be legally binding,It automatically renews forever,A,"Because the insurer writes the contract and the insured has little to no ability to negotiate terms, ambiguities in the policy are generally construed against the insurer (contra proferentem).",https://www.irmi.com/term,General Insurance
12,Legal Principles,Insurance contracts are described as 'unilateral' because:,Only the insurer makes a legally enforceable promise once the premium is paid; the insured makes no enforceable promise to continue paying,Only the insured has any obligations,Two insurers must both sign the contract,The policy can be changed unilaterally by either party at any time,A,"In a unilateral contract, only one party (the insurer) is bound to a future promise (to pay covered losses); the insured isn't legally compelled to keep paying premiums.",https://www.irmi.com/term,General Insurance
13,Legal Principles,The term 'aleatory' as applied to insurance contracts means:,"The values exchanged between the parties may be unequal, depending on chance/uncertain events",The contract must be renegotiated annually,Both parties exchange exactly equal value,The policy has no expiration date,A,"Aleatory means one party may receive far more in value (a large claim payout) than they paid in premium, or vice versa — outcomes depend on chance.",https://www.irmi.com/term,General Insurance
14,Legal Principles,'Utmost good faith' (uberrimae fidei) in insurance requires that:,"Both parties deal honestly, and the applicant fully and accurately discloses material facts",Only the insurer must act honestly,The insured may withhold any information not directly asked,"Only applies to life insurance, never property/casualty",A,Insurance requires a higher standard of honesty than typical contracts because the insurer relies heavily on the applicant's disclosures to assess risk accurately.,https://www.irmi.com/term,General Insurance
15,Legal Principles,A 'representation' in insurance underwriting is:,"A statement made by the applicant, believed true to the best of their knowledge, that induces the insurer to accept the risk","A guarantee that a statement is absolutely, literally true",The insurer's written offer of coverage,A clause found only in commercial auto policies,A,"Representations are statements of belief, not absolute guarantees. If materially false, they can allow the insurer to void the policy, but they differ from warranties.",https://www.irmi.com/term,General Insurance
16,Legal Principles,"A 'warranty' in an insurance contract, compared to a representation, is:","A statement guaranteed to be literally true, that becomes part of the contract",A statement that need not be accurate,Only used in life insurance,Legally identical to an exclusion,A,"Warranties are stricter than representations — they are promises that certain facts are and will remain true, and a breach can void coverage even if immaterial.",https://www.irmi.com/term,General Insurance
17,Legal Principles,'Concealment' in an insurance application refers to:,The applicant's intentional failure to disclose a material fact,The insurer hiding policy exclusions from the applicant,A standard clause requiring confidentiality of medical records,An agent's failure to submit paperwork on time,A,"Concealment is an intentional withholding of a material fact by the applicant, which can give the insurer grounds to void the policy.",https://www.irmi.com/term,General Insurance
18,Legal Principles,Which statement about 'waiver' and 'estoppel' is most accurate?,Waiver is the voluntary giving up of a known right; estoppel prevents a party from later denying facts it previously represented when another party relied on them,Waiver and estoppel are two names for the exact same legal concept with no distinction,Waiver only applies to premium payments,Estoppel can only be raised by the insurer,A,Waiver is intentional relinquishment of a known right. Estoppel bars a party from contradicting a prior representation when someone else reasonably relied on it to their detriment.,https://www.irmi.com/term,General Insurance
19,Legal Principles,"The four essential elements of a legally binding contract include offer, acceptance, consideration, and:",Legal competency of the parties (capacity) and a legal purpose,A notarized signature on every page,A minimum premium of $500,Approval by a state regulator before the contract can exist,A,"Valid contracts require offer, acceptance, consideration, competent parties, and legal purpose. State approval of the policy form is a regulatory matter, not a contract-formation element.",https://www.irmi.com/term,General Insurance
20,Legal Principles,"In insurance, 'consideration' from the applicant/insured typically consists of:",The premium payment and the statements/promises made in the application,Only the physical signing of the application,The insurer's promise alone,Nothing; only the insurer provides consideration,A,Consideration is what each party gives up in a contract. The insured provides premium (and truthful representations); the insurer provides the promise to pay covered losses.,https://www.irmi.com/term,General Insurance
21,Legal Principles,Which best describes the doctrine of 'subrogation'?,"After paying a covered claim, the insurer acquires the insured's right to recover damages from a negligent third party, up to the amount paid",The insured's right to sue their own insurer,A requirement that the insured carry two policies for the same risk,The process of canceling a policy mid-term,A,"Subrogation prevents the insured from double-recovering (once from insurance, once from the at-fault party) and lets the insurer pursue reimbursement from the responsible party.",https://www.irmi.com/term,General Insurance
22,Legal Principles,'Contra proferentem' is a legal doctrine meaning:,Ambiguous policy language is construed against the party that drafted it (the insurer),The insured must prove fraud to receive any payment,All disputes are settled by arbitration only,"Only applies to commercial policies, never personal lines",A,"Since insurers write policy language, courts generally resolve genuine ambiguity in favor of the insured, the non-drafting party.",https://www.irmi.com/term,General Insurance
23,Policy Provisions,The 'declarations page' of a policy typically includes:,"Named insured, policy period, premium, and limits of coverage",The full text of every exclusion in the policy,State insurance department contact information only,A list of all claims ever filed by the insured,A,"The declarations page is the policy's summary/identification page, listing who is insured, what property/exposure, the policy period, premium, and limits.",https://www.irmi.com/term,Property and Casualty Insurance Basics
24,Policy Provisions,An 'endorsement' (or 'rider') to a policy is:,"A written document that amends, adds to, or deletes from the original policy terms",A verbal agreement between agent and insured,A claim denial letter,"A separate, unrelated insurance policy",A,"Endorsements modify the base policy — expanding, restricting, or clarifying coverage — and become part of the contract once attached.",https://www.irmi.com/term,Property and Casualty Insurance Basics
25,Policy Provisions,A policy 'exclusion' is:,"A specific cause of loss, type of property, or circumstance that the policy does NOT cover",An add-on that increases coverage,A discount applied to the premium,A requirement to renew the policy annually,A,"Exclusions carve out perils, property, or situations that would otherwise be covered under the insuring agreement, narrowing the scope of coverage.",https://www.irmi.com/term,Property and Casualty Insurance Basics
26,Policy Provisions,A 'condition' in an insurance policy is best described as:,"A provision that qualifies or limits the insurer's promise to pay, such as duties after a loss",A synonym for an exclusion,The list of covered perils only,A statement of the insured's age and address,A,"Conditions establish the insured's and insurer's obligations (e.g., notice of loss, proof of loss, cooperation) that must be met for coverage to apply.",https://www.irmi.com/term,Property and Casualty Insurance Basics
27,Policy Provisions,The 'insuring agreement' of a policy:,"States the insurer's basic promise of what perils, property, or liabilities are covered",Lists only what is excluded,Is another term for the declarations page,Only appears in life insurance policies,A,"The insuring agreement is the heart of the policy — it defines the insurer's fundamental promise to pay for covered losses, subject to the rest of the contract.",https://www.irmi.com/term,Property and Casualty Insurance Basics
28,Policy Provisions,"In property insurance, an 'actual cash value' (ACV) settlement is generally calculated as:",Replacement cost minus depreciation,The original purchase price with no adjustment,Replacement cost plus a 10% bonus,The market value of the insured's entire property portfolio,A,"ACV is typically replacement cost less depreciation (wear, age, obsolescence), reflecting the item's actual value at the time of loss rather than the cost of a brand-new replacement.",https://www.irmi.com/term,Property and Casualty Insurance Basics
29,Policy Provisions,"A 'replacement cost' settlement, unlike ACV, pays:","The cost to repair or replace damaged property with new property of like kind and quality, without deduction for depreciation",Only the depreciated value of the property,A fixed amount regardless of the loss,Nothing until the insured sells the property,A,"Replacement cost coverage reimburses for new property at current prices without subtracting depreciation, typically requiring the insured to actually repair/replace to collect the full amount.",https://www.irmi.com/term,Property and Casualty Insurance Basics
30,Policy Provisions,A policy 'deductible' serves primarily to:,"Eliminate small, frequent claims and share some risk with the insured, which helps control premium costs",Increase the insurer's profit with no other purpose,Replace the need for policy limits,Only apply to liability coverage,A,"Deductibles reduce administrative costs on small claims and give the insured 'skin in the game,' which helps keep premiums more affordable.",https://www.irmi.com/term,Property and Casualty Insurance Basics
31,Policy Provisions,'Coinsurance' in a property policy is a clause that:,"Requires the insured to carry limits equal to a specified percentage of the property's value, or face a penalty on claim payment",Requires two separate insurers to jointly issue one policy,Doubles the payout for large losses,Only applies to auto insurance,A,"Coinsurance encourages adequate insurance-to-value; if the insured underinsures below the required percentage (commonly 80%), a coinsurance penalty reduces claim payments proportionally.",https://www.irmi.com/term,Property and Casualty Insurance Basics
32,Policy Provisions,"If a coinsurance clause requires 80% and the insured carries less than that percentage of the property's value, a claim payment is typically reduced using the formula:",(Amount of insurance carried / Amount required) × Loss = Payment,(Amount required / Amount of insurance carried) × Loss = Payment,"Loss amount minus the deductible only, ignoring coinsurance entirely",A flat 50% reduction regardless of the shortfall,A,"The coinsurance penalty formula divides insurance carried by insurance required, then multiplies by the loss, so underinsuring proportionally reduces the claim payment.",https://www.irmi.com/term,Property and Casualty Insurance Basics
33,Policy Provisions,A policy's 'other insurance' clause exists to:,"Address how claims are handled/apportioned when more than one policy covers the same loss, preventing over-recovery",Prohibit the insured from ever having more than one policy,Automatically cancel all other policies the insured owns,Increase premiums when multiple policies exist,A,"When multiple policies apply to the same loss, 'other insurance' provisions (e.g., pro rata, excess) coordinate payment so the insured doesn't profit from stacking coverage.",https://www.irmi.com/term,Property and Casualty Insurance Basics
34,Policy Provisions,A 'pro rata' cancellation of a policy means the insurer refunds premium:,"Exactly proportional to the unused portion of the policy period, with no penalty",With a penalty deducted for early cancellation,Only if the insured requests it in writing within 10 days,"Never, regardless of when canceled",A,"Pro rata cancellation returns unearned premium in exact proportion to time remaining, typically used when the insurer initiates cancellation for reasons other than nonpayment.",https://www.irmi.com/term,Property and Casualty Insurance Basics
35,Policy Provisions,"'Short-rate' cancellation, in contrast to pro rata, typically:",Returns less than the exact proportional unearned premium because the insured initiated the cancellation,Always returns more premium than pro rata,Is used exclusively by state regulators,Applies only to workers' compensation,A,Short-rate cancellation penalizes the insured (who is voluntarily canceling early) by returning a smaller refund than a strict pro rata calculation would provide.,https://www.irmi.com/term,Property and Casualty Insurance Basics
36,Policy Provisions,The 'mortgagee clause' in a homeowners policy:,Protects the mortgage lender's financial interest in the property separately from the named insured's interest,Requires the mortgage to be paid off before any claim is paid,Only applies to commercial mortgages,Voids coverage if there is an outstanding mortgage,A,"The mortgagee clause allows a lender to collect on a covered loss even if the homeowner's own coverage is voided by their acts (e.g., arson), protecting the lender's separate interest.",https://www.irmi.com/term,Property and Casualty Insurance Basics
37,Homeowners Insurance,"Under a standard HO-3 (Special Form) homeowners policy, the dwelling (Coverage A) is insured on which basis?",Open perils (all-risk) — covered unless specifically excluded,Named perils only — covered only for perils specifically listed,No coverage at all for the dwelling structure,Only fire and lightning,A,"The HO-3 is the most common homeowners form; Coverage A (dwelling) and Coverage B (other structures) are written on an open-perils basis, while Coverage C (personal property) is typically named-perils.",https://www.irmi.com/term,Homeowners (2011) Policy
38,Homeowners Insurance,"In a standard homeowners policy, Coverage C (Personal Property) generally covers:","The insured's personal belongings, both at the residence and, to a lesser extent, off-premises worldwide",Only the structure of the home itself,Only property left in a locked garage,Business inventory stored at the home with no limitation,A,"Personal property coverage extends to belongings both on and off the residence premises, though certain categories (jewelry, cash, business property) have special sub-limits.",https://www.irmi.com/term,Homeowners (2011) Policy
39,Homeowners Insurance,"Coverage D of a homeowners policy, 'Loss of Use,' provides for:",Additional living expenses if the insured cannot live in the home due to a covered loss,The cost to repair the roof,Liability defense costs,Medical payments to guests,A,Loss of Use/Additional Living Expense coverage reimburses the increased cost of temporary housing and related expenses when a covered loss makes the home uninhabitable.,https://www.irmi.com/term,Homeowners (2011) Policy
40,Homeowners Insurance,Coverage E of a homeowners policy provides:,Personal liability coverage for bodily injury or property damage the insured is legally responsible for,Coverage for the dwelling only,Flood coverage,Coverage for business pursuits with no limitation,A,"Coverage E is personal liability protection, defending and paying (up to policy limits) claims where the insured is legally liable for injury or damage to others.",https://www.irmi.com/term,Homeowners (2011) Policy
41,Homeowners Insurance,"Coverage F of a homeowners policy, 'Medical Payments to Others,' pays:","Necessary medical expenses for a guest injured on the insured premises, regardless of the insured's fault",The insured's own medical bills after any accident,Only expenses resulting from an auto accident,Legal defense costs exclusively,A,"Medical Payments coverage is a no-fault, good-neighbor coverage that pays small medical bills for others injured on the property, without requiring proof of the insured's negligence.",https://www.irmi.com/term,Homeowners (2011) Policy
42,Homeowners Insurance,Which peril is typically EXCLUDED from a standard homeowners policy and requires separate insurance?,Flood,Fire,Lightning,Theft,A,Flood damage is excluded from standard homeowners and dwelling policies; separate flood insurance (often through the NFIP) is needed for that peril.,https://www.floodsmart.gov,Homeowners (2011) Policy
43,Homeowners Insurance,Earthquake coverage in most homeowners policies is:,"Excluded from the base policy, available by separate endorsement or standalone policy",Automatically included at no charge,Included only in Northeastern states,Required by New York State law for all homeowners,A,Earthquake is a standard exclusion in homeowners forms; it must be added by endorsement or purchased as a separate policy.,https://www.irmi.com/term,Homeowners (2011) Policy
44,Homeowners Insurance,An HO-4 policy is designed for:,Renters/tenants who need personal property and liability coverage but do not own the dwelling structure,Owners of mobile homes only,Commercial property owners,Landlords insuring a rental dwelling structure,A,"The HO-4 ('renters insurance') covers a tenant's personal property, additional living expenses, and personal liability, since the tenant has no insurable interest in the building itself.",https://www.irmi.com/term,Homeowners (2011) Policy
45,Homeowners Insurance,An HO-6 policy is specifically designed for:,"Condominium unit owners, covering their unit's interior, personal property, and liability",Renters of single-family homes,Owners of historic landmark buildings only,Commercial condo associations exclusively,A,"The HO-6 covers what the condo association's master policy typically does not — the unit owner's personal property, interior finishes/improvements, and personal liability.",https://www.irmi.com/term,Homeowners (2011) Policy
46,Homeowners Insurance,The DP-1 (Basic Form) dwelling policy differs from the DP-3 (Special Form) primarily in that DP-1:,"Covers only a limited, named list of perils, while DP-3 covers open perils for the dwelling",Provides broader coverage than DP-3,Is only available for commercial buildings,Automatically includes flood and earthquake,A,"DP-1 is the most basic dwelling form, listing specific covered perils (fire, lightning, and often a short list of others), whereas DP-3 offers open-perils coverage on the dwelling.",https://www.irmi.com/term,Homeowners (2011) Policy
47,Homeowners Insurance,'Ordinance or law' coverage in a homeowners/dwelling policy addresses:,The added cost to rebuild in compliance with current building codes after a covered loss,Coverage for legal fees in unrelated lawsuits,Fines for building code violations unrelated to a loss,The cost of obtaining a building permit for renovations unrelated to a claim,A,Standard policies base payouts on restoring what existed before the loss; ordinance/law coverage helps pay the extra cost of complying with updated building codes during rebuilding.,https://www.irmi.com/term,Homeowners (2011) Policy
48,Homeowners Insurance,Which of the following is generally an 'insured location' under a homeowners policy's liability section?,"The residence premises, and vacant land owned by the insured, among other specified locations",Any property anywhere in the world the insured happens to visit,Business premises the insured owns and operates,A rental property the insured owns and leases to unrelated tenants,A,Insured locations are specifically defined and generally include the residence premises and certain other listed places; commercial and rental exposures usually need separate coverage.,https://www.irmi.com/term,Homeowners (2011) Policy
49,Auto Insurance,New York is what type of auto insurance state regarding first-party injury claims?,"A 'no-fault' state, requiring Personal Injury Protection (PIP) coverage",A pure 'tort' state with no PIP requirement,A state with no mandatory auto insurance at all,A state that only allows umbrella policies to cover auto accidents,A,New York's Comprehensive Motor Vehicle Insurance Reform Act (No-Fault Law) requires PIP coverage so injured parties can collect certain benefits from their own insurer regardless of fault.,https://www.dfs.ny.gov/consumers/auto_insurance/no_fault_insurance,Auto Insurance
50,Auto Insurance,"Under New York's No-Fault Law, Personal Injury Protection (PIP) minimum coverage per person is:","$50,000 for basic economic loss","$500,000","$10,000",There is no minimum required by law,A,"New York law requires a minimum of $50,000 in basic economic loss (PIP) benefits per person, covering medical expenses, lost earnings, and other reasonable expenses after an accident.",https://www.dfs.ny.gov/consumers/auto_insurance/no_fault_insurance,Auto Insurance
51,Auto Insurance,New York's minimum required bodily injury liability limits for a private passenger auto policy are:,"$25,000 per person / $50,000 per accident","$10,000 per person / $20,000 per accident","$100,000 per person / $300,000 per accident",No minimum bodily injury liability is required,A,"New York mandates minimum liability limits of $25,000/$50,000 for bodily injury, along with $50,000 for death and $10,000 for property damage.",https://www.dfs.ny.gov/consumers/auto_insurance,Auto Insurance
52,Auto Insurance,New York's minimum required property damage liability limit per accident is:,"$10,000","$1,000","$50,000","$100,000",A,"New York requires a minimum of $10,000 in property damage liability coverage per accident under its financial responsibility law.",https://www.dfs.ny.gov/consumers/auto_insurance,Auto Insurance
53,Auto Insurance,"Under NY No-Fault, in order to sue another driver for pain and suffering (non-economic loss), an injured party generally must meet:",The 'serious injury' threshold as defined in NY Insurance Law Section 5102(d),No threshold at all — any injury allows a lawsuit,A minimum property damage amount only,Proof that the other driver had no insurance,A,"NY's no-fault system restricts lawsuits for pain and suffering unless the injury meets the statutory 'serious injury' definition (e.g., significant disfigurement, fracture, permanent loss of a bodily function).",https://www.nysenate.gov/legislation/laws/ISC/5102,Auto Insurance
54,Auto Insurance,Auto insurance Comprehensive coverage typically pays for damage to the insured's own vehicle from:,"Non-collision perils such as theft, vandalism, fire, or falling objects",Collision with another vehicle only,Bodily injury to the driver,Damage caused intentionally by the insured,A,"Comprehensive (often called 'other than collision') covers a broad range of non-collision perils to the insured's own auto, subject to a deductible.",https://www.irmi.com/term,Auto Insurance
55,Auto Insurance,Collision coverage on a personal auto policy pays for:,Damage to the insured's own vehicle resulting from impact with another vehicle or object,Damage to another person's vehicle only,Medical bills of the at-fault driver,Only damage caused by weather,A,"Collision coverage responds when the insured's car strikes, or is struck by, another vehicle or object, or overturns, regardless of who is at fault, subject to a deductible.",https://www.irmi.com/term,Auto Insurance
56,Auto Insurance,Uninsured/Underinsured Motorist (UM/UIM) coverage protects the insured when:,"They are injured by a driver who has no insurance, or not enough insurance, to cover the damages",Their own vehicle is stolen,They cause an accident while uninsured,Their vehicle breaks down mechanically,A,UM/UIM coverage steps in to compensate the insured (and passengers) for injuries caused by at-fault drivers who carry no insurance or insufficient limits.,https://www.irmi.com/term,Auto Insurance
57,Auto Insurance,New York requires insurers to offer Uninsured Motorist (UM) coverage with a minimum limit of:,"$25,000 per person / $50,000 per accident, matching the bodily injury liability minimum","$500,000 per person","$1,000 per accident",UM coverage is entirely optional and never required in NY,A,"New York requires UM coverage at least equal to the state's minimum bodily injury liability limits ($25,000/$50,000) to be included in auto policies.",https://www.dfs.ny.gov/consumers/auto_insurance,Auto Insurance
58,Auto Insurance,A 'Supplementary Uninsured/Underinsured Motorist' (SUM) endorsement in New York specifically:,Provides additional coverage when the at-fault driver's liability limits are lower than the injured party's own SUM limits,Replaces the need for liability coverage entirely,Only applies to motorcycle policies,Covers damage to the insured's own vehicle from any cause,A,"SUM coverage in NY fills the gap when the at-fault party is underinsured, allowing the injured insured to recover up to their own SUM limit for damages exceeding the at-fault driver's coverage.",https://www.dfs.ny.gov/consumers/auto_insurance,Auto Insurance
59,Auto Insurance,The 'Financial Responsibility Law' concept in auto insurance generally requires drivers to:,"Demonstrate the ability to pay for damages they cause, typically by carrying minimum liability insurance",Own their vehicle outright with no loan,Carry comprehensive and collision coverage at all times,Pass an annual driving test,A,"Financial responsibility laws exist to ensure that at-fault drivers can compensate victims, most commonly satisfied by carrying state-minimum liability insurance.",https://www.irmi.com/term,Auto Insurance
60,Auto Insurance,'Stacking' of UM/UIM coverage refers to:,Combining limits from multiple vehicles or policies to increase the total available UM/UIM coverage,Purchasing collision coverage on top of comprehensive,Adding multiple named drivers to one policy,A prohibited practice in every U.S. state,A,"Where permitted, stacking allows an insured with multiple vehicles/policies to combine UM/UIM limits, though many states (and specific policy language) restrict or prohibit it.",https://www.irmi.com/term,Auto Insurance
61,Auto Insurance,A 'named driver exclusion' endorsement on an auto policy:,Excludes coverage entirely when a specifically named individual operates the vehicle,Adds a new driver to the household automatically,"Only excludes coverage for that driver's medical payments, not liability",Is illegal in all states,A,This endorsement removes coverage altogether when a specifically excluded driver is behind the wheel — often used for a household member with a poor driving record.,https://www.irmi.com/term,Auto Insurance
62,Commercial Liability,Coverage A of a Commercial General Liability (CGL) policy covers:,"Bodily injury and property damage liability arising from the insured's operations, products, or premises",Only advertising injury claims,Only injuries to the business owner,Property owned by the business itself,A,CGL Coverage A is the core liability coverage for third-party bodily injury and property damage claims arising out of the insured's business operations.,https://www.irmi.com/term,Commercial Package Policy (CPP)
63,Commercial Liability,Coverage B of a CGL policy addresses:,"Personal and advertising injury, such as libel, slander, or false arrest",Physical damage to the insured's own building,Workers' compensation benefits,Auto liability for company vehicles,A,"Coverage B responds to non-physical injuries like defamation, false arrest, or advertising-related torts (e.g., copyright infringement in advertising), distinct from bodily injury/property damage.",https://www.irmi.com/term,Commercial Package Policy (CPP)
64,Commercial Liability,Coverage C of a CGL policy provides:,"Medical payments to third parties injured on the premises, regardless of fault",Coverage for the insured's own medical bills,Product recall expenses,Legal fees for contract disputes,A,"Similar to homeowners Med Pay, CGL Coverage C pays small medical expenses for others injured on the premises or by operations, without needing to prove the insured's negligence.",https://www.irmi.com/term,Commercial Package Policy (CPP)
65,Commercial Liability,An 'occurrence' form CGL policy triggers coverage based on:,"When the bodily injury or property damage actually took place, regardless of when the claim is later filed","When the claim is reported to the insurer, regardless of when the injury occurred",The date the policy was purchased,The date the lawsuit is served,A,"Occurrence policies respond to injury/damage happening during the policy period, even if a claim is made years later — as opposed to claims-made forms, which trigger on when the claim is reported.",https://www.irmi.com/term,Commercial Package Policy (CPP)
66,Commercial Liability,"A 'claims-made' liability policy, unlike an occurrence policy, provides coverage when:","The claim is first made against the insured during the policy period (or extended reporting period), and the loss occurred on or after the retroactive date","The injury physically occurred, regardless of when reported",The insured renews the policy for a third consecutive year,The insured is at fault beyond a reasonable doubt,A,"Claims-made coverage is triggered by when a claim is reported, subject to a retroactive date; this differs fundamentally from occurrence coverage's trigger of when the injury happened.",https://www.irmi.com/term,Commercial Package Policy (CPP)
67,Commercial Liability,The 'aggregate limit' in a CGL policy represents:,"The maximum the insurer will pay for all covered claims within the policy period, cumulatively",The maximum payable for a single claim only,The deductible amount,The minimum premium required,A,"Unlike the per-occurrence limit (max for one claim), the aggregate limit caps total payouts across all claims during the policy period; once exhausted, no further coverage remains.",https://www.irmi.com/term,Commercial Package Policy (CPP)
68,Commercial Liability,'Products-completed operations' coverage under a CGL policy addresses liability arising:,After the insured's product has left their possession or their work has been completed,Only while the insured is actively performing the work,Solely for injuries to the insured's own employees,For advertising claims only,A,This coverage part handles claims for injury/damage that occur after the product is sold or the job is finished — a key exposure for manufacturers and contractors.,https://www.irmi.com/term,Commercial Package Policy (CPP)
69,Commercial Liability,A Business Owners Policy (BOP) is generally designed for:,"Small to medium-sized businesses, bundling property and general liability coverage into one package policy",Only Fortune 500 companies,Only sole proprietors with no employees,Workers' compensation exclusively,A,"The BOP is a package policy combining commercial property and general liability (and often business interruption) for eligible small/medium businesses, simplifying coverage into one form.",https://www.irmi.com/term,Commercial Package Policy (CPP)
70,Commercial Liability,'Business interruption' (business income) coverage compensates the insured for:,Lost income and continuing expenses while operations are suspended due to a covered property loss,Employee injuries on the job,Lawsuits from customers,Damage to a competitor's business,A,Business income coverage helps replace lost net income and ongoing fixed expenses (like payroll) during the period a covered loss forces the business to shut down or slow operations.,https://www.irmi.com/term,Commercial Package Policy (CPP)
71,Commercial Liability,"'Extra expense' coverage, often paired with business income coverage, pays for:","Additional costs incurred to continue operations after a covered loss, beyond normal operating expenses",The full replacement of destroyed inventory,Employee salaries unrelated to the loss,Legal defense costs in a liability suit,A,"Extra expense coverage reimburses the necessary additional costs (e.g., renting temporary space, expedited shipping) incurred to keep the business running after a covered loss.",https://www.irmi.com/term,Commercial Package Policy (CPP)
72,Commercial Liability,A 'hold harmless' or indemnification agreement in a commercial contract:,Shifts responsibility for certain liabilities from one contracting party to another by agreement,Automatically voids all insurance coverage,Is only enforceable in construction contracts,Eliminates the need for liability insurance altogether,A,"Hold harmless clauses contractually transfer risk between parties (e.g., a contractor agreeing to indemnify a property owner), which insurers evaluate carefully as 'insured contracts.'",https://www.irmi.com/term,Commercial Package Policy (CPP)
73,Commercial Liability,'Additional insured' status on a CGL policy means:,"A person or entity other than the named insured is granted some of the policy's coverage, often via endorsement",The named insured pays double premium,The policy limits automatically double,The additional insured becomes the sole policyholder,A,Businesses often require being added as an 'additional insured' on a contractor's or vendor's policy to gain liability protection arising from that party's work.,https://www.irmi.com/term,Commercial Package Policy (CPP)
74,Workers Compensation,Workers' compensation insurance operates on what basis regarding fault?,"No-fault — benefits are paid regardless of who caused the workplace injury, in exchange for the employee giving up the right to sue the employer",Only paid if the employer is proven negligent,Only paid if the employee is proven free of any fault,It is optional for all New York employers,A,"Workers' comp is a no-fault system: the employee gets guaranteed benefits without suing, and the employer generally gains immunity from most workplace injury lawsuits (the 'exclusive remedy' doctrine).",https://www.wcb.ny.gov,Workers' Compensation
75,Workers Compensation,"In New York, most employers with employees are:",Required by law to carry workers' compensation insurance,Exempt if they have fewer than 5 employees,"Only required to carry it for full-time employees, never part-time",Never required to carry it if employees sign a waiver,A,"New York generally mandates workers' compensation coverage for almost all employers with employees, with very limited exceptions; the NY Workers' Compensation Board oversees compliance.",https://www.wcb.ny.gov,Workers' Compensation
76,Workers Compensation,Workers' compensation typically covers which category of benefits?,"Medical treatment, wage replacement, and death benefits for work-related injuries or illnesses","Only medical treatment, never lost wages","Only wage replacement, never medical bills",Only injuries that occur off the employer's premises,A,"Workers' comp is designed to be comprehensive: covering necessary medical care, partial wage replacement during disability, vocational rehabilitation, and death/survivor benefits.",https://www.wcb.ny.gov,Workers' Compensation
77,Workers Compensation,The 'exclusive remedy' doctrine in workers' compensation means:,An injured employee generally cannot sue their employer in civil court for a workplace injury covered by workers' comp,The employee can choose between workers' comp and a lawsuit,Only applies to injuries caused by defective equipment,The employer can choose not to pay benefits if they disagree with the claim,A,"In exchange for guaranteed no-fault benefits, employees generally give up the right to sue their employer for a covered workplace injury, making workers' comp their 'exclusive remedy.'",https://www.irmi.com/term,Workers' Compensation
78,Workers Compensation,"Workers' Compensation Part Two, 'Employers Liability,' provides coverage for:","Lawsuits against the employer that fall outside the workers' comp exclusive remedy, such as third-party-over or spousal loss-of-consortium claims",Medical bills already covered under Part One,Property damage to the employer's building,General liability claims from customers,A,"Employers Liability (Part Two/Coverage B) fills gaps not covered by the statutory workers' comp benefits, such as certain third-party lawsuits that circle back to the employer.",https://www.irmi.com/term,Workers' Compensation
79,Workers Compensation,The 'experience modification factor' (mod) in workers' comp pricing reflects:,"How an individual employer's actual loss history compares to the average for similar businesses, adjusting their premium up or down",A flat surcharge applied to all employers equally,The number of employees only,"The state where the business is headquartered, with no relation to claims",A,"The experience mod compares an employer's actual claims experience to expected losses for their industry classification, rewarding safer employers with lower premiums and penalizing worse-than-average ones.",https://www.irmi.com/term,Workers' Compensation
80,Workers Compensation,"In New York, workers' compensation coverage can be obtained through:","Private insurance carriers, the New York State Insurance Fund (NYSIF), or qualified self-insurance",Only the federal government,Only a single state-mandated monopoly insurer with no alternatives,It cannot legally be purchased in New York,A,"New York employers can buy coverage from private carriers, from the state-created NYSIF (a competitive state fund), or self-insure if they meet financial qualification requirements.",https://www.wcb.ny.gov,Workers' Compensation
81,Underwriting & Claims,The primary goal of underwriting is to:,Select and classify risks appropriately and price them fairly for the exposure presented,Reject every applicant to minimize claims,Guarantee approval for every applicant,Set claim payment amounts after a loss occurs,A,"Underwriters evaluate and classify risk so the insurer can decide whether to accept it and at what price, balancing profitability with market competitiveness.",https://www.irmi.com/term,Property and Casualty Insurance Basics
82,Underwriting & Claims,An insurer's 'rate' differs from its 'premium' in that:,Rate is the price per unit of exposure; premium is the rate multiplied by the number of exposure units,Rate and premium are always identical numbers,"Premium is set by the state, and rate is set by the agent",Rate applies only to auto insurance,A,"Rate is a per-unit cost (e.g., per $1,000 of coverage); premium is the total cost calculated by multiplying the rate by the applicable units of exposure.",https://www.irmi.com/term,Property and Casualty Insurance Basics
83,Underwriting & Claims,A 'first-party' claim is one in which:,The insured submits a claim under their own policy for their own loss,A third party sues the insured,The insurer sues the insured,Only a government agency can file the claim,A,"First-party claims involve the policyholder claiming benefits for their own covered loss (e.g., your own car damage under collision coverage), as opposed to third-party liability claims.",https://www.irmi.com/term,Property and Casualty Insurance Basics
84,Underwriting & Claims,A 'third-party' claim arises when:,Someone other than the policyholder makes a claim against the policyholder's liability coverage for injury or damage the policyholder caused,The insured files against their own comprehensive coverage,The claim involves only property owned by the insurer,It is filed more than three years after the loss,A,"Third-party claims come from people outside the insurance contract (e.g., another driver you hit) seeking compensation under your liability coverage.",https://www.irmi.com/term,Property and Casualty Insurance Basics
85,Underwriting & Claims,The standard duties of an insured after a loss typically include all of the following EXCEPT:,Admitting fault to the other party at the scene,Giving prompt notice of the loss to the insurer,Protecting property from further damage,Cooperating with the insurer's investigation,A,"Insureds are generally instructed NOT to admit fault, since liability determination is a legal/factual matter for the insurer and courts, not an on-the-spot admission by the insured.",https://www.irmi.com/term,Property and Casualty Insurance Basics
86,Underwriting & Claims,'Proof of loss' is best described as:,"A formal, often sworn statement submitted by the insured detailing the loss, required to support a claim",The insurer's internal claims file,A police report only,A requirement that applies only to auto claims,A,"Proof of loss is a formal document (sometimes sworn) the insured submits substantiating the amount and circumstances of the claimed loss, a policy condition in many contracts.",https://www.irmi.com/term,Property and Casualty Insurance Basics
87,Underwriting & Claims,An insurer's duty to defend under a liability policy is generally:,"Broader than the duty to indemnify — it can apply even to claims that ultimately are not covered, as long as the complaint alleges a potentially covered claim",Identical in scope to the duty to indemnify,Nonexistent unless the insured is proven guilty,Only owed after the insured pays a separate legal fee,A,"Courts generally hold that the duty to defend is triggered by the allegations in a complaint, even if some allegations ultimately fall outside coverage, making it broader than the duty to pay (indemnify).",https://www.irmi.com/term,Property and Casualty Insurance Basics
88,Underwriting & Claims,'Reservation of rights' is a letter an insurer sends to:,Notify the insured that it will defend/handle a claim while reserving the right to later deny coverage based on specific policy issues,Cancel the policy immediately,Confirm unconditional acceptance of full coverage,Notify a third-party claimant of a lawsuit,A,A reservation of rights letter lets the insurer proceed with a defense or investigation while preserving its ability to contest coverage later if facts show the claim isn't covered.,https://www.irmi.com/term,Property and Casualty Insurance Basics
89,Underwriting & Claims,"Insurance fraud, such as staging a loss or inflating a claim, is:","A crime that can result in denial of the claim, policy voidance, and criminal prosecution",A minor issue that never affects claim payment,Only a civil matter with no criminal exposure,Legal as long as the insured has paid premiums for years,A,"Insurance fraud is a serious offense; insurers investigate suspicious claims through Special Investigation Units (SIUs), and fraudulent claims can be denied and referred for prosecution.",https://www.dfs.ny.gov/consumers/fraud,Property and Casualty Insurance Basics
90,Underwriting & Claims,A 'material misrepresentation' on an insurance application is one that:,"Would have influenced the insurer's decision to issue the policy or the terms/premium offered, had the truth been known",Is any minor typo on the form,Only matters if discovered before the policy is issued,Can never affect an already-issued policy,A,Materiality is the key test — an insurer can potentially void a policy or deny a claim if a misrepresentation was significant enough that accurate information would have changed underwriting decisions.,https://www.irmi.com/term,Property and Casualty Insurance Basics
91,NY Law & Licensing,"In New York, property and casualty insurance producers are licensed and regulated by:",The New York State Department of Financial Services (DFS),The federal Department of Insurance,The New York State Department of Health,The National Association of Insurance Commissioners directly,A,"DFS is the state regulator overseeing licensing, market conduct, and consumer protection for insurance producers and companies operating in New York.",https://www.dfs.ny.gov/licensing/adjuster/property_casualty,Insurance Regulation
92,NY Law & Licensing,"To become a licensed NY property & casualty insurance agent/broker, an applicant generally must:",Complete required pre-licensing education and pass the state licensing examination,Simply pay a fee with no examination required,Hold a college degree in finance,Work for five years as an unlicensed clerk first,A,New York requires prospective producers to complete pre-licensing coursework and pass the applicable state exam(s) before a license is issued.,https://www.dfs.ny.gov/licensing/adjuster/property_casualty,Insurance Regulation
93,NY Law & Licensing,"In New York, an 'insurance agent' generally represents:",The insurance company (insurer) under a contractual appointment,"Only the insured/consumer, never the insurer",The state government,No one; agents are purely neutral parties,A,"An agent acts on behalf of, and is appointed/contracted by, the insurer(s) they represent, which is a key legal distinction from a broker, who technically represents the insured.",https://www.dfs.ny.gov/licensing/adjuster/property_casualty,Insurance Regulation
94,NY Law & Licensing,"In New York, an 'insurance broker,' unlike an agent, technically represents:","The insured/client, seeking coverage from various insurers on the client's behalf",Only one specific insurance company,The Department of Financial Services,The reinsurer,A,"Brokers are traditionally viewed as representing the buyer, shopping among multiple insurers, whereas agents are contractually appointed representatives of specific insurers.",https://www.dfs.ny.gov/licensing/adjuster/property_casualty,Insurance Regulation
95,NY Law & Licensing,Continuing education (CE) requirements for NY insurance producers exist to:,"Ensure licensees stay current on laws, products, and ethics throughout their licensing period",Generate additional state tax revenue only,Replace the need for the original licensing exam,Apply only to producers who have had a complaint filed against them,A,"CE requirements help ensure practicing producers maintain up-to-date knowledge of changing laws, products, and ethical standards, protecting consumers over time.",https://www.dfs.ny.gov/licensing/adjuster/property_casualty,Insurance Regulation
96,NY Law & Licensing,"Under New York insurance law, 'twisting' refers to the unethical/illegal practice of:","Inducing a policyholder to lapse, forfeit, or replace an existing policy through misrepresentation, to the client's detriment",Offering a client a legitimately better policy at a lower price with full disclosure,Reviewing a client's coverage annually,Filing a claim on behalf of a client,A,"Twisting is prohibited because it uses misrepresentation to churn business (replacing perfectly good policies) purely for the producer's benefit, harming the consumer.",https://www.dfs.ny.gov/licensing/adjuster/property_casualty,Insurance Regulation
97,NY Law & Licensing,'Rebating' in New York insurance law refers to:,"Illegally offering a client part of the producer's commission, or other unauthorized inducements, to purchase a policy",A state-mandated premium discount for safe drivers,The return of unearned premium upon cancellation,A legal marketing technique used by all agents,A,Rebating — giving something of value not specified in the policy as an inducement to buy — is generally prohibited to keep competition based on price and coverage fair and transparent.,https://www.dfs.ny.gov/licensing/adjuster/property_casualty,Insurance Regulation
98,NY Law & Licensing,'Unfair claims settlement practices' prohibited under New York law include:,Misrepresenting policy provisions or unreasonably delaying investigation and payment of claims,Paying a valid claim promptly,Explaining policy exclusions accurately to a claimant,Requesting reasonable documentation to verify a claim,A,"Regulations like NY's Unfair Claims Settlement Practices rules prohibit bad-faith tactics such as misrepresenting coverage, failing to acknowledge claims promptly, or unreasonably delaying payment.",https://www.dfs.ny.gov/licensing/adjuster/property_casualty,Insurance Regulation
99,NY Law & Licensing,A New York insurance producer license can be revoked or suspended by DFS for reasons including:,"Fraud, material misrepresentation on the license application, or violation of insurance laws",Taking a scheduled vacation,Writing a large volume of policies,Working for more than one appointed insurer,A,"DFS can discipline producers for dishonesty, fraud, incompetence, or violations of the Insurance Law, protecting consumers from unfit licensees.",https://www.dfs.ny.gov/licensing/adjuster/property_casualty,Insurance Regulation
100,NY Law & Licensing,New York requires that most personal lines property/casualty policy cancellations or non-renewals by the insurer include:,"Advance written notice to the insured, with the required notice period varying by policy type and reason",No notice requirement whatsoever,Only a verbal phone call,Approval from the insured before it can take effect,A,NY Insurance Law imposes specific advance-notice requirements for cancellation/non-renewal to protect consumers from losing coverage without adequate warning to secure replacement insurance.,https://www.nysenate.gov/legislation/laws/ISC,Insurance Regulation
101,NY Law & Licensing,"Under New York law, an unlicensed person who accepts compensation for selling insurance is:",In violation of the law and subject to penalties,Acting legally as long as a licensed agent later reviews the sale,Permitted if the transaction is under $500,Permitted only for auto insurance,A,"Selling insurance for compensation without a license is illegal in New York and can result in fines, penalties, and potential criminal charges.",https://www.dfs.ny.gov/licensing/adjuster/property_casualty,Insurance Regulation
102,NY Law & Licensing,New York's 'free look' period for certain insurance policies allows the policyholder to:,Review the policy after purchase and cancel for a full refund within a specified short period if unsatisfied,Receive coverage for free during the first year,Avoid ever paying a premium,Sue the insurer without cause,A,A free-look provision gives new policyholders a short window (varies by product) to review the actual policy document and cancel for a full refund if it doesn't meet their expectations.,https://www.dfs.ny.gov/licensing/adjuster/property_casualty,Insurance Regulation
103,NY Law & Licensing,"The New York Property Insurance Underwriting Association (NYPIUA), often called the 'FAIR Plan,' exists to:",Provide basic property insurance to owners who cannot obtain coverage in the standard/voluntary market,Replace all standard homeowners insurers in New York,Insure only commercial skyscrapers in New York City,Provide auto insurance exclusively,A,"The FAIR Plan is a residual market mechanism ensuring basic property coverage remains available to otherwise hard-to-place risks, often in higher-risk areas.",https://www.nypiua.com,Insurance Regulation
104,Ethics,A producer's fiduciary duty regarding client premium funds means they must:,Handle premium trust funds responsibly and not commingle or misuse client money,Invest client premiums in the stock market for extra profit,Keep all premium funds in a personal account indefinitely,Only remit premiums to the insurer once per year,A,"Producers who collect premiums often hold them in a fiduciary/trust capacity and must remit them properly and promptly, never using client funds for personal or business expenses.",https://www.dfs.ny.gov/licensing/adjuster/property_casualty,Insurance Regulation
105,Ethics,"If a producer discovers they made an error that left a client without needed coverage, the most ethical course of action is to:",Promptly disclose the error to the client and take reasonable steps to correct or mitigate the harm,Hide the mistake and hope no loss occurs,Blame the client for not asking enough questions,Quietly cancel the client's policy to avoid detection,A,"Ethical and professional standards, along with E&O best practices, call for prompt, honest disclosure and corrective action when a producer's error creates a coverage gap.",https://www.irmi.com/term,Insurance Regulation
106,Ethics,'Errors and Omissions' (E&O) insurance protects a producer against:,"Claims alleging negligence, mistakes, or failure to procure/advise on coverage properly in their professional duties",Damage to the producer's personal vehicle,Claims made by the producer's own insurer against them,Only claims filed by government regulators,A,"E&O insurance is professional liability coverage protecting agents/brokers against claims that their negligent acts, errors, or omissions caused a client financial harm.",https://www.irmi.com/term,Insurance Regulation
107,Ethics,"When comparing policies for a client, a producer's ethical obligation includes:",Making a reasonably diligent effort to understand the client's needs and recommend suitable coverage,Always recommending the policy that pays the producer the highest commission,Avoiding any discussion of coverage limitations or exclusions,Refusing to explain the reasoning behind a recommendation,A,"Professional and regulatory standards expect producers to act in the client's best interest by understanding their needs and recommending appropriately suitable coverage, not simply maximizing commission.",https://content.naic.org/consumer.htm,Insurance Regulation
108,Ethics,Confidential client information obtained by a producer should be:,"Protected and only disclosed as permitted by law, regulation, or with appropriate client consent",Shared freely with any interested third party,Sold to marketing companies for extra income,Posted publicly to demonstrate transparency,A,"Producers have both ethical and legal (e.g., privacy law) obligations to safeguard client personal and financial information from unauthorized disclosure.",https://www.dfs.ny.gov/licensing/adjuster/property_casualty,Insurance Regulation
109,Ethics,"A conflict of interest arises for a producer, for example, when:","They stand to gain personally in a way that could compromise objective advice to the client, such as steering business to earn a higher personal bonus regardless of client fit","They earn a standard, disclosed commission for a suitable sale",They ask the client for updated contact information,They provide the client with a written policy summary,A,Conflicts of interest exist when personal gain could distort professional judgment; ethical practice requires managing or disclosing such conflicts rather than letting them override the client's best interest.,https://content.naic.org/consumer.htm,Insurance Regulation
110,NY Regulation,Which state agency regulates insurance producers and companies in New York?,Department of Financial Services (DFS),Department of Insurance Commerce,State Insurance Bureau,Department of State Licensing,A,"New York consolidated its Insurance and Banking Departments in 2011 to form the Department of Financial Services (DFS), which now regulates producers and insurers.",https://www.dfs.ny.gov/apps_and_licensing/insurance_companies/producer_licensing,Insurance Regulation
111,NY Regulation,How often must a New York P&C insurance producer license be renewed?,Every 2 years,Every year,Every 4 years,It never expires once issued,A,New York producer licenses are generally issued on a biennial (two-year) renewal cycle tied to the licensee's birth month.,https://www.dfs.ny.gov/apps_and_licensing/insurance_companies/producer_licensing,Insurance Regulation
112,NY Regulation,How many hours of continuing education (CE) must a NY P&C producer generally complete per license term?,15 hours,5 hours,24 hours,40 hours,A,"New York generally requires 15 hours of continuing education per two-year license term for producers, including required ethics content.",https://www.dfs.ny.gov/apps_and_licensing/insurance_companies/producer_licensing,Insurance Regulation
113,NY Regulation,"Under NY Insurance Law, what is 'rebating'?",Giving a client part of the producer's commission or another inducement not stated in the policy,Refunding an overpayment of premium to a policyholder,A discount insurers give for bundling home and auto,An insurer returning unearned premium after cancellation,A,"Rebating — offering money, gifts, or other inducements not specified in the policy to influence a sale — is prohibited under NY Insurance Law.",https://www.nysenate.gov/legislation/laws/ISC,Insurance Regulation
114,NY Regulation,What is 'twisting' in the context of NY insurance producer conduct?,"Inducing a client to lapse or surrender an existing policy through misrepresentation, to the client's detriment",Explaining the difference between two competing policies accurately,Switching an agency's E&O carrier,Changing a policy's payment plan,A,"Twisting is misrepresenting policy facts to persuade a client to replace an existing policy, causing them financial harm — it is prohibited.",https://www.nysenate.gov/legislation/laws/ISC,Insurance Regulation
115,NY Regulation,A producer who transacts insurance business in New York without a valid license is:,In violation of NY Insurance Law and subject to penalties,Permitted if supervised by a licensed producer,Permitted for the first 90 days of employment,Only in violation if selling life insurance,A,"Transacting insurance without a license is illegal in New York and can result in fines, license bars, and other penalties under Insurance Law.",https://www.nysenate.gov/legislation/laws/ISC,Insurance Regulation
116,NY Regulation,What must a NY producer do with premium funds collected on behalf of an insurer?,"Hold them in a fiduciary capacity, typically in a separate trust/premium account",Deposit them into the producer's personal checking account,Convert them to the agency's operating funds after 30 days,Send them directly to the client's bank,A,Producers act as fiduciaries for premium funds and must safeguard them (commonly in a trust account) separate from personal or operating funds.,https://www.nysenate.gov/legislation/laws/ISC,Insurance Regulation
117,NY Regulation,"In New York, an insurer's Certificate of Authority is required to:",Transact insurance business as an admitted insurer in the state,Hire producers,Advertise on television,Issue a single policy to a friend of an officer,A,A Certificate of Authority from DFS authorizes an insurer to legally transact business as an admitted carrier in New York.,https://www.dfs.ny.gov/apps_and_licensing/insurance_companies/producer_licensing,Insurance Regulation
118,NY Regulation,What is an 'unfair claims settlement practice' under NY law?,Practices like failing to acknowledge claims promptly or misrepresenting policy provisions to deny a claim,Paying a claim within 10 days of receipt,Requesting a proof of loss form,Denying a claim outside the policy period,A,"NY's unfair claims practices rules prohibit conduct such as unreasonable delay, failure to investigate, or misrepresenting facts/policy language to avoid paying claims.",https://www.nysenate.gov/legislation/laws/ISC,Insurance Regulation
119,NY Regulation,Who can legally bind coverage on behalf of an insurer in New York?,A licensed producer with binding authority granted by the insurer,Any employee of the agency,Only the insurer's CEO,Any customer service representative,A,Binding authority must be specifically granted by the insurer to a licensed producer; not everyone at an agency has it.,https://www.dfs.ny.gov/apps_and_licensing/insurance_companies/producer_licensing,Insurance Regulation
120,NY Regulation,A NY producer's Errors & Omissions (E&O) insurance primarily protects against:,"Claims of professional negligence, such as failing to procure requested coverage",Property damage to the agency office,Workers' compensation claims by agency staff,Cyberattacks on the insurer's servers,A,"E&O coverage responds to claims that the producer was professionally negligent — e.g., failing to secure coverage the client requested.",https://www.irmi.com/term/errors-and-omissions-insurance,Insurance Regulation
121,NY Regulation,"Under NY law, what must a producer disclose regarding compensation from an insurer upon a client's request?",The producer must disclose the nature and amount/source of compensation received,Nothing; compensation is confidential,Only the total agency revenue,"Only compensation over $10,000",A,"New York requires producers to disclose compensation information to clients who request it, promoting transparency in the transaction.",https://www.dfs.ny.gov/apps_and_licensing/insurance_companies/producer_licensing,Insurance Regulation
122,NY Regulation,What is the purpose of the NY Excess Line Association (NYSLIA / Excess Line Placement)?,To facilitate placement of coverage with non-admitted (surplus lines) insurers when admitted markets decline the risk,To license new producers,To set mandatory premium rates for auto insurance,To handle workers' comp claims,A,"Excess/surplus lines placement allows risks that admitted insurers won't write to be placed with eligible non-admitted insurers, typically through a licensed excess line broker.",https://www.dfs.ny.gov/apps_and_licensing/insurance_companies/producer_licensing,Insurance Regulation
123,NY Regulation,A 'material misrepresentation' on an insurance application can result in:,The insurer voiding or rescinding the policy,An automatic renewal at a lower premium,No consequence if discovered after a claim,A mandatory rate increase only,A,If a misrepresentation is material — meaning it would have affected the insurer's decision to issue or price the policy — the insurer may rescind the contract.,https://www.irmi.com/term/misrepresentation,Insurance Regulation
124,NY Regulation,Which of the following is generally exempt from most NY producer licensing requirements?,"A licensed attorney rendering incidental advice, not selling policies for compensation",A person selling homeowners policies for a fee,An unlicensed call-center agent quoting auto premiums,A bank employee cross-selling P&C policies for commission,A,"Producer licensing exemptions are narrow; incidental professional advice (e.g., by an attorney) not tied to policy sales for compensation is typically exempt, while anyone selling/soliciting for compensation must be licensed.",https://www.nysenate.gov/legislation/laws/ISC,Insurance Regulation
125,NY Regulation,What does 'appointment' mean in the producer-insurer relationship?,The insurer authorizes the licensed producer to represent it and sell/service its policies,The date a client signs an application,A scheduled meeting between producer and client,The renewal date of a license,A,An appointment is the formal authorization from an insurer allowing a licensed producer to act on its behalf.,https://www.dfs.ny.gov/apps_and_licensing/insurance_companies/producer_licensing,Insurance Regulation
126,NY Regulation,DFS market conduct examinations are primarily designed to:,Assess whether insurers/producers are treating consumers fairly and complying with law,Set new premium rates industry-wide,Replace the need for producer licensing,Audit only claims department financials,A,"Market conduct exams review practices like claims handling, underwriting, and sales conduct to ensure compliance and fair treatment of consumers.",https://www.dfs.ny.gov/apps_and_licensing/insurance_companies/producer_licensing,Insurance Regulation
127,NY Regulation,"If a NY producer's license is revoked for cause, which is a likely consequence?",The producer can no longer legally transact insurance business in the state,The producer keeps all existing appointments,The producer may continue selling but not renewing policies,No effect on current book of business,A,"License revocation removes the individual's legal authority to transact insurance, affecting their ability to sell, solicit, or service policies.",https://www.dfs.ny.gov/apps_and_licensing/insurance_companies/producer_licensing,Insurance Regulation
128,NY Regulation,What is the primary purpose of the NY Property/Casualty Insurance Security Fund?,To pay certain claims of insolvent property/casualty insurers up to statutory limits,To fund state highway repairs,To subsidize producer license fees,To reimburse insurers for catastrophe losses,A,"The Security Fund provides a safety net, paying certain covered claims when a property/casualty insurer becomes insolvent, subject to statutory limits and exclusions.",https://www.dfs.ny.gov/apps_and_licensing/insurance_companies/producer_licensing,Insurance Regulation
129,NY Regulation,A Continuing Education course on ethics is typically required in NY because:,State law mandates a minimum number of ethics CE hours to maintain licensure,It is optional but recommended by insurers,It replaces the need for an E&O policy,It is only required for new producers,A,New York's CE requirements include a mandated ethics component within the total required hours per license term.,https://www.dfs.ny.gov/apps_and_licensing/insurance_companies/producer_licensing,Insurance Regulation
130,General Concepts,Which of these best defines 'risk' in insurance terms?,Uncertainty regarding financial loss,A guaranteed future loss,The premium charged for a policy,A type of deductible,A,Risk is the uncertainty concerning the occurrence of a loss — insurance exists to transfer that financial uncertainty.,https://www.irmi.com/term/risk,General Insurance
131,General Concepts,Which of the following is a 'pure risk'?,"Risk of a house fire (only chance of loss, no chance of gain)",Risk of a stock investment losing or gaining value,Risk of betting on a horse race,Risk of opening a new business for profit,A,"Pure risk involves only the possibility of loss or no loss (no chance of gain), such as fire, theft, or injury — this is what is generally insurable.",https://www.irmi.com/term/pure-risk,General Insurance
132,General Concepts,'Speculative risk' differs from pure risk because it:,Involves the possibility of gain as well as loss,Is always insurable,Applies only to auto insurance,Cannot occur in business settings,A,"Speculative risks (e.g., gambling, investing) involve a chance of gain or loss and are generally not insurable.",https://www.irmi.com/term/speculative-risk,General Insurance
133,General Concepts,What is 'insurable interest'?,A financial stake such that the insured would suffer a loss if the insured event occurred,Any interest a person has in buying insurance,The interest rate charged on financed premiums,"A requirement only for life insurance, not P&C",A,Insurable interest means the policyholder would suffer a genuine financial loss if the insured peril occurred to the property/person — it's required to prevent wagering via insurance.,https://www.irmi.com/term/insurable-interest,General Insurance
134,General Concepts,"For property insurance, when must insurable interest generally exist?",At the time of loss,Only at the policy's inception,Only when the claim is paid,Insurable interest is not required for property insurance,A,"Unlike life insurance (interest needed at inception), property insurance generally requires insurable interest to exist at the time of the loss.",https://www.irmi.com/term/insurable-interest,General Insurance
135,General Concepts,Which risk management technique does purchasing insurance represent?,Risk transfer,Risk avoidance,Risk retention,Risk reduction only,A,Buying insurance transfers the financial burden of a potential loss from the insured to the insurer in exchange for premium.,https://www.irmi.com/term/risk-transfer,General Insurance
136,General Concepts,Installing a home sprinkler system to reduce fire loss severity is an example of:,Loss control (reduction),Risk avoidance,Risk transfer,Risk retention,A,Loss control measures like sprinklers reduce the severity (or frequency) of loss rather than transferring or avoiding the risk entirely.,https://www.irmi.com/term/loss-control,General Insurance
137,General Concepts,Choosing not to own a swimming pool to eliminate liability exposure is an example of:,Risk avoidance,Risk transfer,Risk retention,Loss reduction,A,Risk avoidance means completely eliminating exposure to a risk by not engaging in the activity at all.,https://www.irmi.com/term/risk-avoidance,General Insurance
138,General Concepts,"A $1,000 deductible on a homeowners policy is an example of:",Risk retention,Risk avoidance,Risk transfer,Subrogation,A,A deductible means the insured retains (self-funds) losses up to that amount before insurance responds.,https://www.irmi.com/term/retention,General Insurance
139,General Concepts,Which of the following is a required element of a valid insurance contract?,"Legal purpose, offer and acceptance, consideration, and competent parties",A handwritten signature only,Notarization by a public notary,Approval from a state legislator,A,"Like other contracts, insurance policies require competent parties, legal purpose, offer and acceptance, and consideration to be valid.",https://www.irmi.com/term/insurance-contract,General Insurance
140,General Concepts,An insurance policy is a contract of 'adhesion' because:,"It is drafted entirely by the insurer, and ambiguities are typically construed against the insurer",Both parties negotiate every clause equally,It cannot be cancelled by either party,It only applies to commercial policies,A,"Since the insurer writes the contract terms and the insured has little negotiating power, courts generally resolve ambiguous language in favor of the insured.",https://www.irmi.com/term/contract-of-adhesion,General Insurance
141,General Concepts,A policy being 'aleatory' means:,"The values exchanged (premium vs. potential claim payout) are unequal, depending on chance",Both parties exchange exactly equal value,The contract can be voided by either party at will,It applies to reinsurance contracts only,A,"Aleatory contracts involve unequal exchanges of value contingent on an uncertain event — a small premium may yield a large claim payment, or none at all.",https://www.irmi.com/term/aleatory-contract,General Insurance
142,General Concepts,'Utmost good faith' (uberrimae fidei) requires that:,Both parties deal honestly and disclose material facts relevant to the risk,Only the insurer must act honestly,Only the insured must act honestly,Neither party has a duty of honesty once the policy is bound,A,Insurance contracts require a higher standard of honesty than ordinary contracts because the insurer relies heavily on the applicant's disclosures to assess risk.,https://www.irmi.com/term/utmost-good-faith,General Insurance
143,General Concepts,'Indemnity' in insurance means:,"Restoring the insured to their approximate financial position before the loss, without profiting",Paying the insured more than the loss to encourage renewal,A fixed dollar amount paid regardless of the loss amount,"Only cash payments, never repair or replacement",A,The principle of indemnity holds that insurance should not let the insured profit from a loss — payment restores them to (not beyond) their pre-loss condition.,https://www.irmi.com/term/indemnity,General Insurance
144,General Concepts,What is 'subrogation'?,The insurer's right to recover claim payments from a negligent third party after paying the insured,The insured's right to sue their own insurer,A clause allowing the insurer to cancel at any time,The right to select your own repair shop,A,"After paying a covered claim, the insurer 'steps into the shoes' of the insured to pursue recovery from the party responsible for the loss.",https://www.irmi.com/term/subrogation,General Insurance
145,General Concepts,The concept of 'contribution' applies when:,"Two or more policies cover the same loss, and each contributes to payment",Only one policy exists for a risk,The insured pays part of the premium in installments,A reinsurer takes on 100% of a risk,A,"When multiple policies cover the same loss, contribution provisions determine how each insurer shares in paying the claim, preventing the insured from over-recovering.",https://www.irmi.com/term/contribution,General Insurance
146,General Concepts,An 'endorsement' (or rider) to a policy is used to:,"Modify the original policy's coverage, terms, or conditions",Cancel the policy entirely,Renew the policy automatically,Replace the need for an application,A,"Endorsements attach to the base policy to add, remove, or change coverage terms without issuing an entirely new contract.",https://www.irmi.com/term/endorsement,General Insurance
147,General Concepts,A 'binder' is:,Temporary evidence of insurance providing coverage until the formal policy is issued,A permanent replacement for the policy,A document used only for claims,Proof that a claim was denied,A,"A binder provides immediate, temporary coverage while the formal policy is being prepared and issued.",https://www.irmi.com/term/binder,General Insurance
148,General Concepts,What does 'underwriting' refer to?,The process of evaluating and classifying risks to decide whether/how to insure them,The process of investigating a claim,The marketing of insurance products,Calculating an agent's commission,A,"Underwriting is the risk-selection and classification process insurers use to decide acceptance, terms, and pricing for a risk.",https://www.irmi.com/term/underwriting,General Insurance
149,General Concepts,A 'moral hazard' refers to:,"A dishonesty or character trait that increases the likelihood of a loss (e.g., arson for profit)","Physical conditions that increase hazard, like faulty wiring",Carelessness that increases the chance of loss,A hazard covered only under liability policies,A,Moral hazard involves dishonesty or intent — such as staging a loss for a payout — that increases the probability of a claim.,https://www.irmi.com/term/moral-hazard,General Insurance
150,General Concepts,A 'morale hazard' refers to:,Carelessness or indifference toward loss because insurance will cover it,Physical property conditions such as icy sidewalks,Deliberate acts to cause a loss,A type of workers' comp exclusion,A,"Morale hazard is an attitude of carelessness — 'it's insured, so it doesn't matter' — that increases the chance of loss, distinct from intentional (moral) hazard.",https://www.irmi.com/term/morale-hazard,General Insurance
151,General Concepts,A 'physical hazard' is best described as:,"A tangible condition that increases the probability or severity of loss, e.g., worn stairs",A person's dishonest intentions,Carelessness about property care,The premium calculation method,A,"Physical hazards are tangible/physical conditions (e.g., structural defects, hazardous materials) that increase the chance or severity of loss.",https://www.irmi.com/term/physical-hazard,General Insurance
152,General Concepts,What is a 'peril' in insurance?,"The actual cause of a loss, such as fire, windstorm, or theft",A condition that increases the chance of loss,The amount of a claim payment,A type of policy exclusion only,A,"A peril is the direct cause of loss (fire, theft, collision), distinct from a hazard, which increases the likelihood or severity of that loss.",https://www.irmi.com/term/peril,General Insurance
153,General Concepts,'Named perils' coverage differs from 'open perils' (all-risk) coverage because:,Named perils only covers losses from perils specifically listed in the policy,Named perils covers all causes of loss unless excluded,Open perils only covers fire and theft,There is no practical difference,A,Named-peril policies list the specific covered causes of loss; anything not listed is not covered. Open-peril (special) forms cover all causes unless specifically excluded.,https://www.irmi.com/term/named-perils,General Insurance
154,General Concepts,The 'principle of indemnity' is most directly limited by which policy provision?,"Policy limits and valuation (e.g., actual cash value) provisions",The declarations page date,The insured's mailing address,The agent's license number,A,"Indemnity is capped by the policy's stated limits and how loss is valued (ACV, replacement cost, etc.), preventing overpayment beyond actual loss.",https://www.irmi.com/term/indemnity,General Insurance
155,General Concepts,What does 'actual cash value' (ACV) typically mean under most policies?,Replacement cost minus depreciation,The original purchase price with no adjustment,The cost to rebuild with no deduction for age/wear,The market value of the insured's entire property,A,"ACV is generally calculated as the cost to replace the item new, minus depreciation for age, wear, and obsolescence.",https://www.irmi.com/term/actual-cash-value,General Insurance
156,General Concepts,"'Replacement cost' coverage, unlike ACV, pays:","The cost to repair or replace property with new property of like kind and quality, without deducting depreciation",Only the depreciated value of destroyed property,A fixed amount regardless of the loss,Nothing for partial losses,A,"Replacement cost coverage reimburses the cost to repair/replace with similar new property, without a deduction for depreciation (subject to policy limits).",https://www.irmi.com/term/replacement-cost,General Insurance
157,General Concepts,A 'coinsurance clause' in a property policy is designed to:,Encourage the insured to carry limits close to the property's full value,Split every claim 50/50 between insurer and insured,Apply only to auto insurance,Eliminate the need for a deductible,A,"Coinsurance penalizes underinsurance: if the insured carries less than the required percentage of value (commonly 80%), a claim payment is reduced proportionally.",https://www.irmi.com/term/coinsurance,General Insurance
158,General Concepts,"Under a typical 80% coinsurance clause, what happens if a building worth $200,000 is insured for only $120,000 (60%)?",Claims are paid at a reduced (penalized) percentage for being underinsured,Claims are paid in full up to the policy limit,The policy is automatically voided,The insurer must increase the limit for free,A,"Because the insured carried only 60% of the required 80% coinsurance amount, a coinsurance penalty formula reduces claim payments proportionally (60/80 = 75% of the loss, subject to the deductible and limit).",https://www.irmi.com/term/coinsurance,General Insurance
159,General Concepts,A 'warranty' in an insurance contract is:,"A statement guaranteed to be true, the breach of which can void coverage",A guarantee that a claim will always be paid,An optional endorsement with no legal effect,The same as an exclusion,A,A warranty is a promise or guarantee that must be strictly true; breaching it can void the policy or the specific coverage it relates to.,https://www.irmi.com/term/warranty,General Insurance
160,General Concepts,A 'representation' on an insurance application differs from a warranty because:,"It must be substantially true, not a strict guarantee",It has no legal significance at all,It is only used in life insurance applications,It automatically voids the policy if false,A,"Representations are statements believed true when made; they need only be substantially (not literally/strictly) true, unlike warranties.",https://www.irmi.com/term/representation,General Insurance
161,General Concepts,What is 'concealment' in insurance underwriting?,Intentionally withholding a material fact from the insurer,Accidentally forgetting a minor detail,Disclosing too much information,A synonym for subrogation,A,"Concealment is the deliberate withholding of a fact material to the risk, which can void coverage if discovered.",https://www.irmi.com/term/concealment,General Insurance
162,General Concepts,Which best describes 'reinsurance'?,Insurance purchased by an insurer to transfer part of its risk to another insurer,Insurance sold directly to consumers by two agents,A second policy purchased by the insured for extra protection,A government backstop for all insurers,A,"Reinsurance allows a primary insurer to spread risk by transferring a portion of it to a reinsurer, improving capacity and stability.",https://www.irmi.com/term/reinsurance,General Insurance
163,Property Insurance,"Which HO policy form is the broadest 'special form' for owner-occupied dwellings, covering the dwelling on an open-perils basis?",HO-3,HO-1,HO-4,HO-6,A,The HO-3 (Special Form) is the most commonly written homeowners policy; it covers the dwelling/other structures on an open-perils basis and personal property on a named-perils basis.,https://www.irmi.com/term/ho-3,Homeowners (2011) Policy
164,Property Insurance,Which homeowners form is designed for renters (tenants)?,HO-4,HO-3,HO-6,HO-1,A,"HO-4 (Renters/Tenants Form) covers a tenant's personal property and liability; it does not cover the building, which the landlord insures.",https://www.irmi.com/term/ho-4,Homeowners (2011) Policy
165,Property Insurance,Which homeowners form is designed for condominium unit owners?,HO-6,HO-4,HO-3,HO-8,A,"HO-6 (Condominium Unit-Owners Form) covers the unit owner's personal property, certain interior improvements, and liability; the condo association master policy covers the building structure.",https://www.irmi.com/term/ho-6,Homeowners (2011) Policy
166,Property Insurance,"Which homeowners form provides the broadest coverage, insuring both dwelling and personal property on an open-perils (special) basis?",HO-5,HO-2,HO-3,HO-8,A,"HO-5 (Comprehensive Form) covers both the dwelling and personal property on an open-perils basis, making it broader than the HO-3's named-perils personal property coverage.",https://www.irmi.com/term/ho-5,Homeowners (2011) Policy
167,Property Insurance,HO-8 is typically used for which type of dwelling?,Older homes where replacement cost significantly exceeds market value,New construction homes only,Condominium units,Mobile homes exclusively,A,"HO-8 (Modified Coverage Form) is used for older homes where replacement cost far exceeds actual market value, often settling losses on an ACV or functional-replacement-cost basis.",https://www.irmi.com/term/ho-8,Homeowners (2011) Policy
168,Property Insurance,"Under a standard homeowners policy, Coverage A refers to:",The Dwelling,Other Structures,Personal Property,Loss of Use,A,Coverage A insures the dwelling (main residence structure) itself.,https://www.irmi.com/term/homeowners-policy,Homeowners (2011) Policy
169,Property Insurance,"Under a standard homeowners policy, Coverage B refers to:","Other Structures (e.g., detached garage, shed)",The Dwelling,Personal Liability,Medical Payments,A,"Coverage B covers structures on the residence premises that are separated from the dwelling, such as a detached garage or fence.",https://www.irmi.com/term/homeowners-policy,Homeowners (2011) Policy
170,Property Insurance,"Under a standard homeowners policy, Coverage C refers to:",Personal Property,The Dwelling,Personal Liability,Loss of Use,A,"Coverage C covers the insured's personal property (contents), typically set as a percentage of the Coverage A limit.",https://www.irmi.com/term/homeowners-policy,Homeowners (2011) Policy
171,Property Insurance,"Under a standard homeowners policy, Coverage D refers to:",Loss of Use (Additional Living Expenses),The Dwelling,Medical Payments,Personal Liability,A,Coverage D reimburses additional living expenses if the insured cannot use the home due to a covered loss.,https://www.irmi.com/term/loss-of-use,Homeowners (2011) Policy
172,Property Insurance,"Under Section II of a homeowners policy, Coverage E refers to:",Personal Liability,Medical Payments to Others,Personal Property,Dwelling,A,Coverage E provides liability protection if the insured is legally responsible for bodily injury or property damage to others.,https://www.irmi.com/term/homeowners-policy,Homeowners (2011) Policy
173,Property Insurance,"Under Section II of a homeowners policy, Coverage F refers to:",Medical Payments to Others,Personal Liability,Loss of Use,Other Structures,A,"Coverage F pays limited medical expenses for others injured on the insured's premises, regardless of fault, up to the policy limit.",https://www.irmi.com/term/medical-payments,Homeowners (2011) Policy
174,Property Insurance,Which peril is typically EXCLUDED from a standard homeowners policy?,Flood,Fire,Lightning,Windstorm,A,Flood is a standard homeowners exclusion; separate flood insurance (often through the NFIP) is needed for that peril.,https://www.iii.org/article/flood-insurance,Homeowners (2011) Policy
175,Property Insurance,Which peril is typically EXCLUDED from a standard homeowners policy and generally requires a separate policy or endorsement?,Earthquake,Theft,Fire,Vandalism,A,Earthquake is excluded on standard HO forms and usually requires a separate earthquake policy or endorsement.,https://www.iii.org/article/earthquake-insurance,Homeowners (2011) Policy
176,Property Insurance,"A homeowners policy 'loss settlement' provision for personal property, absent an endorsement, is typically on which basis?",Actual Cash Value (ACV),Replacement Cost automatically,Agreed Value,Market Value,A,Standard homeowners personal property loss settlement defaults to ACV unless the insured purchases a replacement-cost personal property endorsement.,https://www.irmi.com/term/actual-cash-value,Homeowners (2011) Policy
177,Property Insurance,A 'scheduled personal property' endorsement is used to:,Provide additional/broader coverage for specifically listed high-value items like jewelry,Reduce coverage on the dwelling,Eliminate the deductible for the whole policy,Add flood coverage,A,"Scheduling (itemizing) valuable items like jewelry, furs, or fine art provides higher limits and broader coverage than the blanket personal property limit allows.",https://www.irmi.com/term/scheduled-personal-property-endorsement,Homeowners (2011) Policy
178,Property Insurance,What is the purpose of an inflation guard endorsement?,To automatically increase coverage limits over the policy period to keep pace with inflation,To lower premiums during inflationary periods,To guarantee replacement cost regardless of limits,To cover only inflation-related business losses,A,Inflation guard automatically adjusts (increases) the dwelling coverage limit periodically during the policy term to help keep pace with rising construction costs.,https://www.irmi.com/term/inflation-guard-endorsement,Homeowners (2011) Policy
179,Property Insurance,"A 'dwelling policy' (DP-1, DP-2, DP-3) is generally used for:",Rental/investment properties or owner-occupied homes not eligible for a standard HO policy,Only commercial office buildings,Only mobile homes,Only condominiums,A,"Dwelling forms insure one-to-four-family dwellings, often rental or seasonal properties, offering coverage similar in structure to homeowners forms but without liability by default.",https://www.irmi.com/term/dwelling-policy,Homeowners (2011) Policy
180,Property Insurance,"In property insurance, what does 'appraisal' provision allow?",A process to resolve disputes over the amount of loss when insurer and insured disagree,A way to appeal a coverage denial in court only,A method insurers use to raise premiums,A requirement to appraise the home before every renewal,A,The appraisal clause lets each party select an appraiser (with an umpire if needed) to resolve disagreements specifically about the dollar amount of a covered loss.,https://www.irmi.com/term/appraisal-clause,Homeowners (2011) Policy
181,Property Insurance,The 'other insurance' clause in a property policy addresses:,How the policy responds when other insurance also covers the same loss,The insured's right to buy insurance from any company,Coverage for the insured's other properties automatically,Whether flood coverage is included,A,"This clause specifies how the policy will pay (e.g., pro rata) when other applicable insurance exists for the same loss, avoiding overpayment.",https://www.irmi.com/term/other-insurance,Homeowners (2011) Policy
182,Property Insurance,A 'named insured' under a policy is:,The person(s) or entity specifically identified on the declarations page,Any resident of the household automatically,The insurer's agent,Only applies to auto policies,A,"The named insured is specifically identified on the declarations page and has full rights under the policy, distinct from other 'insureds' who may have more limited status.",https://www.irmi.com/term/named-insured,Homeowners (2011) Policy
183,Property Insurance,What does the 'mortgagee clause' in a property policy protect?,"The lender's interest in the insured property, even if the owner's coverage is voided by their own act",Only the borrower's personal liability,The insurer against fraud by the lender,The tenant's personal property,A,"The standard mortgage clause protects the lender's interest separately, so the lender may still be paid even if the policy is voided due to the insured's own acts (e.g., arson).",https://www.irmi.com/term/mortgage-clause,Homeowners (2011) Policy
184,Property Insurance,"A homeowner files a $50,000 claim for a covered fire loss on a home insured for its full replacement cost. Which best describes claim settlement?","The insurer pays the covered loss up to policy limits, subject to the deductible",The insurer pays nothing because fire is excluded,The claim must be split with the mortgage lender 50/50 regardless of the loss,Fire claims are always paid at ACV even with replacement cost coverage,A,"Fire is a basic covered peril; the insurer indemnifies the insured for the covered loss up to policy limits, less any applicable deductible.",https://www.irmi.com/term/fire,Homeowners (2011) Policy
185,Property Insurance,What is 'personal property away from premises' coverage under a homeowners policy?,Extends personal property coverage to belongings even when they're temporarily away from the insured location,Coverage that begins only after the insured moves permanently,A separate policy required for travel,Coverage limited strictly to the insured's vehicle,A,Standard homeowners forms extend personal property coverage worldwide (subject to limits) even when items are away from the residence premises.,https://www.irmi.com/term/homeowners-policy,Homeowners (2011) Policy
186,Commercial Property,The Commercial Property Coverage Form is often combined with which form to create a Businessowners Policy (BOP)?,Commercial General Liability coverage,Personal Auto coverage,Homeowners coverage,Workers Compensation coverage,A,A BOP bundles commercial property and general liability coverage (plus business income) into one package designed for small-to-midsize businesses.,https://www.irmi.com/term/businessowners-policy,Commercial Package Policy (CPP)
187,Commercial Property,'Business Income' (Business Interruption) coverage is designed to reimburse:,Lost net income and continuing expenses when operations are suspended by a covered property loss,Only the physical repair cost of a damaged building,Employee wages after termination,Marketing costs to attract new customers,A,Business income coverage replaces lost profits and ongoing normal operating expenses during the period a business is shut down or slowed by a covered loss.,https://www.irmi.com/term/business-income-coverage,Commercial Package Policy (CPP)
188,Commercial Property,'Extra Expense' coverage in a commercial property policy pays for:,"Additional costs incurred to continue operations after a covered loss (e.g., renting temporary space)",Regular ongoing operating costs unrelated to a loss,Employee bonuses,Marketing expenses in general,A,Extra expense coverage reimburses the necessary extra costs a business incurs to keep operating (or resume operating faster) following a covered loss.,https://www.irmi.com/term/extra-expense-coverage,Commercial Package Policy (CPP)
189,Commercial Property,The Commercial Property 'Causes of Loss – Special Form' is comparable to which homeowners concept?,Open-perils (all-risk) coverage,Named-perils coverage limited to fire only,Actual cash value only,Liability-only coverage,A,"Like the open-perils approach in an HO-3/HO-5, the Special Form covers all causes of loss except those specifically excluded.",https://www.irmi.com/term/causes-of-loss-special-form,Commercial Package Policy (CPP)
190,Commercial Property,A 'blanket limit' in commercial property insurance means:,A single limit applies collectively across multiple locations or types of property,Each item has its own separate individual limit only,Coverage automatically excludes theft,The policy has no stated limit at all,A,"Blanket coverage combines multiple properties or property types under one limit, offering flexibility versus scheduling separate limits for each.",https://www.irmi.com/term/blanket-insurance,Commercial Package Policy (CPP)
191,Commercial Property,"Under Commercial Property, 'ordinance or law' coverage addresses:",Added costs to comply with current building codes when repairing/rebuilding after a loss,Zoning approval for new construction,Legal fees for unrelated lawsuits,Employee compliance training costs,A,"Because older buildings often must be rebuilt to current code after a major loss, ordinance or law coverage helps pay the increased cost of that code-compliant construction/demolition.",https://www.irmi.com/term/ordinance-or-law-coverage,Commercial Package Policy (CPP)
192,Commercial Property,A 'building and personal property coverage form' typically covers all of the following EXCEPT:,Employee dishonesty/theft of money by employees,The building structure,"Business personal property (furniture, stock)",Personal property of others in the insured's care,A,"Employee dishonesty is a crime/fidelity exposure, typically covered under a separate crime policy or fidelity bond, not the standard building and personal property form.",https://www.irmi.com/term/building-and-personal-property-coverage-form,Commercial Package Policy (CPP)
193,Liability Concepts,Legal liability generally arises from which of the following?,"Negligence, intentional torts, or breach of contract/statute",Only from criminal convictions,Only from written contracts,Only when a lawsuit has already concluded,A,"Civil liability most often arises from negligence (failure to exercise reasonable care), intentional wrongful acts, or breaches of duty/contract.",https://www.irmi.com/term/liability,General Insurance
194,Liability Concepts,The four elements typically required to prove negligence are:,"Duty, breach of duty, causation, and damages","Motive, intent, act, and result","Offer, acceptance, consideration, and capacity","Duty, contract, warranty, and indemnity",A,"A negligence claim requires showing the defendant owed a duty of care, breached that duty, and that the breach caused actual damages to the plaintiff.",https://www.irmi.com/term/negligence,General Insurance
195,Liability Concepts,'Vicarious liability' refers to:,"Liability imposed on one party for the negligent acts of another, e.g., an employer for an employee",Liability that only applies to auto accidents,A defense that eliminates all liability,Liability assigned randomly by a court,A,Vicarious liability holds a party (like an employer) legally responsible for the acts of another (like an employee) acting within the scope of their relationship.,https://www.irmi.com/term/vicarious-liability,General Insurance
196,Liability Concepts,'Strict liability' applies when:,"A party can be held liable regardless of fault or negligence, e.g., for certain hazardous activities or defective products",Only intentional acts create liability,Fault must always be proven,It applies exclusively to auto insurance,A,Strict liability doesn't require proof of negligence or fault — it applies to certain inherently dangerous activities or defective products as a matter of public policy.,https://www.irmi.com/term/strict-liability,General Insurance
197,Liability Concepts,'Comparative negligence' allows for:,Damages to be reduced or apportioned based on each party's percentage of fault,A complete bar to recovery if the plaintiff is even slightly at fault,The defendant to always pay 100% regardless of fault,Automatic dismissal of any liability claim,A,"Under comparative negligence rules, a plaintiff's damages award is reduced by their own percentage of fault, rather than being completely barred (as under pure contributory negligence).",https://www.irmi.com/term/comparative-negligence,General Insurance
198,Liability Concepts,"Under a Commercial General Liability (CGL) policy, Coverage A typically applies to:",Bodily Injury and Property Damage Liability,Personal and Advertising Injury Liability,Medical Payments,Products-Completed Operations only,A,CGL Coverage A covers the insured's liability for bodily injury or property damage caused by an occurrence during the policy period.,https://www.irmi.com/term/commercial-general-liability-cgl-policy,General Insurance
199,Liability Concepts,"Under a CGL policy, Coverage B typically applies to:","Personal and Advertising Injury Liability (e.g., libel, slander, false arrest)",Bodily Injury from an auto accident,Property damage to the insured's own product,Workers' compensation claims,A,"Coverage B addresses offenses like libel, slander, false arrest, and copyright infringement in advertising, distinct from bodily injury/property damage.",https://www.irmi.com/term/personal-and-advertising-injury,General Insurance
200,Liability Concepts,"Under a CGL policy, Coverage C typically applies to:","Medical Payments, paid regardless of fault, for injuries on the insured's premises",Legal defense costs only,Property damage caused by products,Employee injuries covered under workers' comp,A,"Coverage C (Medical Payments) pays limited medical expenses for bodily injury on the insured's premises or operations, without regard to fault.",https://www.irmi.com/term/medical-payments-coverage,General Insurance
201,Liability Concepts,"In CGL policies, an 'occurrence' is generally defined as:","An accident, including continuous or repeated exposure to substantially the same harmful conditions","Any claim, no matter the cause",A named event listed in the declarations,"Only a single sudden event, excluding ongoing exposure",A,"The CGL 'occurrence' definition specifically includes continuous or repeated exposure to conditions, not just a sudden, singular accident.",https://www.irmi.com/term/occurrence,General Insurance
202,Liability Concepts,The difference between an 'occurrence' policy and a 'claims-made' policy is:,Occurrence covers losses happening during the policy period regardless of when claims are filed; claims-made covers claims filed during the policy period (or extended reporting period),There is no meaningful difference,Claims-made never expires,Occurrence policies exclude bodily injury,A,"Occurrence-based policies respond based on when the injury/damage happened, even if reported years later; claims-made policies respond based on when the claim is actually reported (subject to a retroactive date).",https://www.irmi.com/term/occurrence-policy,General Insurance
203,Liability Concepts,A 'retroactive date' is a feature of which type of policy?,Claims-made liability policy,Occurrence liability policy,Homeowners policy,Auto physical damage coverage,A,"Claims-made policies use a retroactive date to establish the earliest date an incident could have occurred and still be covered, assuming the claim is reported during the policy/extended period.",https://www.irmi.com/term/retroactive-date,General Insurance
204,Liability Concepts,'Products-completed operations' coverage under CGL applies to:,Liability arising from the insured's product or completed work after it leaves the insured's control,Injuries that occur while work is actively being performed on-site,Property damage to the insured's own inventory,Auto accidents involving company vehicles,A,"This coverage addresses claims arising after the insured's product is sold or their work is completed and turned over, e.g., a defective product causing injury later.",https://www.irmi.com/term/products-completed-operations-hazard,General Insurance
205,Liability Concepts,An 'additional insured' endorsement to a liability policy:,"Extends liability coverage to a party not originally named, often required by contract",Adds property coverage for a new location,Increases the named insured's own liability limits automatically,Cancels the original named insured's coverage,A,"Additional insured endorsements extend certain liability protections to another party (e.g., a property owner requiring a contractor to add them), typically per a contractual requirement.",https://www.irmi.com/term/additional-insured,General Insurance
206,Liability Concepts,A 'hold harmless' (indemnification) agreement in a contract is designed to:,Shift responsibility for certain losses/liability from one contracting party to another,Void all insurance coverage for both parties,Guarantee a specific profit margin,Replace the need for liability insurance entirely,A,"Hold harmless clauses contractually transfer risk of loss/liability from one party to another, which is why insurers scrutinize them under contractual liability coverage.",https://www.irmi.com/term/hold-harmless-agreement,General Insurance
207,Auto Insurance,New York is what type of auto insurance state regarding first-party medical/lost wage benefits?,A no-fault state,A pure tort state with no no-fault benefits,An 'add-on' state with no minimum PIP,A state with no mandatory auto insurance,A,New York's no-fault law (Regulation 68 / Comprehensive Motor Vehicle Insurance Reparations Act) requires Personal Injury Protection (PIP) benefits regardless of fault.,https://www.dfs.ny.gov/consumers/auto_insurance/no_fault_insurance,Auto Insurance
208,Auto Insurance,"Under NY no-fault, what is the minimum Personal Injury Protection (PIP) 'basic economic loss' benefit per person?","$50,000","$10,000","$25,000","$100,000",A,"New York's no-fault law requires a minimum of $50,000 in basic economic loss benefits (medical expenses, lost earnings, and other reasonable expenses) per covered person.",https://www.dfs.ny.gov/consumers/auto_insurance/no_fault_insurance,Auto Insurance
209,Auto Insurance,"Under NY no-fault, PIP benefits typically cover which of the following?","Medical expenses and a portion of lost earnings, regardless of fault","Only medical expenses, never lost wages",Property damage to the vehicle,Pain and suffering damages,A,No-fault/PIP covers necessary medical expenses and a percentage of lost earnings (up to statutory limits) regardless of who caused the accident; it does not cover pain and suffering.,https://www.dfs.ny.gov/consumers/auto_insurance/no_fault_insurance,Auto Insurance
210,Auto Insurance,"Under NY law, what does 'SUM' coverage stand for?",Supplementary Uninsured/Underinsured Motorist coverage,State Uniform Motor coverage,Standard Umbrella Motor coverage,Supplemental Utility Motor coverage,A,SUM (Supplementary Uninsured/Underinsured Motorists) coverage protects the insured when the at-fault driver has no insurance or insufficient limits to cover the insured's damages.,https://www.dfs.ny.gov/apps_and_licensing/insurance_companies/producer_licensing,Auto Insurance
211,Auto Insurance,What is the minimum SUM (uninsured/underinsured motorist) coverage required in New York?,"$25,000/$50,000","$10,000/$20,000","$100,000/$300,000","$50,000/$100,000",A,"New York requires minimum SUM limits of $25,000 per person / $50,000 per accident for bodily injury, matching the state's minimum liability limits.",https://www.dfs.ny.gov/apps_and_licensing/insurance_companies/producer_licensing,Auto Insurance
212,Auto Insurance,What are New York's minimum financial responsibility (liability) limits for bodily injury?,"$25,000 per person / $50,000 per accident","$10,000 per person / $20,000 per accident","$50,000 per person / $100,000 per accident","$100,000 per person / $300,000 per accident",A,"New York requires minimum liability limits of $25,000/$50,000 for bodily injury and $50,000 for wrongful death, plus $10,000 property damage liability.",https://www.dfs.ny.gov/apps_and_licensing/insurance_companies/producer_licensing,Auto Insurance
213,Auto Insurance,What is New York's minimum required property damage liability limit?,"$10,000","$25,000","$5,000","$50,000",A,"New York mandates a minimum of $10,000 in property damage liability coverage per accident.",https://www.dfs.ny.gov/apps_and_licensing/insurance_companies/producer_licensing,Auto Insurance
214,Auto Insurance,"Under NY no-fault, when can an injured party step outside no-fault and sue for pain and suffering?",Only if they meet the statutory 'serious injury' threshold,"At any time, for any injury","Never, no-fault fully bars all lawsuits",Only if the accident involved a commercial vehicle,A,"New York's 'serious injury' threshold (e.g., significant disfigurement, fracture, permanent limitation) must be met before a party can sue in tort for non-economic damages like pain and suffering.",https://www.dfs.ny.gov/consumers/auto_insurance/no_fault_insurance,Auto Insurance
215,Auto Insurance,Which coverage part of a Personal Auto Policy (PAP) pays for damage to the insured's own car from a collision?,Collision coverage,Comprehensive (Other Than Collision) coverage,Liability coverage,Medical Payments coverage,A,"Collision coverage pays for damage to the insured's own vehicle resulting from a collision with another object or vehicle, or from overturning.",https://www.irmi.com/term/collision-coverage,Auto Insurance
216,Auto Insurance,"Which PAP coverage pays for damage to the insured's own vehicle from fire, theft, flood, or hitting an animal?",Comprehensive (Other Than Collision) coverage,Collision coverage,Liability coverage,Uninsured Motorist coverage,A,"Comprehensive coverage (also called Other Than Collision) covers non-collision losses like theft, fire, vandalism, flooding, falling objects, and animal strikes.",https://www.irmi.com/term/comprehensive-coverage,Auto Insurance
217,Auto Insurance,"Under a standard Personal Auto Policy, Part A refers to:",Liability Coverage,Medical Payments Coverage,Uninsured Motorists Coverage,Physical Damage Coverage,A,Part A of the PAP covers the insured's liability for bodily injury and property damage to others.,https://www.irmi.com/term/personal-auto-policy,Auto Insurance
218,Auto Insurance,"Under a standard Personal Auto Policy, Part D refers to:",Coverage for Damage to Your Auto (physical damage — comprehensive & collision),Liability Coverage,Medical Payments,Duties After an Accident or Loss,A,"Part D covers physical damage to the insured's own vehicle, comprising Collision and Other Than Collision (Comprehensive) coverage.",https://www.irmi.com/term/personal-auto-policy,Auto Insurance
219,Auto Insurance,Which of the following is generally an excluded driver/use under a standard Personal Auto Policy?,Using the vehicle for livery or ridesharing without the proper endorsement,Driving to work,Lending the car to a family member,A resident relative driving with permission,A,Standard PAPs typically exclude liability coverage while the vehicle is used to carry passengers for a fee (livery/rideshare use) unless a specific endorsement is added.,https://www.irmi.com/term/livery-exclusion,Auto Insurance
220,Auto Insurance,'Gap insurance' is designed to cover:,The difference between the vehicle's ACV and the remaining loan/lease balance after a total loss,Bodily injury to pedestrians,Rental car reimbursement,Roadside towing costs,A,"Because a car's ACV often falls below the amount owed on a loan/lease, gap coverage pays that difference if the car is totaled.",https://www.irmi.com/term/gap-insurance,Auto Insurance
221,Auto Insurance,"Under NY law, insurers must offer which optional coverage that pays regardless of who caused the accident, in addition to standard no-fault PIP?",Optional Basic Economic Loss (extended/additional PIP) coverage,Extra collision coverage,Umbrella liability,Homeowners package endorsement,A,New York insurers must offer optional additional first-party benefits that increase PIP limits and broaden lost-earnings reimbursement beyond the mandatory minimum.,https://www.dfs.ny.gov/consumers/auto_insurance/no_fault_insurance,Auto Insurance
222,Auto Insurance,A vehicle used 'business use' vs. 'pleasure use' on an auto policy primarily affects:,The rating/classification and premium of the policy,Whether liability coverage applies at all,The state where the policy must be issued,Whether the driver needs a special license,A,Auto insurers rate policies based on vehicle use; business use generally reflects higher exposure and can increase premium versus commute/pleasure use.,https://www.irmi.com/term/business-use,Auto Insurance
223,Auto Insurance,What does 'stacking' of uninsured motorist coverage generally mean?,Combining UM limits from multiple vehicles/policies to increase available coverage,Adding collision coverage to comprehensive coverage,Purchasing two liability policies from the same insurer,A method to lower premiums by removing a vehicle,A,"Stacking allows an insured with multiple covered vehicles to combine (stack) UM/UIM limits, subject to state law and policy terms, for higher available coverage.",https://www.irmi.com/term/stacking,Auto Insurance
224,Workers Comp,"In New York, workers' compensation insurance is primarily regulated/administered through:",The NY Workers' Compensation Board (WCB),The Department of Labor exclusively,DFS exclusively with no other agency involvement,The IRS,A,"The New York Workers' Compensation Board administers the workers' comp system, including claims, coverage compliance, and benefit disputes.",https://www.wcb.ny.gov,Workers' Compensation
225,Workers Comp,Workers' compensation coverage generally operates on what liability basis?,No-fault — benefits are paid regardless of who caused the workplace injury,"Fault-based, requiring proof of employer negligence",Only covers injuries caused by employer intent,Only applies to injuries occurring off the employer's premises,A,"Workers' comp is a no-fault system: an injured employee generally receives statutory benefits for a work-related injury regardless of fault, in exchange for giving up the right to sue the employer.",https://www.wcb.ny.gov,Workers' Compensation
226,Workers Comp,Part One of a Workers Compensation and Employers Liability policy covers:,Statutory workers' compensation benefits as required by state law,Employer's general liability to third parties,Auto liability for company vehicles,Property damage to the workplace,A,"Part One provides the statutory benefits (medical, disability, death) required under the applicable state workers' compensation law.",https://www.irmi.com/term/workers-compensation-and-employers-liability-policy,Workers' Compensation
227,Workers Comp,Part Two (Employers Liability) of a Workers Comp policy is designed to cover:,"Employer liability claims not covered by the statutory workers' comp system, such as third-party-over suits",Statutory medical benefits only,Property damage claims,Auto accidents involving employees,A,"Employers Liability (Part Two) fills gaps for claims outside the statutory workers' comp framework — for example, a third party sued by an injured employee then suing the employer.",https://www.irmi.com/term/employers-liability-coverage,Workers' Compensation
228,Workers Comp,"In New York, which of the following employers is generally required to carry workers' compensation insurance?","Nearly all employers with employees, with very limited exceptions",Only employers with 50+ employees,Only manufacturing businesses,Only businesses that opt in voluntarily,A,"New York law requires nearly all employers to carry workers' compensation coverage for their employees, with only narrow statutory exceptions.",https://www.wcb.ny.gov,Workers' Compensation
229,Workers Comp,How are workers' compensation premiums typically calculated?,Based on payroll and classification codes reflecting job risk,A flat fee per company regardless of size,Based solely on the number of claims filed last year,Based on the employer's real estate value,A,Premiums are generally based on payroll (per $100 of payroll) multiplied by class-code rates reflecting the riskiness of the work performed.,https://www.irmi.com/term/workers-compensation-insurance,Workers' Compensation
230,Workers Comp,An 'experience modification factor' (mod) in workers' comp pricing reflects:,How an individual employer's actual loss experience compares to expected losses for similar businesses,A fixed statewide surcharge for all businesses,The employer's credit score,The number of employees only,A,The experience mod adjusts premium up or down based on whether the employer's actual claims history is better or worse than expected for its industry classification.,https://www.irmi.com/term/experience-modification-factor,Workers' Compensation
231,Umbrella & Bonds,A personal umbrella policy is designed to:,"Provide additional liability limits above underlying auto/homeowners policies, and broader coverage in some cases",Replace the need for a homeowners policy,Cover only property damage to the insured's own home,Cover business liability exclusively,A,"Umbrella policies sit above scheduled underlying policies (like auto and homeowners), providing extra liability limits and sometimes broader coverage than the underlying policies alone.",https://www.irmi.com/term/personal-umbrella-policy,Other Coverages & Options
232,Umbrella & Bonds,"To purchase a personal umbrella policy, an insured is typically required to:",Maintain specified minimum underlying liability limits on auto/home policies,Own no other insurance policies,Have a clean driving record with zero violations,Live in a rented property only,A,"Umbrella insurers require the insured to carry minimum underlying limits on primary policies (auto, homeowners) to avoid a coverage gap the umbrella would otherwise have to fill from the ground up.",https://www.irmi.com/term/underlying-insurance,Other Coverages & Options
233,Umbrella & Bonds,A 'self-insured retention' (SIR) in an umbrella/excess policy is similar to a deductible in that:,"The insured must pay a specified amount out-of-pocket before the umbrella responds, absent underlying coverage",It eliminates the need for any liability coverage,It only applies to property claims,It guarantees the insurer pays first,A,An SIR functions like a deductible for losses not covered by an underlying policy — the insured retains that amount before the umbrella/excess policy responds.,https://www.irmi.com/term/self-insured-retention-sir,Other Coverages & Options
234,Umbrella & Bonds,A 'surety bond' fundamentally differs from insurance because:,"It's a three-party agreement guaranteeing performance, and the principal is expected to ultimately reimburse the surety for any loss","It only involves two parties, like a standard policy",It never involves financial guarantees,It is identical in every way to liability insurance,A,"Surety bonds involve a principal, obligee, and surety; unlike insurance, the surety expects the principal to indemnify it for any loss paid, since the bond guarantees the principal's performance/obligation.",https://www.irmi.com/term/surety-bond,Other Coverages & Options
235,Umbrella & Bonds,A 'fidelity bond' protects an employer against:,"Losses caused by dishonest acts of employees, such as embezzlement",Property damage from fire,Liability to injured customers,Errors made by third-party contractors,A,"Fidelity bonds (a form of crime coverage) protect the insured against financial loss from employee dishonesty, such as theft or embezzlement.",https://www.irmi.com/term/fidelity-bond,Other Coverages & Options
236,Umbrella & Bonds,A 'license and permit bond' is typically required to:,Guarantee compliance with laws/regulations as a condition of obtaining a business license or permit,Provide general liability protection,Replace the need for workers' compensation,Cover property damage from natural disasters,A,"Many state/local governments require certain businesses to post a license and permit bond, guaranteeing they will comply with applicable laws as a licensing condition.",https://www.irmi.com/term/license-and-permit-bond,Other Coverages & Options
237,Ethics & Claims,"When a producer discovers a client's application contains inaccurate information, the producer should:",Correct the inaccuracy with the client and ensure the insurer receives accurate information,Submit it anyway since it's the client's responsibility,Ignore it if the premium would increase,Alter the application without telling the client,A,Producers have a duty to help ensure applications are accurate; knowingly submitting false information can constitute fraud and expose both the client and producer to serious consequences.,https://www.dfs.ny.gov/apps_and_licensing/insurance_companies/producer_licensing,Insurance Regulation
238,Ethics & Claims,What is the producer's general duty when a client asks for a specific type of coverage?,"Use reasonable care and skill to procure the coverage requested, or clearly advise if it cannot be obtained",Only sell coverage that pays the highest commission,Refuse until the client provides collateral,No duty exists once a quote is given,A,Producers owe a duty of reasonable care in procuring requested coverage; failing to do so (without informing the client) can result in E&O liability.,https://www.irmi.com/term/errors-and-omissions-insurance,Insurance Regulation
239,Ethics & Claims,Which of these is considered insurance fraud?,Intentionally inflating the value of a claim to receive a larger payout,Filing a claim promptly after a loss,Asking questions about coverage before filing a claim,Disputing a claim denial through the appeals process,A,"Deliberately misrepresenting facts — such as inflating a claim's value — to obtain a larger or undeserved payout constitutes insurance fraud, a crime in New York.",https://www.dfs.ny.gov/apps_and_licensing/insurance_companies/producer_licensing,Insurance Regulation
240,Ethics & Claims,What should a producer do if they have a conflict of interest that could affect their advice to a client?,Disclose the conflict of interest to the client,Keep it confidential to protect the agency,Only disclose if directly asked,Resolve it by choosing whichever option benefits the producer,A,Ethical practice requires transparency; disclosing conflicts of interest allows the client to make a fully informed decision.,https://www.dfs.ny.gov/apps_and_licensing/insurance_companies/producer_licensing,Insurance Regulation
241,Ethics & Claims,"Under 'first-party' claims, the insured is claiming benefits:",From their own insurer under their own policy,From another party's insurer for damage the insured caused,Only in liability lawsuits,Only for workers' compensation,A,"First-party claims involve the policyholder seeking payment from their own insurer (e.g., a homeowner filing a fire claim on their own HO policy).",https://www.irmi.com/term/first-party-claim,Insurance Regulation
242,Ethics & Claims,A 'third-party' claim involves:,A claim made by someone other than the policyholder against the policyholder's liability coverage,The insured filing against their own comprehensive coverage,A claim involving three separate insurers only,A workers' comp medical-only claim,A,Third-party claims arise when someone else (not the insured) claims against the insured's liability policy for injury/damage the insured allegedly caused.,https://www.irmi.com/term/third-party-claim,Insurance Regulation
243,Ethics & Claims,What is a 'proof of loss'?,A sworn statement from the insured detailing the circumstances and amount of a claimed loss,The insurer's final claim payment check,A police report only,An estimate provided by a contractor,A,"The proof of loss is a formal, often sworn, statement the insured submits documenting the loss details, used by the insurer to evaluate and settle the claim.",https://www.irmi.com/term/proof-of-loss,Insurance Regulation
244,Ethics & Claims,"What must an insurer generally do upon receiving notice of a claim, per NY prompt claims handling rules?","Acknowledge and begin investigating the claim within a reasonable, statutorily defined time",Nothing until the insured hires an attorney,Wait 6 months before responding,Automatically deny it pending a lawsuit,A,"New York's prompt claims handling regulations set specific timeframes for insurers to acknowledge, investigate, and act on claims to ensure fair and timely treatment.",https://www.nysenate.gov/legislation/laws/ISC,Insurance Regulation
245,Ethics & Claims,A producer who continues to sell insurance despite a lapsed license is:,Acting illegally and subject to disciplinary action by DFS,Acting properly if clients are unaware,Fine as long as commissions are paid to a licensed colleague,Only a problem for life insurance sales,A,"Selling insurance without a valid, active license is illegal in New York regardless of the type of insurance and can lead to fines or other discipline.",https://www.dfs.ny.gov/apps_and_licensing/insurance_companies/producer_licensing,Insurance Regulation
246,Ethics & Claims,"What is the purpose of NY Regulation 194, regarding producer compensation disclosure?",To require producers to disclose their role and compensation method to clients,To set maximum commission rates for all lines,To eliminate commissions entirely in favor of flat fees,To apply only to reinsurance transactions,A,"Regulation 194 requires insurance producers to disclose to purchasers their role in the transaction and, upon request, information about compensation.",https://www.dfs.ny.gov/apps_and_licensing/insurance_companies/producer_licensing,Insurance Regulation
247,Ethics & Claims,"If a client's claim is denied, what should an ethical producer generally do?",Help the client understand the denial reason and their appeal options under the policy,Tell the client nothing can be done,Advise the client to falsify additional documentation,Ignore the client's follow-up questions,A,"Producers should help clients understand policy provisions and any available appeal or dispute resolution process, maintaining honesty and support throughout.",https://www.dfs.ny.gov/apps_and_licensing/insurance_companies/producer_licensing,Insurance Regulation
